etiqueta,especie,supercategory,kingdom,phylum,class,order,family,genus
0,Lumbricus terrestris,Animalia,Animalia,Annelida,Clitellata,Haplotaxida,Lumbricidae,Lumbricus
1,Sabella spallanzanii,Animalia,Animalia,Annelida,Polychaeta,Sabellida,Sabellidae,Sabella
2,Serpula columbiana,Animalia,Animalia,Annelida,Polychaeta,Sabellida,Serpulidae,Serpula
3,Spirobranchus cariniferus,Animalia,Animalia,Annelida,Polychaeta,Sabellida,Serpulidae,Spirobranchus
4,Eratigena duellica,Arachnids,Animalia,Arthropoda,Arachnida,Araneae,Agelenidae,Eratigena
5,Atypoides riversi,Arachnids,Animalia,Arthropoda,Arachnida,Araneae,Antrodiaetidae,Atypoides
6,Aculepeira ceropegia,Arachnids,Animalia,Arthropoda,Arachnida,Araneae,Araneidae,Aculepeira
7,Agalenatea redii,Arachnids,Animalia,Arthropoda,Arachnida,Araneae,Araneidae,Agalenatea
8,Araneus bicentenarius,Arachnids,Animalia,Arthropoda,Arachnida,Araneae,Araneidae,Araneus
9,Araneus diadematus,Arachnids,Animalia,Arthropoda,Arachnida,Araneae,Araneidae,Araneus
10,Araneus marmoreus,Arachnids,Animalia,Arthropoda,Arachnida,Araneae,Araneidae,Araneus
11,Araneus quadratus,Arachnids,Animalia,Arthropoda,Arachnida,Araneae,Araneidae,Araneus
12,Araneus trifolium,Arachnids,Animalia,Arthropoda,Arachnida,Araneae,Araneidae,Araneus
13,Araniella displicata,Arachnids,Animalia,Arthropoda,Arachnida,Araneae,Araneidae,Araniella
14,Argiope appensa,Arachnids,Animalia,Arthropoda,Arachnida,Araneae,Araneidae,Argiope
15,Argiope argentata,Arachnids,Animalia,Arthropoda,Arachnida,Araneae,Araneidae,Argiope
16,Argiope aurantia,Arachnids,Animalia,Arthropoda,Arachnida,Araneae,Araneidae,Argiope
17,Argiope australis,Arachnids,Animalia,Arthropoda,Arachnida,Araneae,Araneidae,Argiope
18,Argiope bruennichi,Arachnids,Animalia,Arthropoda,Arachnida,Araneae,Araneidae,Argiope
19,Argiope keyserlingi,Arachnids,Animalia,Arthropoda,Arachnida,Araneae,Araneidae,Argiope
20,Argiope lobata,Arachnids,Animalia,Arthropoda,Arachnida,Araneae,Araneidae,Argiope
21,Argiope trifasciata,Arachnids,Animalia,Arthropoda,Arachnida,Araneae,Araneidae,Argiope
22,Austracantha minax,Arachnids,Animalia,Arthropoda,Arachnida,Araneae,Araneidae,Austracantha
23,Cyclosa conica,Arachnids,Animalia,Arthropoda,Arachnida,Araneae,Araneidae,Cyclosa
24,Cyclosa turbinata,Arachnids,Animalia,Arthropoda,Arachnida,Araneae,Araneidae,Cyclosa
25,Cyrtophora citricola,Arachnids,Animalia,Arthropoda,Arachnida,Araneae,Araneidae,Cyrtophora
26,Eriophora pustulosa,Arachnids,Animalia,Arthropoda,Arachnida,Araneae,Araneidae,Eriophora
27,Eriophora ravilla,Arachnids,Animalia,Arthropoda,Arachnida,Araneae,Araneidae,Eriophora
28,Gasteracantha cancriformis,Arachnids,Animalia,Arthropoda,Arachnida,Araneae,Araneidae,Gasteracantha
29,Gasteracantha kuhli,Arachnids,Animalia,Arthropoda,Arachnida,Araneae,Araneidae,Gasteracantha
30,Larinioides cornutus,Arachnids,Animalia,Arthropoda,Arachnida,Araneae,Araneidae,Larinioides
31,Mangora acalypha,Arachnids,Animalia,Arthropoda,Arachnida,Araneae,Araneidae,Mangora
32,Mangora placida,Arachnids,Animalia,Arthropoda,Arachnida,Araneae,Araneidae,Mangora
33,Mecynogea lemniscata,Arachnids,Animalia,Arthropoda,Arachnida,Araneae,Araneidae,Mecynogea
34,Micrathena gracilis,Arachnids,Animalia,Arthropoda,Arachnida,Araneae,Araneidae,Micrathena
35,Micrathena mitrata,Arachnids,Animalia,Arthropoda,Arachnida,Araneae,Araneidae,Micrathena
36,Micrathena sagittata,Arachnids,Animalia,Arthropoda,Arachnida,Araneae,Araneidae,Micrathena
37,Neoscona arabesca,Arachnids,Animalia,Arthropoda,Arachnida,Araneae,Araneidae,Neoscona
38,Neoscona crucifera,Arachnids,Animalia,Arthropoda,Arachnida,Araneae,Araneidae,Neoscona
39,Neoscona domiciliorum,Arachnids,Animalia,Arthropoda,Arachnida,Araneae,Araneidae,Neoscona
40,Neoscona oaxacensis,Arachnids,Animalia,Arthropoda,Arachnida,Araneae,Araneidae,Neoscona
41,Nephila pilipes,Arachnids,Animalia,Arthropoda,Arachnida,Araneae,Araneidae,Nephila
42,Nuctenea umbratica,Arachnids,Animalia,Arthropoda,Arachnida,Araneae,Araneidae,Nuctenea
43,Thelacantha brevispina,Arachnids,Animalia,Arthropoda,Arachnida,Araneae,Araneidae,Thelacantha
44,Trichonephila clavata,Arachnids,Animalia,Arthropoda,Arachnida,Araneae,Araneidae,Trichonephila
45,Trichonephila clavipes,Arachnids,Animalia,Arthropoda,Arachnida,Araneae,Araneidae,Trichonephila
46,Trichonephila edulis,Arachnids,Animalia,Arthropoda,Arachnida,Araneae,Araneidae,Trichonephila
47,Trichonephila fenestrata,Arachnids,Animalia,Arthropoda,Arachnida,Araneae,Araneidae,Trichonephila
48,Trichonephila plumipes,Arachnids,Animalia,Arthropoda,Arachnida,Araneae,Araneidae,Trichonephila
49,Verrucosa arenata,Arachnids,Animalia,Arthropoda,Arachnida,Araneae,Araneidae,Verrucosa
50,Zygiella x-notata,Arachnids,Animalia,Arthropoda,Arachnida,Araneae,Araneidae,Zygiella
51,Cheiracanthium mildei,Arachnids,Animalia,Arthropoda,Arachnida,Araneae,Cheiracanthiidae,Cheiracanthium
52,Nyssus coloripes,Arachnids,Animalia,Arthropoda,Arachnida,Araneae,Corinnidae,Nyssus
53,Badumna longinqua,Arachnids,Animalia,Arthropoda,Arachnida,Araneae,Desidae,Badumna
54,Dysdera crocata,Arachnids,Animalia,Arthropoda,Arachnida,Araneae,Dysderidae,Dysdera
55,Kukulcania hibernalis,Arachnids,Animalia,Arthropoda,Arachnida,Araneae,Filistatidae,Kukulcania
56,Herpyllus ecclesiasticus,Arachnids,Animalia,Arthropoda,Arachnida,Araneae,Gnaphosidae,Herpyllus
57,Frontinella pyramitela,Arachnids,Animalia,Arthropoda,Arachnida,Araneae,Linyphiidae,Frontinella
58,Neriene radiata,Arachnids,Animalia,Arthropoda,Arachnida,Araneae,Linyphiidae,Neriene
59,Hogna radiata,Arachnids,Animalia,Arthropoda,Arachnida,Araneae,Lycosidae,Hogna
60,Rabidosa rabida,Arachnids,Animalia,Arthropoda,Arachnida,Araneae,Lycosidae,Rabidosa
61,Oxyopes salticus,Arachnids,Animalia,Arthropoda,Arachnida,Araneae,Oxyopidae,Oxyopes
62,Oxyopes scalaris,Arachnids,Animalia,Arthropoda,Arachnida,Araneae,Oxyopidae,Oxyopes
63,Peucetia viridans,Arachnids,Animalia,Arthropoda,Arachnida,Araneae,Oxyopidae,Peucetia
64,Holocnemus pluchei,Arachnids,Animalia,Arthropoda,Arachnida,Araneae,Pholcidae,Holocnemus
65,Pholcus phalangioides,Arachnids,Animalia,Arthropoda,Arachnida,Araneae,Pholcidae,Pholcus
66,Dolomedes albineus,Arachnids,Animalia,Arthropoda,Arachnida,Araneae,Pisauridae,Dolomedes
67,Dolomedes minor,Arachnids,Animalia,Arthropoda,Arachnida,Araneae,Pisauridae,Dolomedes
68,Dolomedes scriptus,Arachnids,Animalia,Arthropoda,Arachnida,Araneae,Pisauridae,Dolomedes
69,Dolomedes tenebrosus,Arachnids,Animalia,Arthropoda,Arachnida,Araneae,Pisauridae,Dolomedes
70,Dolomedes triton,Arachnids,Animalia,Arthropoda,Arachnida,Araneae,Pisauridae,Dolomedes
71,Pisaura mirabilis,Arachnids,Animalia,Arthropoda,Arachnida,Araneae,Pisauridae,Pisaura
72,Pisaurina mira,Arachnids,Animalia,Arthropoda,Arachnida,Araneae,Pisauridae,Pisaurina
73,Anasaitis canosa,Arachnids,Animalia,Arthropoda,Arachnida,Araneae,Salticidae,Anasaitis
74,Attulus fasciger,Arachnids,Animalia,Arthropoda,Arachnida,Araneae,Salticidae,Attulus
75,Colonus hesperus,Arachnids,Animalia,Arthropoda,Arachnida,Araneae,Salticidae,Colonus
76,Colonus sylvanus,Arachnids,Animalia,Arthropoda,Arachnida,Araneae,Salticidae,Colonus
77,Eris militaris,Arachnids,Animalia,Arthropoda,Arachnida,Araneae,Salticidae,Eris
78,Hasarius adansoni,Arachnids,Animalia,Arthropoda,Arachnida,Araneae,Salticidae,Hasarius
79,Helpis minitabunda,Arachnids,Animalia,Arthropoda,Arachnida,Araneae,Salticidae,Helpis
80,Hentzia mitrata,Arachnids,Animalia,Arthropoda,Arachnida,Araneae,Salticidae,Hentzia
81,Hentzia palmarum,Arachnids,Animalia,Arthropoda,Arachnida,Araneae,Salticidae,Hentzia
82,Hypoblemum griseum,Arachnids,Animalia,Arthropoda,Arachnida,Araneae,Salticidae,Hypoblemum
83,Lyssomanes viridis,Arachnids,Animalia,Arthropoda,Arachnida,Araneae,Salticidae,Lyssomanes
84,Maevia inclemens,Arachnids,Animalia,Arthropoda,Arachnida,Araneae,Salticidae,Maevia
85,Marpissa muscosa,Arachnids,Animalia,Arthropoda,Arachnida,Araneae,Salticidae,Marpissa
86,Menemerus bivittatus,Arachnids,Animalia,Arthropoda,Arachnida,Araneae,Salticidae,Menemerus
87,Menemerus semilimbatus,Arachnids,Animalia,Arthropoda,Arachnida,Araneae,Salticidae,Menemerus
88,Metacyrba taeniola,Arachnids,Animalia,Arthropoda,Arachnida,Araneae,Salticidae,Metacyrba
89,Naphrys pulex,Arachnids,Animalia,Arthropoda,Arachnida,Araneae,Salticidae,Naphrys
90,Paraphidippus aurantius,Arachnids,Animalia,Arthropoda,Arachnida,Araneae,Salticidae,Paraphidippus
91,Pelegrina galathea,Arachnids,Animalia,Arthropoda,Arachnida,Araneae,Salticidae,Pelegrina
92,Phidippus audax,Arachnids,Animalia,Arthropoda,Arachnida,Araneae,Salticidae,Phidippus
93,Phidippus clarus,Arachnids,Animalia,Arthropoda,Arachnida,Araneae,Salticidae,Phidippus
94,Phidippus johnsoni,Arachnids,Animalia,Arthropoda,Arachnida,Araneae,Salticidae,Phidippus
95,Philaeus chrysops,Arachnids,Animalia,Arthropoda,Arachnida,Araneae,Salticidae,Philaeus
96,Platycryptus undatus,Arachnids,Animalia,Arthropoda,Arachnida,Araneae,Salticidae,Platycryptus
97,Plexippus paykulli,Arachnids,Animalia,Arthropoda,Arachnida,Araneae,Salticidae,Plexippus
98,Salticus scenicus,Arachnids,Animalia,Arthropoda,Arachnida,Araneae,Salticidae,Salticus
99,Sassacus vitis,Arachnids,Animalia,Arthropoda,Arachnida,Araneae,Salticidae,Sassacus
100,Trite auricoma,Arachnids,Animalia,Arthropoda,Arachnida,Araneae,Salticidae,Trite
101,Trite planiceps,Arachnids,Animalia,Arthropoda,Arachnida,Araneae,Salticidae,Trite
102,Loxosceles reclusa,Arachnids,Animalia,Arthropoda,Arachnida,Araneae,Sicariidae,Loxosceles
103,Heteropoda venatoria,Arachnids,Animalia,Arthropoda,Arachnida,Araneae,Sparassidae,Heteropoda
104,Micrommata virescens,Arachnids,Animalia,Arthropoda,Arachnida,Araneae,Sparassidae,Micrommata
105,Olios giganteus,Arachnids,Animalia,Arthropoda,Arachnida,Araneae,Sparassidae,Olios
106,Leucauge argyra,Arachnids,Animalia,Arthropoda,Arachnida,Araneae,Tetragnathidae,Leucauge
107,Leucauge argyrobapta,Arachnids,Animalia,Arthropoda,Arachnida,Araneae,Tetragnathidae,Leucauge
108,Leucauge venusta,Arachnids,Animalia,Arthropoda,Arachnida,Araneae,Tetragnathidae,Leucauge
109,Aphonopelma chalcodes,Arachnids,Animalia,Arthropoda,Arachnida,Araneae,Theraphosidae,Aphonopelma
110,Aphonopelma eutylenum,Arachnids,Animalia,Arthropoda,Arachnida,Araneae,Theraphosidae,Aphonopelma
111,Aphonopelma hentzi,Arachnids,Animalia,Arthropoda,Arachnida,Araneae,Theraphosidae,Aphonopelma
112,Aphonopelma iodius,Arachnids,Animalia,Arthropoda,Arachnida,Araneae,Theraphosidae,Aphonopelma
113,Enoplognatha ovata,Arachnids,Animalia,Arthropoda,Arachnida,Araneae,Theridiidae,Enoplognatha
114,Latrodectus geometricus,Arachnids,Animalia,Arthropoda,Arachnida,Araneae,Theridiidae,Latrodectus
115,Latrodectus hasselti,Arachnids,Animalia,Arthropoda,Arachnida,Araneae,Theridiidae,Latrodectus
116,Latrodectus hesperus,Arachnids,Animalia,Arthropoda,Arachnida,Araneae,Theridiidae,Latrodectus
117,Latrodectus katipo,Arachnids,Animalia,Arthropoda,Arachnida,Araneae,Theridiidae,Latrodectus
118,Latrodectus mactans,Arachnids,Animalia,Arthropoda,Arachnida,Araneae,Theridiidae,Latrodectus
119,Latrodectus variolus,Arachnids,Animalia,Arthropoda,Arachnida,Araneae,Theridiidae,Latrodectus
120,Parasteatoda tepidariorum,Arachnids,Animalia,Arthropoda,Arachnida,Araneae,Theridiidae,Parasteatoda
121,Steatoda capensis,Arachnids,Animalia,Arthropoda,Arachnida,Araneae,Theridiidae,Steatoda
122,Steatoda grossa,Arachnids,Animalia,Arthropoda,Arachnida,Araneae,Theridiidae,Steatoda
123,Steatoda nobilis,Arachnids,Animalia,Arthropoda,Arachnida,Araneae,Theridiidae,Steatoda
124,Steatoda triangulosa,Arachnids,Animalia,Arthropoda,Arachnida,Araneae,Theridiidae,Steatoda
125,Misumena vatia,Arachnids,Animalia,Arthropoda,Arachnida,Araneae,Thomisidae,Misumena
126,Misumenoides formosipes,Arachnids,Animalia,Arthropoda,Arachnida,Araneae,Thomisidae,Misumenoides
127,Sidymella trapezia,Arachnids,Animalia,Arthropoda,Arachnida,Araneae,Thomisidae,Sidymella
128,Synema globosum,Arachnids,Animalia,Arthropoda,Arachnida,Araneae,Thomisidae,Synema
129,Thomisus onustus,Arachnids,Animalia,Arthropoda,Arachnida,Araneae,Thomisidae,Thomisus
130,Zoropsis spinimana,Arachnids,Animalia,Arthropoda,Arachnida,Araneae,Zoropsidae,Zoropsis
131,Aceria parulmi,Arachnids,Animalia,Arthropoda,Arachnida,Endeostigmata,Eriophyidae,Aceria
132,Aculops rhois,Arachnids,Animalia,Arthropoda,Arachnida,Endeostigmata,Eriophyidae,Aculops
133,Aculus tetanothrix,Arachnids,Animalia,Arthropoda,Arachnida,Endeostigmata,Eriophyidae,Aculus
134,Eriophyes cerasicrumena,Arachnids,Animalia,Arthropoda,Arachnida,Endeostigmata,Eriophyidae,Eriophyes
135,Eriophyes tiliae,Arachnids,Animalia,Arthropoda,Arachnida,Endeostigmata,Eriophyidae,Eriophyes
136,Vasates quadripedes,Arachnids,Animalia,Arthropoda,Arachnida,Endeostigmata,Eriophyidae,Vasates
137,Amblyomma americanum,Arachnids,Animalia,Arthropoda,Arachnida,Ixodida,Ixodidae,Amblyomma
138,Dermacentor occidentalis,Arachnids,Animalia,Arthropoda,Arachnida,Ixodida,Ixodidae,Dermacentor
139,Dermacentor variabilis,Arachnids,Animalia,Arthropoda,Arachnida,Ixodida,Ixodidae,Dermacentor
140,Ixodes pacificus,Arachnids,Animalia,Arthropoda,Arachnida,Ixodida,Ixodidae,Ixodes
141,Ixodes ricinus,Arachnids,Animalia,Arthropoda,Arachnida,Ixodida,Ixodidae,Ixodes
142,Ixodes scapularis,Arachnids,Animalia,Arthropoda,Arachnida,Ixodida,Ixodidae,Ixodes
143,Mitopus morio,Arachnids,Animalia,Arthropoda,Arachnida,Opiliones,Phalangiidae,Mitopus
144,Opilio canestrinii,Arachnids,Animalia,Arthropoda,Arachnida,Opiliones,Phalangiidae,Opilio
145,Phalangium opilio,Arachnids,Animalia,Arthropoda,Arachnida,Opiliones,Phalangiidae,Phalangium
146,Leiobunum rotundum,Arachnids,Animalia,Arthropoda,Arachnida,Opiliones,Sclerosomatidae,Leiobunum
147,Leiobunum townsendi,Arachnids,Animalia,Arthropoda,Arachnida,Opiliones,Sclerosomatidae,Leiobunum
148,Leiobunum vittatum,Arachnids,Animalia,Arthropoda,Arachnida,Opiliones,Sclerosomatidae,Leiobunum
149,Centruroides sculpturatus,Arachnids,Animalia,Arthropoda,Arachnida,Scorpiones,Buthidae,Centruroides
150,Centruroides vittatus,Arachnids,Animalia,Arthropoda,Arachnida,Scorpiones,Buthidae,Centruroides
151,Hadrurus arizonensis,Arachnids,Animalia,Arthropoda,Arachnida,Scorpiones,Caraboctonidae,Hadrurus
152,Paravaejovis puritanus,Arachnids,Animalia,Arthropoda,Arachnida,Scorpiones,Vaejovidae,Paravaejovis
153,Paravaejovis spinigerus,Arachnids,Animalia,Arthropoda,Arachnida,Scorpiones,Vaejovidae,Paravaejovis
154,Paruroctonus silvestrii,Arachnids,Animalia,Arthropoda,Arachnida,Scorpiones,Vaejovidae,Paruroctonus
155,Uroctonus mordax,Arachnids,Animalia,Arthropoda,Arachnida,Scorpiones,Vaejovidae,Uroctonus
156,Vaejovis carolinianus,Arachnids,Animalia,Arthropoda,Arachnida,Scorpiones,Vaejovidae,Vaejovis
157,Hemiscolopendra marginata,Animalia,Animalia,Arthropoda,Chilopoda,Scolopendromorpha,Scolopendridae,Hemiscolopendra
158,Scolopendra cingulata,Animalia,Animalia,Arthropoda,Chilopoda,Scolopendromorpha,Scolopendridae,Scolopendra
159,Scolopendra heros,Animalia,Animalia,Arthropoda,Chilopoda,Scolopendromorpha,Scolopendridae,Scolopendra
160,Scolopendra polymorpha,Animalia,Animalia,Arthropoda,Chilopoda,Scolopendromorpha,Scolopendridae,Scolopendra
161,Scutigera coleoptrata,Animalia,Animalia,Arthropoda,Chilopoda,Scutigeromorpha,Scutigeridae,Scutigera
162,Ommatoiulus moreleti,Animalia,Animalia,Arthropoda,Diplopoda,Julida,Julidae,Ommatoiulus
163,Oxidus gracilis,Animalia,Animalia,Arthropoda,Diplopoda,Polydesmida,Paradoxosomatidae,Oxidus
164,Apheloria virginiensis,Animalia,Animalia,Arthropoda,Diplopoda,Polydesmida,Xystodesmidae,Apheloria
165,Harpaphe haydeniana,Animalia,Animalia,Arthropoda,Diplopoda,Polydesmida,Xystodesmidae,Harpaphe
166,Anadenobolus monilicornis,Animalia,Animalia,Arthropoda,Diplopoda,Spirobolida,Rhinocricidae,Anadenobolus
167,Trigoniulus corallinus,Animalia,Animalia,Arthropoda,Diplopoda,Spirobolida,Trigoniulidae,Trigoniulus
168,Lepas anatifera,Animalia,Animalia,Arthropoda,Hexanauplia,Lepadiformes,Lepadidae,Lepas
169,Lepas anserifera,Animalia,Animalia,Arthropoda,Hexanauplia,Lepadiformes,Lepadidae,Lepas
170,Pollicipes polymerus,Animalia,Animalia,Arthropoda,Hexanauplia,Scalpelliformes,Pollicipedidae,Pollicipes
171,Balanus glandula,Animalia,Animalia,Arthropoda,Hexanauplia,Sessilia,Balanidae,Balanus
172,Semibalanus balanoides,Animalia,Animalia,Arthropoda,Hexanauplia,Sessilia,Balanidae,Semibalanus
173,Semibalanus cariosus,Animalia,Animalia,Arthropoda,Hexanauplia,Sessilia,Balanidae,Semibalanus
174,Tetraclita rubescens,Animalia,Animalia,Arthropoda,Hexanauplia,Sessilia,Tetraclitidae,Tetraclita
175,Aptera fusca,Insects,Animalia,Arthropoda,Insecta,Blattodea,Blaberidae,Aptera
176,Panchlora nivea,Insects,Animalia,Arthropoda,Insecta,Blattodea,Blaberidae,Panchlora
177,Pycnoscelus surinamensis,Insects,Animalia,Arthropoda,Insecta,Blattodea,Blaberidae,Pycnoscelus
178,Blatta orientalis,Insects,Animalia,Arthropoda,Insecta,Blattodea,Blattidae,Blatta
179,Periplaneta americana,Insects,Animalia,Arthropoda,Insecta,Blattodea,Blattidae,Periplaneta
180,Periplaneta australasiae,Insects,Animalia,Arthropoda,Insecta,Blattodea,Blattidae,Periplaneta
181,Periplaneta fuliginosa,Insects,Animalia,Arthropoda,Insecta,Blattodea,Blattidae,Periplaneta
182,Pseudomops septentrionalis,Insects,Animalia,Arthropoda,Insecta,Blattodea,Ectobiidae,Pseudomops
183,Arrhenodes minutus,Insects,Animalia,Arthropoda,Insecta,Coleoptera,Brentidae,Arrhenodes
184,Agrilus planipennis,Insects,Animalia,Arthropoda,Insecta,Coleoptera,Buprestidae,Agrilus
185,Buprestis aurulenta,Insects,Animalia,Arthropoda,Insecta,Coleoptera,Buprestidae,Buprestis
186,Euchroma giganteum,Insects,Animalia,Arthropoda,Insecta,Coleoptera,Buprestidae,Euchroma
187,Atalantycha bilineata,Insects,Animalia,Arthropoda,Insecta,Coleoptera,Cantharidae,Atalantycha
188,Cantharis fusca,Insects,Animalia,Arthropoda,Insecta,Coleoptera,Cantharidae,Cantharis
189,Cantharis livida,Insects,Animalia,Arthropoda,Insecta,Coleoptera,Cantharidae,Cantharis
190,Cantharis rustica,Insects,Animalia,Arthropoda,Insecta,Coleoptera,Cantharidae,Cantharis
191,Chauliognathus basalis,Insects,Animalia,Arthropoda,Insecta,Coleoptera,Cantharidae,Chauliognathus
192,Chauliognathus marginatus,Insects,Animalia,Arthropoda,Insecta,Coleoptera,Cantharidae,Chauliognathus
193,Chauliognathus pensylvanicus,Insects,Animalia,Arthropoda,Insecta,Coleoptera,Cantharidae,Chauliognathus
194,Rhagonycha fulva,Insects,Animalia,Arthropoda,Insecta,Coleoptera,Cantharidae,Rhagonycha
195,Calosoma scrutator,Insects,Animalia,Arthropoda,Insecta,Coleoptera,Carabidae,Calosoma
196,Carabus coriaceus,Insects,Animalia,Arthropoda,Insecta,Coleoptera,Carabidae,Carabus
197,Carabus granulatus,Insects,Animalia,Arthropoda,Insecta,Coleoptera,Carabidae,Carabus
198,Carabus nemoralis,Insects,Animalia,Arthropoda,Insecta,Coleoptera,Carabidae,Carabus
199,Cicindela aurulenta,Insects,Animalia,Arthropoda,Insecta,Coleoptera,Carabidae,Cicindela
200,Cicindela campestris,Insects,Animalia,Arthropoda,Insecta,Coleoptera,Carabidae,Cicindela
201,Cicindela duodecimguttata,Insects,Animalia,Arthropoda,Insecta,Coleoptera,Carabidae,Cicindela
202,Cicindela formosa,Insects,Animalia,Arthropoda,Insecta,Coleoptera,Carabidae,Cicindela
203,Cicindela hirticollis,Insects,Animalia,Arthropoda,Insecta,Coleoptera,Carabidae,Cicindela
204,Cicindela hybrida,Insects,Animalia,Arthropoda,Insecta,Coleoptera,Carabidae,Cicindela
205,Cicindela longilabris,Insects,Animalia,Arthropoda,Insecta,Coleoptera,Carabidae,Cicindela
206,Cicindela ocellata,Insects,Animalia,Arthropoda,Insecta,Coleoptera,Carabidae,Cicindela
207,Cicindela oregona,Insects,Animalia,Arthropoda,Insecta,Coleoptera,Carabidae,Cicindela
208,Cicindela punctulata,Insects,Animalia,Arthropoda,Insecta,Coleoptera,Carabidae,Cicindela
209,Cicindela purpurea,Insects,Animalia,Arthropoda,Insecta,Coleoptera,Carabidae,Cicindela
210,Cicindela repanda,Insects,Animalia,Arthropoda,Insecta,Coleoptera,Carabidae,Cicindela
211,Cicindela scutellaris,Insects,Animalia,Arthropoda,Insecta,Coleoptera,Carabidae,Cicindela
212,Cicindela sexguttata,Insects,Animalia,Arthropoda,Insecta,Coleoptera,Carabidae,Cicindela
213,Cicindela tranquebarica,Insects,Animalia,Arthropoda,Insecta,Coleoptera,Carabidae,Cicindela
214,Cicindela trifasciata,Insects,Animalia,Arthropoda,Insecta,Coleoptera,Carabidae,Cicindela
215,Harpalus rufipes,Insects,Animalia,Arthropoda,Insecta,Coleoptera,Carabidae,Harpalus
216,Scaphinotus angusticollis,Insects,Animalia,Arthropoda,Insecta,Coleoptera,Carabidae,Scaphinotus
217,Scarites subterraneus,Insects,Animalia,Arthropoda,Insecta,Coleoptera,Carabidae,Scarites
218,Tetracha carolina,Insects,Animalia,Arthropoda,Insecta,Coleoptera,Carabidae,Tetracha
219,Agapanthia villosoviridescens,Insects,Animalia,Arthropoda,Insecta,Coleoptera,Cerambycidae,Agapanthia
220,Analeptura lineola,Insects,Animalia,Arthropoda,Insecta,Coleoptera,Cerambycidae,Analeptura
221,Aromia moschata,Insects,Animalia,Arthropoda,Insecta,Coleoptera,Cerambycidae,Aromia
222,Cerambyx scopolii,Insects,Animalia,Arthropoda,Insecta,Coleoptera,Cerambycidae,Cerambyx
223,Clytus arietis,Insects,Animalia,Arthropoda,Insecta,Coleoptera,Cerambycidae,Clytus
224,Clytus ruricola,Insects,Animalia,Arthropoda,Insecta,Coleoptera,Cerambycidae,Clytus
225,Dendrobias mandibularis,Insects,Animalia,Arthropoda,Insecta,Coleoptera,Cerambycidae,Dendrobias
226,Desmocerus palliatus,Insects,Animalia,Arthropoda,Insecta,Coleoptera,Cerambycidae,Desmocerus
227,Eburia quadrigeminata,Insects,Animalia,Arthropoda,Insecta,Coleoptera,Cerambycidae,Eburia
228,Elaphidion mucronatum,Insects,Animalia,Arthropoda,Insecta,Coleoptera,Cerambycidae,Elaphidion
229,Graphisurus fasciatus,Insects,Animalia,Arthropoda,Insecta,Coleoptera,Cerambycidae,Graphisurus
230,Knulliana cincta,Insects,Animalia,Arthropoda,Insecta,Coleoptera,Cerambycidae,Knulliana
231,Leptura quadrifasciata,Insects,Animalia,Arthropoda,Insecta,Coleoptera,Cerambycidae,Leptura
232,Lepturobosca chrysocoma,Insects,Animalia,Arthropoda,Insecta,Coleoptera,Cerambycidae,Lepturobosca
233,Mallodon dasystomus,Insects,Animalia,Arthropoda,Insecta,Coleoptera,Cerambycidae,Mallodon
234,Megacyllene robiniae,Insects,Animalia,Arthropoda,Insecta,Coleoptera,Cerambycidae,Megacyllene
235,Monochamus clamator,Insects,Animalia,Arthropoda,Insecta,Coleoptera,Cerambycidae,Monochamus
236,Monochamus notatus,Insects,Animalia,Arthropoda,Insecta,Coleoptera,Cerambycidae,Monochamus
237,Monochamus scutellatus,Insects,Animalia,Arthropoda,Insecta,Coleoptera,Cerambycidae,Monochamus
238,Morimus asper,Insects,Animalia,Arthropoda,Insecta,Coleoptera,Cerambycidae,Morimus
239,Neoclytus acuminatus,Insects,Animalia,Arthropoda,Insecta,Coleoptera,Cerambycidae,Neoclytus
240,Orthosoma brunneum,Insects,Animalia,Arthropoda,Insecta,Coleoptera,Cerambycidae,Orthosoma
241,Plectrodera scalator,Insects,Animalia,Arthropoda,Insecta,Coleoptera,Cerambycidae,Plectrodera
242,Prionoplus reticularis,Insects,Animalia,Arthropoda,Insecta,Coleoptera,Cerambycidae,Prionoplus
243,Prionus californicus,Insects,Animalia,Arthropoda,Insecta,Coleoptera,Cerambycidae,Prionus
244,Prionus coriarius,Insects,Animalia,Arthropoda,Insecta,Coleoptera,Cerambycidae,Prionus
245,Prionus imbricornis,Insects,Animalia,Arthropoda,Insecta,Coleoptera,Cerambycidae,Prionus
246,Prionus laticollis,Insects,Animalia,Arthropoda,Insecta,Coleoptera,Cerambycidae,Prionus
247,Pseudovadonia livida,Insects,Animalia,Arthropoda,Insecta,Coleoptera,Cerambycidae,Pseudovadonia
248,Rhagium inquisitor,Insects,Animalia,Arthropoda,Insecta,Coleoptera,Cerambycidae,Rhagium
249,Rhagium mordax,Insects,Animalia,Arthropoda,Insecta,Coleoptera,Cerambycidae,Rhagium
250,Rosalia funebris,Insects,Animalia,Arthropoda,Insecta,Coleoptera,Cerambycidae,Rosalia
251,Rutpela maculata,Insects,Animalia,Arthropoda,Insecta,Coleoptera,Cerambycidae,Rutpela
252,Sphaenothecus bilineatus,Insects,Animalia,Arthropoda,Insecta,Coleoptera,Cerambycidae,Sphaenothecus
253,Stenurella melanura,Insects,Animalia,Arthropoda,Insecta,Coleoptera,Cerambycidae,Stenurella
254,Stictoleptura canadensis,Insects,Animalia,Arthropoda,Insecta,Coleoptera,Cerambycidae,Stictoleptura
255,Stictoleptura rubra,Insects,Animalia,Arthropoda,Insecta,Coleoptera,Cerambycidae,Stictoleptura
256,Strangalepta abbreviata,Insects,Animalia,Arthropoda,Insecta,Coleoptera,Cerambycidae,Strangalepta
257,Strangalia luteicornis,Insects,Animalia,Arthropoda,Insecta,Coleoptera,Cerambycidae,Strangalia
258,Tetraopes femoratus,Insects,Animalia,Arthropoda,Insecta,Coleoptera,Cerambycidae,Tetraopes
259,Tetraopes tetrophthalmus,Insects,Animalia,Arthropoda,Insecta,Coleoptera,Cerambycidae,Tetraopes
260,Trichocnemis spiculatus,Insects,Animalia,Arthropoda,Insecta,Coleoptera,Cerambycidae,Trichocnemis
261,Typocerus velutinus,Insects,Animalia,Arthropoda,Insecta,Coleoptera,Cerambycidae,Typocerus
262,Typocerus zebra,Insects,Animalia,Arthropoda,Insecta,Coleoptera,Cerambycidae,Typocerus
263,Xylotrechus colonus,Insects,Animalia,Arthropoda,Insecta,Coleoptera,Cerambycidae,Xylotrechus
264,Acalymma vittatum,Insects,Animalia,Arthropoda,Insecta,Coleoptera,Chrysomelidae,Acalymma
265,Agelastica alni,Insects,Animalia,Arthropoda,Insecta,Coleoptera,Chrysomelidae,Agelastica
266,Anomoea laticlavia,Insects,Animalia,Arthropoda,Insecta,Coleoptera,Chrysomelidae,Anomoea
267,Aspidimorpha miliaris,Insects,Animalia,Arthropoda,Insecta,Coleoptera,Chrysomelidae,Aspidimorpha
268,Cassida rubiginosa,Insects,Animalia,Arthropoda,Insecta,Coleoptera,Chrysomelidae,Cassida
269,Cerotoma trifurcata,Insects,Animalia,Arthropoda,Insecta,Coleoptera,Chrysomelidae,Cerotoma
270,Charidotella sexpunctata,Insects,Animalia,Arthropoda,Insecta,Coleoptera,Chrysomelidae,Charidotella
271,Chrysochus auratus,Insects,Animalia,Arthropoda,Insecta,Coleoptera,Chrysomelidae,Chrysochus
272,Chrysochus cobaltinus,Insects,Animalia,Arthropoda,Insecta,Coleoptera,Chrysomelidae,Chrysochus
273,Chrysolina americana,Insects,Animalia,Arthropoda,Insecta,Coleoptera,Chrysomelidae,Chrysolina
274,Chrysolina bankii,Insects,Animalia,Arthropoda,Insecta,Coleoptera,Chrysomelidae,Chrysolina
275,Chrysolina fastuosa,Insects,Animalia,Arthropoda,Insecta,Coleoptera,Chrysomelidae,Chrysolina
276,Chrysomela populi,Insects,Animalia,Arthropoda,Insecta,Coleoptera,Chrysomelidae,Chrysomela
277,Chrysomela scripta,Insects,Animalia,Arthropoda,Insecta,Coleoptera,Chrysomelidae,Chrysomela
278,Chrysomela vigintipunctata,Insects,Animalia,Arthropoda,Insecta,Coleoptera,Chrysomelidae,Chrysomela
279,Clytra laeviuscula,Insects,Animalia,Arthropoda,Insecta,Coleoptera,Chrysomelidae,Clytra
280,Deloyala guttata,Insects,Animalia,Arthropoda,Insecta,Coleoptera,Chrysomelidae,Deloyala
281,Diabrotica balteata,Insects,Animalia,Arthropoda,Insecta,Coleoptera,Chrysomelidae,Diabrotica
282,Diabrotica undecimpunctata,Insects,Animalia,Arthropoda,Insecta,Coleoptera,Chrysomelidae,Diabrotica
283,Disonycha glabrata,Insects,Animalia,Arthropoda,Insecta,Coleoptera,Chrysomelidae,Disonycha
284,Galeruca tanaceti,Insects,Animalia,Arthropoda,Insecta,Coleoptera,Chrysomelidae,Galeruca
285,Gastrophysa viridula,Insects,Animalia,Arthropoda,Insecta,Coleoptera,Chrysomelidae,Gastrophysa
286,Helocassis clavata,Insects,Animalia,Arthropoda,Insecta,Coleoptera,Chrysomelidae,Helocassis
287,Labidomera clivicollis,Insects,Animalia,Arthropoda,Insecta,Coleoptera,Chrysomelidae,Labidomera
288,Lema daturaphila,Insects,Animalia,Arthropoda,Insecta,Coleoptera,Chrysomelidae,Lema
289,Leptinotarsa decemlineata,Insects,Animalia,Arthropoda,Insecta,Coleoptera,Chrysomelidae,Leptinotarsa
290,Leptinotarsa juncta,Insects,Animalia,Arthropoda,Insecta,Coleoptera,Chrysomelidae,Leptinotarsa
291,Lilioceris lilii,Insects,Animalia,Arthropoda,Insecta,Coleoptera,Chrysomelidae,Lilioceris
292,Omophoita cyanipennis,Insects,Animalia,Arthropoda,Insecta,Coleoptera,Chrysomelidae,Omophoita
293,Ophraella communa,Insects,Animalia,Arthropoda,Insecta,Coleoptera,Chrysomelidae,Ophraella
294,Plagiodera versicolora,Insects,Animalia,Arthropoda,Insecta,Coleoptera,Chrysomelidae,Plagiodera
295,Timarcha tenebricosa,Insects,Animalia,Arthropoda,Insecta,Coleoptera,Chrysomelidae,Timarcha
296,Trachymela sloanei,Insects,Animalia,Arthropoda,Insecta,Coleoptera,Chrysomelidae,Trachymela
297,Xanthogaleruca luteola,Insects,Animalia,Arthropoda,Insecta,Coleoptera,Chrysomelidae,Xanthogaleruca
298,Zygogramma signatipennis,Insects,Animalia,Arthropoda,Insecta,Coleoptera,Chrysomelidae,Zygogramma
299,Trichodes alvearius,Insects,Animalia,Arthropoda,Insecta,Coleoptera,Cleridae,Trichodes
300,Trichodes apiarius,Insects,Animalia,Arthropoda,Insecta,Coleoptera,Cleridae,Trichodes
301,Trichodes ornatus,Insects,Animalia,Arthropoda,Insecta,Coleoptera,Cleridae,Trichodes
302,Adalia bipunctata,Insects,Animalia,Arthropoda,Insecta,Coleoptera,Coccinellidae,Adalia
303,Adalia decempunctata,Insects,Animalia,Arthropoda,Insecta,Coleoptera,Coccinellidae,Adalia
304,Anatis ocellata,Insects,Animalia,Arthropoda,Insecta,Coleoptera,Coccinellidae,Anatis
305,Calvia quatuordecimguttata,Insects,Animalia,Arthropoda,Insecta,Coleoptera,Coccinellidae,Calvia
306,Cheilomenes lunata,Insects,Animalia,Arthropoda,Insecta,Coleoptera,Coccinellidae,Cheilomenes
307,Cheilomenes sexmaculata,Insects,Animalia,Arthropoda,Insecta,Coleoptera,Coccinellidae,Cheilomenes
308,Chilocorus stigma,Insects,Animalia,Arthropoda,Insecta,Coleoptera,Coccinellidae,Chilocorus
309,Coccinella californica,Insects,Animalia,Arthropoda,Insecta,Coleoptera,Coccinellidae,Coccinella
310,Coccinella septempunctata,Insects,Animalia,Arthropoda,Insecta,Coleoptera,Coccinellidae,Coccinella
311,Coccinella transversalis,Insects,Animalia,Arthropoda,Insecta,Coleoptera,Coccinellidae,Coccinella
312,Coccinella trifasciata,Insects,Animalia,Arthropoda,Insecta,Coleoptera,Coccinellidae,Coccinella
313,Coccinella undecimpunctata,Insects,Animalia,Arthropoda,Insecta,Coleoptera,Coccinellidae,Coccinella
314,Coelophora inaequalis,Insects,Animalia,Arthropoda,Insecta,Coleoptera,Coccinellidae,Coelophora
315,Coleomegilla maculata,Insects,Animalia,Arthropoda,Insecta,Coleoptera,Coccinellidae,Coleomegilla
316,Cryptolaemus montrouzieri,Insects,Animalia,Arthropoda,Insecta,Coleoptera,Coccinellidae,Cryptolaemus
317,Cycloneda munda,Insects,Animalia,Arthropoda,Insecta,Coleoptera,Coccinellidae,Cycloneda
318,Cycloneda polita,Insects,Animalia,Arthropoda,Insecta,Coleoptera,Coccinellidae,Cycloneda
319,Cycloneda sanguinea,Insects,Animalia,Arthropoda,Insecta,Coleoptera,Coccinellidae,Cycloneda
320,Epilachna mexicana,Insects,Animalia,Arthropoda,Insecta,Coleoptera,Coccinellidae,Epilachna
321,Exochomus quadripustulatus,Insects,Animalia,Arthropoda,Insecta,Coleoptera,Coccinellidae,Exochomus
322,Halmus chalybeus,Insects,Animalia,Arthropoda,Insecta,Coleoptera,Coccinellidae,Halmus
323,Halyzia sedecimguttata,Insects,Animalia,Arthropoda,Insecta,Coleoptera,Coccinellidae,Halyzia
324,Harmonia axyridis,Insects,Animalia,Arthropoda,Insecta,Coleoptera,Coccinellidae,Harmonia
325,Harmonia conformis,Insects,Animalia,Arthropoda,Insecta,Coleoptera,Coccinellidae,Harmonia
326,Henosepilachna vigintioctopunctata,Insects,Animalia,Arthropoda,Insecta,Coleoptera,Coccinellidae,Henosepilachna
327,Hippodamia convergens,Insects,Animalia,Arthropoda,Insecta,Coleoptera,Coccinellidae,Hippodamia
328,Hippodamia variegata,Insects,Animalia,Arthropoda,Insecta,Coleoptera,Coccinellidae,Hippodamia
329,Illeis galbula,Insects,Animalia,Arthropoda,Insecta,Coleoptera,Coccinellidae,Illeis
330,Olla v-nigrum,Insects,Animalia,Arthropoda,Insecta,Coleoptera,Coccinellidae,Olla
331,Propylea quatuordecimpunctata,Insects,Animalia,Arthropoda,Insecta,Coleoptera,Coccinellidae,Propylea
332,Psyllobora vigintiduopunctata,Insects,Animalia,Arthropoda,Insecta,Coleoptera,Coccinellidae,Psyllobora
333,Psyllobora vigintimaculata,Insects,Animalia,Arthropoda,Insecta,Coleoptera,Coccinellidae,Psyllobora
334,Cactophagus spinolae,Insects,Animalia,Arthropoda,Insecta,Coleoptera,Curculionidae,Cactophagus
335,Cyrtepistomus castaneus,Insects,Animalia,Arthropoda,Insecta,Coleoptera,Curculionidae,Cyrtepistomus
336,Diaprepes abbreviatus,Insects,Animalia,Arthropoda,Insecta,Coleoptera,Curculionidae,Diaprepes
337,Larinus carlinae,Insects,Animalia,Arthropoda,Insecta,Coleoptera,Curculionidae,Larinus
338,Otiorhynchus sulcatus,Insects,Animalia,Arthropoda,Insecta,Coleoptera,Curculionidae,Otiorhynchus
339,Pantomorus cervinus,Insects,Animalia,Arthropoda,Insecta,Coleoptera,Curculionidae,Pantomorus
340,Phyllobius pomaceus,Insects,Animalia,Arthropoda,Insecta,Coleoptera,Curculionidae,Phyllobius
341,Polydrusus formosus,Insects,Animalia,Arthropoda,Insecta,Coleoptera,Curculionidae,Polydrusus
342,Rhodobaenus quinquepunctatus,Insects,Animalia,Arthropoda,Insecta,Coleoptera,Curculionidae,Rhodobaenus
343,Rhynchophorus ferrugineus,Insects,Animalia,Arthropoda,Insecta,Coleoptera,Curculionidae,Rhynchophorus
344,Anthrenus verbasci,Insects,Animalia,Arthropoda,Insecta,Coleoptera,Dermestidae,Anthrenus
345,Dermestes lardarius,Insects,Animalia,Arthropoda,Insecta,Coleoptera,Dermestidae,Dermestes
346,Agrypnus murinus,Insects,Animalia,Arthropoda,Insecta,Coleoptera,Elateridae,Agrypnus
347,Alaus lusciosus,Insects,Animalia,Arthropoda,Insecta,Coleoptera,Elateridae,Alaus
348,Alaus oculatus,Insects,Animalia,Arthropoda,Insecta,Coleoptera,Elateridae,Alaus
349,Cypherotylus californicus,Insects,Animalia,Arthropoda,Insecta,Coleoptera,Erotylidae,Cypherotylus
350,Megalodacne heros,Insects,Animalia,Arthropoda,Insecta,Coleoptera,Erotylidae,Megalodacne
351,Anoplotrupes stercorosus,Insects,Animalia,Arthropoda,Insecta,Coleoptera,Geotrupidae,Anoplotrupes
352,Trypocopris vernalis,Insects,Animalia,Arthropoda,Insecta,Coleoptera,Geotrupidae,Trypocopris
353,Ellychnia corrusca,Insects,Animalia,Arthropoda,Insecta,Coleoptera,Lampyridae,Ellychnia
354,Lampyris noctiluca,Insects,Animalia,Arthropoda,Insecta,Coleoptera,Lampyridae,Lampyris
355,Lucidota atra,Insects,Animalia,Arthropoda,Insecta,Coleoptera,Lampyridae,Lucidota
356,Photinus pyralis,Insects,Animalia,Arthropoda,Insecta,Coleoptera,Lampyridae,Photinus
357,Dorcus parallelipipedus,Insects,Animalia,Arthropoda,Insecta,Coleoptera,Lucanidae,Dorcus
358,Lucanus capreolus,Insects,Animalia,Arthropoda,Insecta,Coleoptera,Lucanidae,Lucanus
359,Lucanus cervus,Insects,Animalia,Arthropoda,Insecta,Coleoptera,Lucanidae,Lucanus
360,Lucanus elaphus,Insects,Animalia,Arthropoda,Insecta,Coleoptera,Lucanidae,Lucanus
361,Serrognathus titanus,Insects,Animalia,Arthropoda,Insecta,Coleoptera,Lucanidae,Serrognathus
362,Calopteron reticulatum,Insects,Animalia,Arthropoda,Insecta,Coleoptera,Lycidae,Calopteron
363,Calopteron terminale,Insects,Animalia,Arthropoda,Insecta,Coleoptera,Lycidae,Calopteron
364,Cysteodemus armatus,Insects,Animalia,Arthropoda,Insecta,Coleoptera,Meloidae,Cysteodemus
365,Epicauta pennsylvanica,Insects,Animalia,Arthropoda,Insecta,Coleoptera,Meloidae,Epicauta
366,Lytta magister,Insects,Animalia,Arthropoda,Insecta,Coleoptera,Meloidae,Lytta
367,Meloe proscarabaeus,Insects,Animalia,Arthropoda,Insecta,Coleoptera,Meloidae,Meloe
368,Meloe violaceus,Insects,Animalia,Arthropoda,Insecta,Coleoptera,Meloidae,Meloe
369,Malachius bipustulatus,Insects,Animalia,Arthropoda,Insecta,Coleoptera,Melyridae,Malachius
370,Oedemera femorata,Insects,Animalia,Arthropoda,Insecta,Coleoptera,Oedemeridae,Oedemera
371,Oedemera nobilis,Insects,Animalia,Arthropoda,Insecta,Coleoptera,Oedemeridae,Oedemera
372,Odontotaenius disjunctus,Insects,Animalia,Arthropoda,Insecta,Coleoptera,Passalidae,Odontotaenius
373,Pyrochroa coccinea,Insects,Animalia,Arthropoda,Insecta,Coleoptera,Pyrochroidae,Pyrochroa
374,Pyrochroa serraticornis,Insects,Animalia,Arthropoda,Insecta,Coleoptera,Pyrochroidae,Pyrochroa
375,Amphimallon solstitiale,Insects,Animalia,Arthropoda,Insecta,Coleoptera,Scarabaeidae,Amphimallon
376,Callistethus marginatus,Insects,Animalia,Arthropoda,Insecta,Coleoptera,Scarabaeidae,Callistethus
377,Cetonia aurata,Insects,Animalia,Arthropoda,Insecta,Coleoptera,Scarabaeidae,Cetonia
378,Cotinis mutabilis,Insects,Animalia,Arthropoda,Insecta,Coleoptera,Scarabaeidae,Cotinis
379,Cotinis nitida,Insects,Animalia,Arthropoda,Insecta,Coleoptera,Scarabaeidae,Cotinis
380,Digitonthophagus gazella,Insects,Animalia,Arthropoda,Insecta,Coleoptera,Scarabaeidae,Digitonthophagus
381,Dynastes tityus,Insects,Animalia,Arthropoda,Insecta,Coleoptera,Scarabaeidae,Dynastes
382,Euphoria basalis,Insects,Animalia,Arthropoda,Insecta,Coleoptera,Scarabaeidae,Euphoria
383,Euphoria inda,Insects,Animalia,Arthropoda,Insecta,Coleoptera,Scarabaeidae,Euphoria
384,Euphoria kernii,Insects,Animalia,Arthropoda,Insecta,Coleoptera,Scarabaeidae,Euphoria
385,Euphoria sepulcralis,Insects,Animalia,Arthropoda,Insecta,Coleoptera,Scarabaeidae,Euphoria
386,Exomala orientalis,Insects,Animalia,Arthropoda,Insecta,Coleoptera,Scarabaeidae,Exomala
387,Macrodactylus subspinosus,Insects,Animalia,Arthropoda,Insecta,Coleoptera,Scarabaeidae,Macrodactylus
388,Melolontha melolontha,Insects,Animalia,Arthropoda,Insecta,Coleoptera,Scarabaeidae,Melolontha
389,Oryctes nasicornis,Insects,Animalia,Arthropoda,Insecta,Coleoptera,Scarabaeidae,Oryctes
390,Osmoderma scabra,Insects,Animalia,Arthropoda,Insecta,Coleoptera,Scarabaeidae,Osmoderma
391,Oxythyrea funesta,Insects,Animalia,Arthropoda,Insecta,Coleoptera,Scarabaeidae,Oxythyrea
392,Pelidnota punctata,Insects,Animalia,Arthropoda,Insecta,Coleoptera,Scarabaeidae,Pelidnota
393,Phanaeus vindex,Insects,Animalia,Arthropoda,Insecta,Coleoptera,Scarabaeidae,Phanaeus
394,Phyllopertha horticola,Insects,Animalia,Arthropoda,Insecta,Coleoptera,Scarabaeidae,Phyllopertha
395,Polyphylla decemlineata,Insects,Animalia,Arthropoda,Insecta,Coleoptera,Scarabaeidae,Polyphylla
396,Popillia japonica,Insects,Animalia,Arthropoda,Insecta,Coleoptera,Scarabaeidae,Popillia
397,Protaetia cuprea,Insects,Animalia,Arthropoda,Insecta,Coleoptera,Scarabaeidae,Protaetia
398,Strategus aloeus,Insects,Animalia,Arthropoda,Insecta,Coleoptera,Scarabaeidae,Strategus
399,Trichiotinus assimilis,Insects,Animalia,Arthropoda,Insecta,Coleoptera,Scarabaeidae,Trichiotinus
400,Trichiotinus texanus,Insects,Animalia,Arthropoda,Insecta,Coleoptera,Scarabaeidae,Trichiotinus
401,Trichius fasciatus,Insects,Animalia,Arthropoda,Insecta,Coleoptera,Scarabaeidae,Trichius
402,Trigonopeltastes delta,Insects,Animalia,Arthropoda,Insecta,Coleoptera,Scarabaeidae,Trigonopeltastes
403,Trypoxylus dichotomus,Insects,Animalia,Arthropoda,Insecta,Coleoptera,Scarabaeidae,Trypoxylus
404,Valgus hemipterus,Insects,Animalia,Arthropoda,Insecta,Coleoptera,Scarabaeidae,Valgus
405,Necrodes surinamensis,Insects,Animalia,Arthropoda,Insecta,Coleoptera,Silphidae,Necrodes
406,Necrophila americana,Insects,Animalia,Arthropoda,Insecta,Coleoptera,Silphidae,Necrophila
407,Nicrophorus orbicollis,Insects,Animalia,Arthropoda,Insecta,Coleoptera,Silphidae,Nicrophorus
408,Nicrophorus tomentosus,Insects,Animalia,Arthropoda,Insecta,Coleoptera,Silphidae,Nicrophorus
409,Nicrophorus vespilloides,Insects,Animalia,Arthropoda,Insecta,Coleoptera,Silphidae,Nicrophorus
410,Oiceoptoma thoracicum,Insects,Animalia,Arthropoda,Insecta,Coleoptera,Silphidae,Oiceoptoma
411,Phosphuga atrata,Insects,Animalia,Arthropoda,Insecta,Coleoptera,Silphidae,Phosphuga
412,Ocypus olens,Insects,Animalia,Arthropoda,Insecta,Coleoptera,Staphylinidae,Ocypus
413,Bolitotherus cornutus,Insects,Animalia,Arthropoda,Insecta,Coleoptera,Tenebrionidae,Bolitotherus
414,Eleodes obscura,Insects,Animalia,Arthropoda,Insecta,Coleoptera,Tenebrionidae,Eleodes
415,Eleodes osculans,Insects,Animalia,Arthropoda,Insecta,Coleoptera,Tenebrionidae,Eleodes
416,Lagria hirta,Insects,Animalia,Arthropoda,Insecta,Coleoptera,Tenebrionidae,Lagria
417,Phloeodes diabolicus,Insects,Animalia,Arthropoda,Insecta,Coleoptera,Zopheridae,Phloeodes
418,Zopherus nodulosus,Insects,Animalia,Arthropoda,Insecta,Coleoptera,Zopheridae,Zopherus
419,Euborellia annulipes,Insects,Animalia,Arthropoda,Insecta,Dermaptera,Anisolabididae,Euborellia
420,Forficula auricularia,Insects,Animalia,Arthropoda,Insecta,Dermaptera,Forficulidae,Forficula
421,Dioctria hyalipennis,Insects,Animalia,Arthropoda,Insecta,Diptera,Asilidae,Dioctria
422,Efferia aestuans,Insects,Animalia,Arthropoda,Insecta,Diptera,Asilidae,Efferia
423,Laphria macquarti,Insects,Animalia,Arthropoda,Insecta,Diptera,Asilidae,Laphria
424,Laphria thoracica,Insects,Animalia,Arthropoda,Insecta,Diptera,Asilidae,Laphria
425,Mallophora fautrix,Insects,Animalia,Arthropoda,Insecta,Diptera,Asilidae,Mallophora
426,Mallophora leschenaulti,Insects,Animalia,Arthropoda,Insecta,Diptera,Asilidae,Mallophora
427,Microstylum morosum,Insects,Animalia,Arthropoda,Insecta,Diptera,Asilidae,Microstylum
428,Promachus hinei,Insects,Animalia,Arthropoda,Insecta,Diptera,Asilidae,Promachus
429,Promachus rufipes,Insects,Animalia,Arthropoda,Insecta,Diptera,Asilidae,Promachus
430,Triorla interrupta,Insects,Animalia,Arthropoda,Insecta,Diptera,Asilidae,Triorla
431,Plecia nearctica,Insects,Animalia,Arthropoda,Insecta,Diptera,Bibionidae,Plecia
432,Bombylius major,Insects,Animalia,Arthropoda,Insecta,Diptera,Bombyliidae,Bombylius
433,Poecilanthrax lucifer,Insects,Animalia,Arthropoda,Insecta,Diptera,Bombyliidae,Poecilanthrax
434,Xenox tigrinus,Insects,Animalia,Arthropoda,Insecta,Diptera,Bombyliidae,Xenox
435,Calliphora vicina,Insects,Animalia,Arthropoda,Insecta,Diptera,Calliphoridae,Calliphora
436,Chrysomya megacephala,Insects,Animalia,Arthropoda,Insecta,Diptera,Calliphoridae,Chrysomya
437,Lucilia sericata,Insects,Animalia,Arthropoda,Insecta,Diptera,Calliphoridae,Lucilia
438,Asphondylia auripila,Insects,Animalia,Arthropoda,Insecta,Diptera,Cecidomyiidae,Asphondylia
439,Rabdophaga strobiloides,Insects,Animalia,Arthropoda,Insecta,Diptera,Cecidomyiidae,Rabdophaga
440,Rhopalomyia californica,Insects,Animalia,Arthropoda,Insecta,Diptera,Cecidomyiidae,Rhopalomyia
441,Rhopalomyia solidaginis,Insects,Animalia,Arthropoda,Insecta,Diptera,Cecidomyiidae,Rhopalomyia
442,Physocephala tibialis,Insects,Animalia,Arthropoda,Insecta,Diptera,Conopidae,Physocephala
443,Aedes aegypti,Insects,Animalia,Arthropoda,Insecta,Diptera,Culicidae,Aedes
444,Aedes albopictus,Insects,Animalia,Arthropoda,Insecta,Diptera,Culicidae,Aedes
445,Aedes vexans,Insects,Animalia,Arthropoda,Insecta,Diptera,Culicidae,Aedes
446,Culex quinquefasciatus,Insects,Animalia,Arthropoda,Insecta,Diptera,Culicidae,Culex
447,Psorophora ciliata,Insects,Animalia,Arthropoda,Insecta,Diptera,Culicidae,Psorophora
448,Rainieria antennaepes,Insects,Animalia,Arthropoda,Insecta,Diptera,Micropezidae,Rainieria
449,Mesembrina meridiana,Insects,Animalia,Arthropoda,Insecta,Diptera,Muscidae,Mesembrina
450,Musca domestica,Insects,Animalia,Arthropoda,Insecta,Diptera,Muscidae,Musca
451,Stomoxys calcitrans,Insects,Animalia,Arthropoda,Insecta,Diptera,Muscidae,Stomoxys
452,Mydas clavatus,Insects,Animalia,Arthropoda,Insecta,Diptera,Mydidae,Mydas
453,Clogmia albipunctata,Insects,Animalia,Arthropoda,Insecta,Diptera,Psychodidae,Clogmia
454,Bittacomorpha clavipes,Insects,Animalia,Arthropoda,Insecta,Diptera,Ptychopteridae,Bittacomorpha
455,Chrysopilus thoracicus,Insects,Animalia,Arthropoda,Insecta,Diptera,Rhagionidae,Chrysopilus
456,Scathophaga stercoraria,Insects,Animalia,Arthropoda,Insecta,Diptera,Scathophagidae,Scathophaga
457,Exaireta spinigera,Insects,Animalia,Arthropoda,Insecta,Diptera,Stratiomyidae,Exaireta
458,Hermetia illucens,Insects,Animalia,Arthropoda,Insecta,Diptera,Stratiomyidae,Hermetia
459,Ptecticus trivittatus,Insects,Animalia,Arthropoda,Insecta,Diptera,Stratiomyidae,Ptecticus
460,Allograpta obliqua,Insects,Animalia,Arthropoda,Insecta,Diptera,Syrphidae,Allograpta
461,Copestylum mexicanum,Insects,Animalia,Arthropoda,Insecta,Diptera,Syrphidae,Copestylum
462,Dioprosopa clavata,Insects,Animalia,Arthropoda,Insecta,Diptera,Syrphidae,Dioprosopa
463,Episyrphus balteatus,Insects,Animalia,Arthropoda,Insecta,Diptera,Syrphidae,Episyrphus
464,Eristalinus aeneus,Insects,Animalia,Arthropoda,Insecta,Diptera,Syrphidae,Eristalinus
465,Eristalinus taeniops,Insects,Animalia,Arthropoda,Insecta,Diptera,Syrphidae,Eristalinus
466,Eristalis arbustorum,Insects,Animalia,Arthropoda,Insecta,Diptera,Syrphidae,Eristalis
467,Eristalis dimidiata,Insects,Animalia,Arthropoda,Insecta,Diptera,Syrphidae,Eristalis
468,Eristalis flavipes,Insects,Animalia,Arthropoda,Insecta,Diptera,Syrphidae,Eristalis
469,Eristalis pertinax,Insects,Animalia,Arthropoda,Insecta,Diptera,Syrphidae,Eristalis
470,Eristalis stipator,Insects,Animalia,Arthropoda,Insecta,Diptera,Syrphidae,Eristalis
471,Eristalis tenax,Insects,Animalia,Arthropoda,Insecta,Diptera,Syrphidae,Eristalis
472,Eristalis transversa,Insects,Animalia,Arthropoda,Insecta,Diptera,Syrphidae,Eristalis
473,Eupeodes corollae,Insects,Animalia,Arthropoda,Insecta,Diptera,Syrphidae,Eupeodes
474,Eupeodes volucris,Insects,Animalia,Arthropoda,Insecta,Diptera,Syrphidae,Eupeodes
475,Helophilus fasciatus,Insects,Animalia,Arthropoda,Insecta,Diptera,Syrphidae,Helophilus
476,Helophilus pendulus,Insects,Animalia,Arthropoda,Insecta,Diptera,Syrphidae,Helophilus
477,Helophilus trivittatus,Insects,Animalia,Arthropoda,Insecta,Diptera,Syrphidae,Helophilus
478,Melangyna novaezelandiae,Insects,Animalia,Arthropoda,Insecta,Diptera,Syrphidae,Melangyna
479,Merodon equestris,Insects,Animalia,Arthropoda,Insecta,Diptera,Syrphidae,Merodon
480,Milesia virginiensis,Insects,Animalia,Arthropoda,Insecta,Diptera,Syrphidae,Milesia
481,Myathropa florea,Insects,Animalia,Arthropoda,Insecta,Diptera,Syrphidae,Myathropa
482,Ocyptamus fuscipennis,Insects,Animalia,Arthropoda,Insecta,Diptera,Syrphidae,Ocyptamus
483,Palpada vinetorum,Insects,Animalia,Arthropoda,Insecta,Diptera,Syrphidae,Palpada
484,Paragus haemorrhous,Insects,Animalia,Arthropoda,Insecta,Diptera,Syrphidae,Paragus
485,Scaeva affinis,Insects,Animalia,Arthropoda,Insecta,Diptera,Syrphidae,Scaeva
486,Scaeva pyrastri,Insects,Animalia,Arthropoda,Insecta,Diptera,Syrphidae,Scaeva
487,Sphaerophoria scripta,Insects,Animalia,Arthropoda,Insecta,Diptera,Syrphidae,Sphaerophoria
488,Spilomyia longicornis,Insects,Animalia,Arthropoda,Insecta,Diptera,Syrphidae,Spilomyia
489,Syritta pipiens,Insects,Animalia,Arthropoda,Insecta,Diptera,Syrphidae,Syritta
490,Toxomerus geminatus,Insects,Animalia,Arthropoda,Insecta,Diptera,Syrphidae,Toxomerus
491,Toxomerus marginatus,Insects,Animalia,Arthropoda,Insecta,Diptera,Syrphidae,Toxomerus
492,Toxomerus occidentalis,Insects,Animalia,Arthropoda,Insecta,Diptera,Syrphidae,Toxomerus
493,Toxomerus politus,Insects,Animalia,Arthropoda,Insecta,Diptera,Syrphidae,Toxomerus
494,Volucella bombylans,Insects,Animalia,Arthropoda,Insecta,Diptera,Syrphidae,Volucella
495,Volucella inanis,Insects,Animalia,Arthropoda,Insecta,Diptera,Syrphidae,Volucella
496,Volucella pellucens,Insects,Animalia,Arthropoda,Insecta,Diptera,Syrphidae,Volucella
497,Volucella zonaria,Insects,Animalia,Arthropoda,Insecta,Diptera,Syrphidae,Volucella
498,Tabanus atratus,Insects,Animalia,Arthropoda,Insecta,Diptera,Tabanidae,Tabanus
499,Hystricia abrupta,Insects,Animalia,Arthropoda,Insecta,Diptera,Tachinidae,Hystricia
500,Tachina fera,Insects,Animalia,Arthropoda,Insecta,Diptera,Tachinidae,Tachina
501,Trichopoda pennipes,Insects,Animalia,Arthropoda,Insecta,Diptera,Tachinidae,Trichopoda
502,Trigonospila brevifacies,Insects,Animalia,Arthropoda,Insecta,Diptera,Tachinidae,Trigonospila
503,Eurosta solidaginis,Insects,Animalia,Arthropoda,Insecta,Diptera,Tephritidae,Eurosta
504,Tipula abdominalis,Insects,Animalia,Arthropoda,Insecta,Diptera,Tipulidae,Tipula
505,Delphinia picta,Insects,Animalia,Arthropoda,Insecta,Diptera,Ulidiidae,Delphinia
506,Hexagenia limbata,Insects,Animalia,Arthropoda,Insecta,Ephemeroptera,Ephemeridae,Hexagenia
507,Acanalonia bivittata,Insects,Animalia,Arthropoda,Insecta,Hemiptera,Acanaloniidae,Acanalonia
508,Acanalonia conica,Insects,Animalia,Arthropoda,Insecta,Hemiptera,Acanaloniidae,Acanalonia
509,Acanthosoma haemorrhoidale,Insects,Animalia,Arthropoda,Insecta,Hemiptera,Acanthosomatidae,Acanthosoma
510,Elasmostethus cruciatus,Insects,Animalia,Arthropoda,Insecta,Hemiptera,Acanthosomatidae,Elasmostethus
511,Elasmostethus interstinctus,Insects,Animalia,Arthropoda,Insecta,Hemiptera,Acanthosomatidae,Elasmostethus
512,Elasmucha grisea,Insects,Animalia,Arthropoda,Insecta,Hemiptera,Acanthosomatidae,Elasmucha
513,Adelges tsugae,Insects,Animalia,Arthropoda,Insecta,Hemiptera,Adelgidae,Adelges
514,Hyalymenus tarsatus,Insects,Animalia,Arthropoda,Insecta,Hemiptera,Alydidae,Hyalymenus
515,Riptortus pedestris,Insects,Animalia,Arthropoda,Insecta,Hemiptera,Alydidae,Riptortus
516,Glycaspis brimblecombei,Insects,Animalia,Arthropoda,Insecta,Hemiptera,Aphalaridae,Glycaspis
517,Pachypsylla celtidismamma,Insects,Animalia,Arthropoda,Insecta,Hemiptera,Aphalaridae,Pachypsylla
518,Pachypsylla venusta,Insects,Animalia,Arthropoda,Insecta,Hemiptera,Aphalaridae,Pachypsylla
519,Aphis nerii,Insects,Animalia,Arthropoda,Insecta,Hemiptera,Aphididae,Aphis
520,Hormaphis hamamelidis,Insects,Animalia,Arthropoda,Insecta,Hemiptera,Aphididae,Hormaphis
521,Melaphis rhois,Insects,Animalia,Arthropoda,Insecta,Hemiptera,Aphididae,Melaphis
522,Tuberolachnus salignus,Insects,Animalia,Arthropoda,Insecta,Hemiptera,Aphididae,Tuberolachnus
523,Philaenus spumarius,Insects,Animalia,Arthropoda,Insecta,Hemiptera,Aphrophoridae,Philaenus
524,Lethocerus americanus,Insects,Animalia,Arthropoda,Insecta,Hemiptera,Belostomatidae,Lethocerus
525,Cercopis vulnerata,Insects,Animalia,Arthropoda,Insecta,Hemiptera,Cercopidae,Cercopis
526,Prosapia bicincta,Insects,Animalia,Arthropoda,Insecta,Hemiptera,Cercopidae,Prosapia
527,Cicadella viridis,Insects,Animalia,Arthropoda,Insecta,Hemiptera,Cicadellidae,Cicadella
528,Colladonus clitellarius,Insects,Animalia,Arthropoda,Insecta,Hemiptera,Cicadellidae,Colladonus
529,Cuerna costalis,Insects,Animalia,Arthropoda,Insecta,Hemiptera,Cicadellidae,Cuerna
530,Excultanus excultus,Insects,Animalia,Arthropoda,Insecta,Hemiptera,Cicadellidae,Excultanus
531,Graphocephala atropunctata,Insects,Animalia,Arthropoda,Insecta,Hemiptera,Cicadellidae,Graphocephala
532,Graphocephala coccinea,Insects,Animalia,Arthropoda,Insecta,Hemiptera,Cicadellidae,Graphocephala
533,Graphocephala fennahi,Insects,Animalia,Arthropoda,Insecta,Hemiptera,Cicadellidae,Graphocephala
534,Graphocephala versuta,Insects,Animalia,Arthropoda,Insecta,Hemiptera,Cicadellidae,Graphocephala
535,Homalodisca vitripennis,Insects,Animalia,Arthropoda,Insecta,Hemiptera,Cicadellidae,Homalodisca
536,Jikradia olitoria,Insects,Animalia,Arthropoda,Insecta,Hemiptera,Cicadellidae,Jikradia
537,Oncometopia orbona,Insects,Animalia,Arthropoda,Insecta,Hemiptera,Cicadellidae,Oncometopia
538,Orientus ishidae,Insects,Animalia,Arthropoda,Insecta,Hemiptera,Cicadellidae,Orientus
539,Paraulacizes irrorata,Insects,Animalia,Arthropoda,Insecta,Hemiptera,Cicadellidae,Paraulacizes
540,Tylozygus bifidus,Insects,Animalia,Arthropoda,Insecta,Hemiptera,Cicadellidae,Tylozygus
541,Amphipsalta zelandica,Insects,Animalia,Arthropoda,Insecta,Hemiptera,Cicadidae,Amphipsalta
542,Cicada orni,Insects,Animalia,Arthropoda,Insecta,Hemiptera,Cicadidae,Cicada
543,Cyclochila australasiae,Insects,Animalia,Arthropoda,Insecta,Hemiptera,Cicadidae,Cyclochila
544,Graptopsaltria nigrofuscata,Insects,Animalia,Arthropoda,Insecta,Hemiptera,Cicadidae,Graptopsaltria
545,Magicicada septendecim,Insects,Animalia,Arthropoda,Insecta,Hemiptera,Cicadidae,Magicicada
546,Megatibicen auletes,Insects,Animalia,Arthropoda,Insecta,Hemiptera,Cicadidae,Megatibicen
547,Megatibicen dealbatus,Insects,Animalia,Arthropoda,Insecta,Hemiptera,Cicadidae,Megatibicen
548,Megatibicen resh,Insects,Animalia,Arthropoda,Insecta,Hemiptera,Cicadidae,Megatibicen
549,Neotibicen canicularis,Insects,Animalia,Arthropoda,Insecta,Hemiptera,Cicadidae,Neotibicen
550,Neotibicen lyricen,Insects,Animalia,Arthropoda,Insecta,Hemiptera,Cicadidae,Neotibicen
551,Neotibicen pruinosus,Insects,Animalia,Arthropoda,Insecta,Hemiptera,Cicadidae,Neotibicen
552,Neotibicen superbus,Insects,Animalia,Arthropoda,Insecta,Hemiptera,Cicadidae,Neotibicen
553,Neotibicen tibicen,Insects,Animalia,Arthropoda,Insecta,Hemiptera,Cicadidae,Neotibicen
554,Pacarina puella,Insects,Animalia,Arthropoda,Insecta,Hemiptera,Cicadidae,Pacarina
555,Psaltoda plaga,Insects,Animalia,Arthropoda,Insecta,Hemiptera,Cicadidae,Psaltoda
556,Acanthocephala alata,Insects,Animalia,Arthropoda,Insecta,Hemiptera,Coreidae,Acanthocephala
557,Acanthocephala declivis,Insects,Animalia,Arthropoda,Insecta,Hemiptera,Coreidae,Acanthocephala
558,Acanthocephala femorata,Insects,Animalia,Arthropoda,Insecta,Hemiptera,Coreidae,Acanthocephala
559,Acanthocephala terminalis,Insects,Animalia,Arthropoda,Insecta,Hemiptera,Coreidae,Acanthocephala
560,Anasa tristis,Insects,Animalia,Arthropoda,Insecta,Hemiptera,Coreidae,Anasa
561,Chelinidea vittiger,Insects,Animalia,Arthropoda,Insecta,Hemiptera,Coreidae,Chelinidea
562,Coreus marginatus,Insects,Animalia,Arthropoda,Insecta,Hemiptera,Coreidae,Coreus
563,Euthochtha galeator,Insects,Animalia,Arthropoda,Insecta,Hemiptera,Coreidae,Euthochtha
564,Gonocerus acuteangulatus,Insects,Animalia,Arthropoda,Insecta,Hemiptera,Coreidae,Gonocerus
565,Hypselonotus interruptus,Insects,Animalia,Arthropoda,Insecta,Hemiptera,Coreidae,Hypselonotus
566,Hypselonotus punctiventris,Insects,Animalia,Arthropoda,Insecta,Hemiptera,Coreidae,Hypselonotus
567,Leptoglossus clypealis,Insects,Animalia,Arthropoda,Insecta,Hemiptera,Coreidae,Leptoglossus
568,Leptoglossus occidentalis,Insects,Animalia,Arthropoda,Insecta,Hemiptera,Coreidae,Leptoglossus
569,Leptoglossus oppositus,Insects,Animalia,Arthropoda,Insecta,Hemiptera,Coreidae,Leptoglossus
570,Leptoglossus phyllopus,Insects,Animalia,Arthropoda,Insecta,Hemiptera,Coreidae,Leptoglossus
571,Leptoglossus zonatus,Insects,Animalia,Arthropoda,Insecta,Hemiptera,Coreidae,Leptoglossus
572,Thasus gigas,Insects,Animalia,Arthropoda,Insecta,Hemiptera,Coreidae,Thasus
573,Thasus neocalifornicus,Insects,Animalia,Arthropoda,Insecta,Hemiptera,Coreidae,Thasus
574,Sehirus cinctus,Insects,Animalia,Arthropoda,Insecta,Hemiptera,Cydnidae,Sehirus
575,Flatormenis proxima,Insects,Animalia,Arthropoda,Insecta,Hemiptera,Flatidae,Flatormenis
576,Metcalfa pruinosa,Insects,Animalia,Arthropoda,Insecta,Hemiptera,Flatidae,Metcalfa
577,Ormenoides venusta,Insects,Animalia,Arthropoda,Insecta,Hemiptera,Flatidae,Ormenoides
578,Siphanta acuta,Insects,Animalia,Arthropoda,Insecta,Hemiptera,Flatidae,Siphanta
579,Lycorma delicatula,Insects,Animalia,Arthropoda,Insecta,Hemiptera,Fulgoridae,Lycorma
580,Pyrops candelaria,Insects,Animalia,Arthropoda,Insecta,Hemiptera,Fulgoridae,Pyrops
581,Gelastocoris oculatus,Insects,Animalia,Arthropoda,Insecta,Hemiptera,Gelastocoridae,Gelastocoris
582,Aquarius remigis,Insects,Animalia,Arthropoda,Insecta,Hemiptera,Gerridae,Aquarius
583,Largus californicus,Insects,Animalia,Arthropoda,Insecta,Hemiptera,Largidae,Largus
584,Largus succinctus,Insects,Animalia,Arthropoda,Insecta,Hemiptera,Largidae,Largus
585,Stenomacra marginella,Insects,Animalia,Arthropoda,Insecta,Hemiptera,Largidae,Stenomacra
586,Kleidocerys resedae,Insects,Animalia,Arthropoda,Insecta,Hemiptera,Lygaeidae,Kleidocerys
587,Lygaeus equestris,Insects,Animalia,Arthropoda,Insecta,Hemiptera,Lygaeidae,Lygaeus
588,Lygaeus kalmii,Insects,Animalia,Arthropoda,Insecta,Hemiptera,Lygaeidae,Lygaeus
589,Lygaeus turcicus,Insects,Animalia,Arthropoda,Insecta,Hemiptera,Lygaeidae,Lygaeus
590,Melacoryphus lateralis,Insects,Animalia,Arthropoda,Insecta,Hemiptera,Lygaeidae,Melacoryphus
591,Neacoryphus bicrucis,Insects,Animalia,Arthropoda,Insecta,Hemiptera,Lygaeidae,Neacoryphus
592,Oncopeltus fasciatus,Insects,Animalia,Arthropoda,Insecta,Hemiptera,Lygaeidae,Oncopeltus
593,Spilostethus pandurus,Insects,Animalia,Arthropoda,Insecta,Hemiptera,Lygaeidae,Spilostethus
594,Spilostethus saxatilis,Insects,Animalia,Arthropoda,Insecta,Hemiptera,Lygaeidae,Spilostethus
595,Entylia carinata,Insects,Animalia,Arthropoda,Insecta,Hemiptera,Membracidae,Entylia
596,Membracis mexicana,Insects,Animalia,Arthropoda,Insecta,Hemiptera,Membracidae,Membracis
597,Adelphocoris lineolatus,Insects,Animalia,Arthropoda,Insecta,Hemiptera,Miridae,Adelphocoris
598,Closterotomus norwegicus,Insects,Animalia,Arthropoda,Insecta,Hemiptera,Miridae,Closterotomus
599,Deraeocoris ruber,Insects,Animalia,Arthropoda,Insecta,Hemiptera,Miridae,Deraeocoris
600,Leptopterna dolabrata,Insects,Animalia,Arthropoda,Insecta,Hemiptera,Miridae,Leptopterna
601,Lygus lineolaris,Insects,Animalia,Arthropoda,Insecta,Hemiptera,Miridae,Lygus
602,Poecilocapsus lineatus,Insects,Animalia,Arthropoda,Insecta,Hemiptera,Miridae,Poecilocapsus
603,Stenotus binotatus,Insects,Animalia,Arthropoda,Insecta,Hemiptera,Miridae,Stenotus
604,Nepa cinerea,Insects,Animalia,Arthropoda,Insecta,Hemiptera,Nepidae,Nepa
605,Oxycarenus lavaterae,Insects,Animalia,Arthropoda,Insecta,Hemiptera,Oxycarenidae,Oxycarenus
606,Aelia acuminata,Insects,Animalia,Arthropoda,Insecta,Hemiptera,Pentatomidae,Aelia
607,Bagrada hilaris,Insects,Animalia,Arthropoda,Insecta,Hemiptera,Pentatomidae,Bagrada
608,Banasa dimidiata,Insects,Animalia,Arthropoda,Insecta,Hemiptera,Pentatomidae,Banasa
609,Banasa euchlora,Insects,Animalia,Arthropoda,Insecta,Hemiptera,Pentatomidae,Banasa
610,Carpocoris fuscispinus,Insects,Animalia,Arthropoda,Insecta,Hemiptera,Pentatomidae,Carpocoris
611,Carpocoris mediterraneus,Insects,Animalia,Arthropoda,Insecta,Hemiptera,Pentatomidae,Carpocoris
612,Carpocoris purpureipennis,Insects,Animalia,Arthropoda,Insecta,Hemiptera,Pentatomidae,Carpocoris
613,Chinavia hilaris,Insects,Animalia,Arthropoda,Insecta,Hemiptera,Pentatomidae,Chinavia
614,Chlorochroa ligata,Insects,Animalia,Arthropoda,Insecta,Hemiptera,Pentatomidae,Chlorochroa
615,Chlorochroa sayi,Insects,Animalia,Arthropoda,Insecta,Hemiptera,Pentatomidae,Chlorochroa
616,Cosmopepla lintneriana,Insects,Animalia,Arthropoda,Insecta,Hemiptera,Pentatomidae,Cosmopepla
617,Dolycoris baccarum,Insects,Animalia,Arthropoda,Insecta,Hemiptera,Pentatomidae,Dolycoris
618,Erthesina fullo,Insects,Animalia,Arthropoda,Insecta,Hemiptera,Pentatomidae,Erthesina
619,Eurydema oleracea,Insects,Animalia,Arthropoda,Insecta,Hemiptera,Pentatomidae,Eurydema
620,Eurydema ornata,Insects,Animalia,Arthropoda,Insecta,Hemiptera,Pentatomidae,Eurydema
621,Euschistus servus,Insects,Animalia,Arthropoda,Insecta,Hemiptera,Pentatomidae,Euschistus
622,Euschistus tristigmus,Insects,Animalia,Arthropoda,Insecta,Hemiptera,Pentatomidae,Euschistus
623,Euthyrhynchus floridanus,Insects,Animalia,Arthropoda,Insecta,Hemiptera,Pentatomidae,Euthyrhynchus
624,Graphosoma italicum,Insects,Animalia,Arthropoda,Insecta,Hemiptera,Pentatomidae,Graphosoma
625,Graphosoma semipunctatum,Insects,Animalia,Arthropoda,Insecta,Hemiptera,Pentatomidae,Graphosoma
626,Halyomorpha halys,Insects,Animalia,Arthropoda,Insecta,Hemiptera,Pentatomidae,Halyomorpha
627,Menecles insertus,Insects,Animalia,Arthropoda,Insecta,Hemiptera,Pentatomidae,Menecles
628,Mormidea lugens,Insects,Animalia,Arthropoda,Insecta,Hemiptera,Pentatomidae,Mormidea
629,Murgantia histrionica,Insects,Animalia,Arthropoda,Insecta,Hemiptera,Pentatomidae,Murgantia
630,Nezara viridula,Insects,Animalia,Arthropoda,Insecta,Hemiptera,Pentatomidae,Nezara
631,Oebalus pugnax,Insects,Animalia,Arthropoda,Insecta,Hemiptera,Pentatomidae,Oebalus
632,Palomena prasina,Insects,Animalia,Arthropoda,Insecta,Hemiptera,Pentatomidae,Palomena
633,Pentatoma rufipes,Insects,Animalia,Arthropoda,Insecta,Hemiptera,Pentatomidae,Pentatoma
634,Peribalus strictus,Insects,Animalia,Arthropoda,Insecta,Hemiptera,Pentatomidae,Peribalus
635,Picromerus bidens,Insects,Animalia,Arthropoda,Insecta,Hemiptera,Pentatomidae,Picromerus
636,Piezodorus lituratus,Insects,Animalia,Arthropoda,Insecta,Hemiptera,Pentatomidae,Piezodorus
637,Proxys punctulatus,Insects,Animalia,Arthropoda,Insecta,Hemiptera,Pentatomidae,Proxys
638,Rhaphigaster nebulosa,Insects,Animalia,Arthropoda,Insecta,Hemiptera,Pentatomidae,Rhaphigaster
639,Stiretrus anchorago,Insects,Animalia,Arthropoda,Insecta,Hemiptera,Pentatomidae,Stiretrus
640,Thyanta custator,Insects,Animalia,Arthropoda,Insecta,Hemiptera,Pentatomidae,Thyanta
641,Daktulosphaira vitifoliae,Insects,Animalia,Arthropoda,Insecta,Hemiptera,Phylloxeridae,Daktulosphaira
642,Megacopta cribraria,Insects,Animalia,Arthropoda,Insecta,Hemiptera,Plataspidae,Megacopta
643,Dindymus versicolor,Insects,Animalia,Arthropoda,Insecta,Hemiptera,Pyrrhocoridae,Dindymus
644,Dysdercus cingulatus,Insects,Animalia,Arthropoda,Insecta,Hemiptera,Pyrrhocoridae,Dysdercus
645,Pyrrhocoris apterus,Insects,Animalia,Arthropoda,Insecta,Hemiptera,Pyrrhocoridae,Pyrrhocoris
646,Scantius aegyptius,Insects,Animalia,Arthropoda,Insecta,Hemiptera,Pyrrhocoridae,Scantius
647,Apiomerus californicus,Insects,Animalia,Arthropoda,Insecta,Hemiptera,Reduviidae,Apiomerus
648,Apiomerus spissipes,Insects,Animalia,Arthropoda,Insecta,Hemiptera,Reduviidae,Apiomerus
649,Arilus cristatus,Insects,Animalia,Arthropoda,Insecta,Hemiptera,Reduviidae,Arilus
650,Melanolestes picipes,Insects,Animalia,Arthropoda,Insecta,Hemiptera,Reduviidae,Melanolestes
651,Phymata americana,Insects,Animalia,Arthropoda,Insecta,Hemiptera,Reduviidae,Phymata
652,Pselliopus barberi,Insects,Animalia,Arthropoda,Insecta,Hemiptera,Reduviidae,Pselliopus
653,Rasahus hamatus,Insects,Animalia,Arthropoda,Insecta,Hemiptera,Reduviidae,Rasahus
654,Reduvius personatus,Insects,Animalia,Arthropoda,Insecta,Hemiptera,Reduviidae,Reduvius
655,Repipta taurus,Insects,Animalia,Arthropoda,Insecta,Hemiptera,Reduviidae,Repipta
656,Zelus longipes,Insects,Animalia,Arthropoda,Insecta,Hemiptera,Reduviidae,Zelus
657,Zelus luridus,Insects,Animalia,Arthropoda,Insecta,Hemiptera,Reduviidae,Zelus
658,Zelus renardii,Insects,Animalia,Arthropoda,Insecta,Hemiptera,Reduviidae,Zelus
659,Zelus tetracanthus,Insects,Animalia,Arthropoda,Insecta,Hemiptera,Reduviidae,Zelus
660,Boisea rubrolineata,Insects,Animalia,Arthropoda,Insecta,Hemiptera,Rhopalidae,Boisea
661,Boisea trivittata,Insects,Animalia,Arthropoda,Insecta,Hemiptera,Rhopalidae,Boisea
662,Corizus hyoscyami,Insects,Animalia,Arthropoda,Insecta,Hemiptera,Rhopalidae,Corizus
663,Jadera haematoloma,Insects,Animalia,Arthropoda,Insecta,Hemiptera,Rhopalidae,Jadera
664,Myodocha serripes,Insects,Animalia,Arthropoda,Insecta,Hemiptera,Rhyparochromidae,Myodocha
665,Rhyparochromus vulgaris,Insects,Animalia,Arthropoda,Insecta,Hemiptera,Rhyparochromidae,Rhyparochromus
666,Scolypopa australis,Insects,Animalia,Arthropoda,Insecta,Hemiptera,Ricaniidae,Scolypopa
667,Cantao ocellatus,Insects,Animalia,Arthropoda,Insecta,Hemiptera,Scutelleridae,Cantao
668,Poecilocoris lewisi,Insects,Animalia,Arthropoda,Insecta,Hemiptera,Scutelleridae,Poecilocoris
669,Tectocoris diophthalmus,Insects,Animalia,Arthropoda,Insecta,Hemiptera,Scutelleridae,Tectocoris
670,Tessaratoma papillosa,Insects,Animalia,Arthropoda,Insecta,Hemiptera,Tessaratomidae,Tessaratoma
671,Andrena cineraria,Insects,Animalia,Arthropoda,Insecta,Hymenoptera,Andrenidae,Andrena
672,Andrena fulva,Insects,Animalia,Arthropoda,Insecta,Hymenoptera,Andrenidae,Andrena
673,Andrena wilkella,Insects,Animalia,Arthropoda,Insecta,Hymenoptera,Andrenidae,Andrena
674,Anthophora californica,Insects,Animalia,Arthropoda,Insecta,Hymenoptera,Apidae,Anthophora
675,Anthophora urbana,Insects,Animalia,Arthropoda,Insecta,Hymenoptera,Apidae,Anthophora
676,Apis cerana,Insects,Animalia,Arthropoda,Insecta,Hymenoptera,Apidae,Apis
677,Apis dorsata,Insects,Animalia,Arthropoda,Insecta,Hymenoptera,Apidae,Apis
678,Apis florea,Insects,Animalia,Arthropoda,Insecta,Hymenoptera,Apidae,Apis
679,Apis mellifera,Insects,Animalia,Arthropoda,Insecta,Hymenoptera,Apidae,Apis
680,Bombus auricomus,Insects,Animalia,Arthropoda,Insecta,Hymenoptera,Apidae,Bombus
681,Bombus bimaculatus,Insects,Animalia,Arthropoda,Insecta,Hymenoptera,Apidae,Bombus
682,Bombus borealis,Insects,Animalia,Arthropoda,Insecta,Hymenoptera,Apidae,Bombus
683,Bombus californicus,Insects,Animalia,Arthropoda,Insecta,Hymenoptera,Apidae,Bombus
684,Bombus citrinus,Insects,Animalia,Arthropoda,Insecta,Hymenoptera,Apidae,Bombus
685,Bombus fervidus,Insects,Animalia,Arthropoda,Insecta,Hymenoptera,Apidae,Bombus
686,Bombus flavifrons,Insects,Animalia,Arthropoda,Insecta,Hymenoptera,Apidae,Bombus
687,Bombus griseocollis,Insects,Animalia,Arthropoda,Insecta,Hymenoptera,Apidae,Bombus
688,Bombus huntii,Insects,Animalia,Arthropoda,Insecta,Hymenoptera,Apidae,Bombus
689,Bombus hypnorum,Insects,Animalia,Arthropoda,Insecta,Hymenoptera,Apidae,Bombus
690,Bombus impatiens,Insects,Animalia,Arthropoda,Insecta,Hymenoptera,Apidae,Bombus
691,Bombus lapidarius,Insects,Animalia,Arthropoda,Insecta,Hymenoptera,Apidae,Bombus
692,Bombus melanopygus,Insects,Animalia,Arthropoda,Insecta,Hymenoptera,Apidae,Bombus
693,Bombus mixtus,Insects,Animalia,Arthropoda,Insecta,Hymenoptera,Apidae,Bombus
694,Bombus nevadensis,Insects,Animalia,Arthropoda,Insecta,Hymenoptera,Apidae,Bombus
695,Bombus pascuorum,Insects,Animalia,Arthropoda,Insecta,Hymenoptera,Apidae,Bombus
696,Bombus pensylvanicus,Insects,Animalia,Arthropoda,Insecta,Hymenoptera,Apidae,Bombus
697,Bombus perplexus,Insects,Animalia,Arthropoda,Insecta,Hymenoptera,Apidae,Bombus
698,Bombus pratorum,Insects,Animalia,Arthropoda,Insecta,Hymenoptera,Apidae,Bombus
699,Bombus rufocinctus,Insects,Animalia,Arthropoda,Insecta,Hymenoptera,Apidae,Bombus
700,Bombus sonorus,Insects,Animalia,Arthropoda,Insecta,Hymenoptera,Apidae,Bombus
701,Bombus ternarius,Insects,Animalia,Arthropoda,Insecta,Hymenoptera,Apidae,Bombus
702,Bombus terrestris,Insects,Animalia,Arthropoda,Insecta,Hymenoptera,Apidae,Bombus
703,Bombus terricola,Insects,Animalia,Arthropoda,Insecta,Hymenoptera,Apidae,Bombus
704,Bombus vagans,Insects,Animalia,Arthropoda,Insecta,Hymenoptera,Apidae,Bombus
705,Bombus vancouverensis,Insects,Animalia,Arthropoda,Insecta,Hymenoptera,Apidae,Bombus
706,Bombus vosnesenskii,Insects,Animalia,Arthropoda,Insecta,Hymenoptera,Apidae,Bombus
707,Melissodes bimaculatus,Insects,Animalia,Arthropoda,Insecta,Hymenoptera,Apidae,Melissodes
708,Tetragonisca angustula,Insects,Animalia,Arthropoda,Insecta,Hymenoptera,Apidae,Tetragonisca
709,Trigona fulviventris,Insects,Animalia,Arthropoda,Insecta,Hymenoptera,Apidae,Trigona
710,Xylocopa californica,Insects,Animalia,Arthropoda,Insecta,Hymenoptera,Apidae,Xylocopa
711,Xylocopa micans,Insects,Animalia,Arthropoda,Insecta,Hymenoptera,Apidae,Xylocopa
712,Xylocopa sonorina,Insects,Animalia,Arthropoda,Insecta,Hymenoptera,Apidae,Xylocopa
713,Xylocopa tabaniformis,Insects,Animalia,Arthropoda,Insecta,Hymenoptera,Apidae,Xylocopa
714,Xylocopa violacea,Insects,Animalia,Arthropoda,Insecta,Hymenoptera,Apidae,Xylocopa
715,Xylocopa virginica,Insects,Animalia,Arthropoda,Insecta,Hymenoptera,Apidae,Xylocopa
716,Cotesia congregata,Insects,Animalia,Arthropoda,Insecta,Hymenoptera,Braconidae,Cotesia
717,Chrysis angolensis,Insects,Animalia,Arthropoda,Insecta,Hymenoptera,Chrysididae,Chrysis
718,Cimbex americanus,Insects,Animalia,Arthropoda,Insecta,Hymenoptera,Cimbicidae,Cimbex
719,Colletes inaequalis,Insects,Animalia,Arthropoda,Insecta,Hymenoptera,Colletidae,Colletes
720,Hylaeus modestus,Insects,Animalia,Arthropoda,Insecta,Hymenoptera,Colletidae,Hylaeus
721,Bembix americana,Insects,Animalia,Arthropoda,Insecta,Hymenoptera,Crabronidae,Bembix
722,Bicyrtes quadrifasciatus,Insects,Animalia,Arthropoda,Insecta,Hymenoptera,Crabronidae,Bicyrtes
723,Philanthus gibbosus,Insects,Animalia,Arthropoda,Insecta,Hymenoptera,Crabronidae,Philanthus
724,Philanthus triangulum,Insects,Animalia,Arthropoda,Insecta,Hymenoptera,Crabronidae,Philanthus
725,Sphecius speciosus,Insects,Animalia,Arthropoda,Insecta,Hymenoptera,Crabronidae,Sphecius
726,Trypoxylon politum,Insects,Animalia,Arthropoda,Insecta,Hymenoptera,Crabronidae,Trypoxylon
727,Amphibolips confluenta,Insects,Animalia,Arthropoda,Insecta,Hymenoptera,Cynipidae,Amphibolips
728,Amphibolips quercusjuglans,Insects,Animalia,Arthropoda,Insecta,Hymenoptera,Cynipidae,Amphibolips
729,Amphibolips quercuspomiformis,Insects,Animalia,Arthropoda,Insecta,Hymenoptera,Cynipidae,Amphibolips
730,Andricus kingi,Insects,Animalia,Arthropoda,Insecta,Hymenoptera,Cynipidae,Andricus
731,Andricus quercuscalifornicus,Insects,Animalia,Arthropoda,Insecta,Hymenoptera,Cynipidae,Andricus
732,Callirhytis seminator,Insects,Animalia,Arthropoda,Insecta,Hymenoptera,Cynipidae,Callirhytis
733,Cynips douglasii,Insects,Animalia,Arthropoda,Insecta,Hymenoptera,Cynipidae,Cynips
734,Diplolepis polita,Insects,Animalia,Arthropoda,Insecta,Hymenoptera,Cynipidae,Diplolepis
735,Diplolepis rosae,Insects,Animalia,Arthropoda,Insecta,Hymenoptera,Cynipidae,Diplolepis
736,Diprion similis,Insects,Animalia,Arthropoda,Insecta,Hymenoptera,Diprionidae,Diprion
737,Evania appendigaster,Insects,Animalia,Arthropoda,Insecta,Hymenoptera,Evaniidae,Evania
738,Anoplolepis gracilipes,Insects,Animalia,Arthropoda,Insecta,Hymenoptera,Formicidae,Anoplolepis
739,Atta cephalotes,Insects,Animalia,Arthropoda,Insecta,Hymenoptera,Formicidae,Atta
740,Atta mexicana,Insects,Animalia,Arthropoda,Insecta,Hymenoptera,Formicidae,Atta
741,Atta texana,Insects,Animalia,Arthropoda,Insecta,Hymenoptera,Formicidae,Atta
742,Camponotus castaneus,Insects,Animalia,Arthropoda,Insecta,Hymenoptera,Formicidae,Camponotus
743,Camponotus floridanus,Insects,Animalia,Arthropoda,Insecta,Hymenoptera,Formicidae,Camponotus
744,Camponotus fulvopilosus,Insects,Animalia,Arthropoda,Insecta,Hymenoptera,Formicidae,Camponotus
745,Camponotus modoc,Insects,Animalia,Arthropoda,Insecta,Hymenoptera,Formicidae,Camponotus
746,Camponotus niveosetosus,Insects,Animalia,Arthropoda,Insecta,Hymenoptera,Formicidae,Camponotus
747,Camponotus novaeboracensis,Insects,Animalia,Arthropoda,Insecta,Hymenoptera,Formicidae,Camponotus
748,Camponotus pennsylvanicus,Insects,Animalia,Arthropoda,Insecta,Hymenoptera,Formicidae,Camponotus
749,Camponotus planatus,Insects,Animalia,Arthropoda,Insecta,Hymenoptera,Formicidae,Camponotus
750,Camponotus sericeiventris,Insects,Animalia,Arthropoda,Insecta,Hymenoptera,Formicidae,Camponotus
751,Crematogaster peringueyi,Insects,Animalia,Arthropoda,Insecta,Hymenoptera,Formicidae,Crematogaster
752,Crematogaster scutellaris,Insects,Animalia,Arthropoda,Insecta,Hymenoptera,Formicidae,Crematogaster
753,Formica obscuripes,Insects,Animalia,Arthropoda,Insecta,Hymenoptera,Formicidae,Formica
754,Formica rufa,Insects,Animalia,Arthropoda,Insecta,Hymenoptera,Formicidae,Formica
755,Iridomyrmex purpureus,Insects,Animalia,Arthropoda,Insecta,Hymenoptera,Formicidae,Iridomyrmex
756,Linepithema humile,Insects,Animalia,Arthropoda,Insecta,Hymenoptera,Formicidae,Linepithema
757,Liometopum occidentale,Insects,Animalia,Arthropoda,Insecta,Hymenoptera,Formicidae,Liometopum
758,Myrmecia pilosula,Insects,Animalia,Arthropoda,Insecta,Hymenoptera,Formicidae,Myrmecia
759,Neoponera villosa,Insects,Animalia,Arthropoda,Insecta,Hymenoptera,Formicidae,Neoponera
760,Oecophylla smaragdina,Insects,Animalia,Arthropoda,Insecta,Hymenoptera,Formicidae,Oecophylla
761,Paraponera clavata,Insects,Animalia,Arthropoda,Insecta,Hymenoptera,Formicidae,Paraponera
762,Paratrechina longicornis,Insects,Animalia,Arthropoda,Insecta,Hymenoptera,Formicidae,Paratrechina
763,Pogonomyrmex barbatus,Insects,Animalia,Arthropoda,Insecta,Hymenoptera,Formicidae,Pogonomyrmex
764,Pogonomyrmex californicus,Insects,Animalia,Arthropoda,Insecta,Hymenoptera,Formicidae,Pogonomyrmex
765,Pogonomyrmex rugosus,Insects,Animalia,Arthropoda,Insecta,Hymenoptera,Formicidae,Pogonomyrmex
766,Prenolepis imparis,Insects,Animalia,Arthropoda,Insecta,Hymenoptera,Formicidae,Prenolepis
767,Pseudomyrmex gracilis,Insects,Animalia,Arthropoda,Insecta,Hymenoptera,Formicidae,Pseudomyrmex
768,Solenopsis invicta,Insects,Animalia,Arthropoda,Insecta,Hymenoptera,Formicidae,Solenopsis
769,Tapinoma sessile,Insects,Animalia,Arthropoda,Insecta,Hymenoptera,Formicidae,Tapinoma
770,Tetramorium immigrans,Insects,Animalia,Arthropoda,Insecta,Hymenoptera,Formicidae,Tetramorium
771,Veromessor pergandei,Insects,Animalia,Arthropoda,Insecta,Hymenoptera,Formicidae,Veromessor
772,Agapostemon splendens,Insects,Animalia,Arthropoda,Insecta,Hymenoptera,Halictidae,Agapostemon
773,Agapostemon virescens,Insects,Animalia,Arthropoda,Insecta,Hymenoptera,Halictidae,Agapostemon
774,Augochlora pura,Insects,Animalia,Arthropoda,Insecta,Hymenoptera,Halictidae,Augochlora
775,Augochloropsis metallica,Insects,Animalia,Arthropoda,Insecta,Hymenoptera,Halictidae,Augochloropsis
776,Halictus ligatus,Insects,Animalia,Arthropoda,Insecta,Hymenoptera,Halictidae,Halictus
777,Halictus poeyi,Insects,Animalia,Arthropoda,Insecta,Hymenoptera,Halictidae,Halictus
778,Halictus rubicundus,Insects,Animalia,Arthropoda,Insecta,Hymenoptera,Halictidae,Halictus
779,Halictus scabiosae,Insects,Animalia,Arthropoda,Insecta,Hymenoptera,Halictidae,Halictus
780,Halictus tripartitus,Insects,Animalia,Arthropoda,Insecta,Hymenoptera,Halictidae,Halictus
781,Enicospilus purgatus,Insects,Animalia,Arthropoda,Insecta,Hymenoptera,Ichneumonidae,Enicospilus
782,Megarhyssa atrata,Insects,Animalia,Arthropoda,Insecta,Hymenoptera,Ichneumonidae,Megarhyssa
783,Megarhyssa macrurus,Insects,Animalia,Arthropoda,Insecta,Hymenoptera,Ichneumonidae,Megarhyssa
784,Anthidium manicatum,Insects,Animalia,Arthropoda,Insecta,Hymenoptera,Megachilidae,Anthidium
785,Anthidium oblongatum,Insects,Animalia,Arthropoda,Insecta,Hymenoptera,Megachilidae,Anthidium
786,Megachile sculpturalis,Insects,Animalia,Arthropoda,Insecta,Hymenoptera,Megachilidae,Megachile
787,Megachile xylocopoides,Insects,Animalia,Arthropoda,Insecta,Hymenoptera,Megachilidae,Megachile
788,Osmia bicornis,Insects,Animalia,Arthropoda,Insecta,Hymenoptera,Megachilidae,Osmia
789,Osmia cornuta,Insects,Animalia,Arthropoda,Insecta,Hymenoptera,Megachilidae,Osmia
790,Dasymutilla aureola,Insects,Animalia,Arthropoda,Insecta,Hymenoptera,Mutillidae,Dasymutilla
791,Dasymutilla occidentalis,Insects,Animalia,Arthropoda,Insecta,Hymenoptera,Mutillidae,Dasymutilla
792,Pelecinus polyturator,Insects,Animalia,Arthropoda,Insecta,Hymenoptera,Pelecinidae,Pelecinus
793,Megascolia maculata,Insects,Animalia,Arthropoda,Insecta,Hymenoptera,Scoliidae,Megascolia
794,Scolia bicincta,Insects,Animalia,Arthropoda,Insecta,Hymenoptera,Scoliidae,Scolia
795,Scolia dubia,Insects,Animalia,Arthropoda,Insecta,Hymenoptera,Scoliidae,Scolia
796,Scolia hirta,Insects,Animalia,Arthropoda,Insecta,Hymenoptera,Scoliidae,Scolia
797,Scolia nobilitata,Insects,Animalia,Arthropoda,Insecta,Hymenoptera,Scoliidae,Scolia
798,Tremex columba,Insects,Animalia,Arthropoda,Insecta,Hymenoptera,Siricidae,Tremex
799,Ammophila procera,Insects,Animalia,Arthropoda,Insecta,Hymenoptera,Sphecidae,Ammophila
800,Chalybion californicum,Insects,Animalia,Arthropoda,Insecta,Hymenoptera,Sphecidae,Chalybion
801,Chlorion aerarium,Insects,Animalia,Arthropoda,Insecta,Hymenoptera,Sphecidae,Chlorion
802,Eremnophila aureonotata,Insects,Animalia,Arthropoda,Insecta,Hymenoptera,Sphecidae,Eremnophila
803,Isodontia mexicana,Insects,Animalia,Arthropoda,Insecta,Hymenoptera,Sphecidae,Isodontia
804,Sceliphron caementarium,Insects,Animalia,Arthropoda,Insecta,Hymenoptera,Sphecidae,Sceliphron
805,Sphex ichneumoneus,Insects,Animalia,Arthropoda,Insecta,Hymenoptera,Sphecidae,Sphex
806,Sphex nudus,Insects,Animalia,Arthropoda,Insecta,Hymenoptera,Sphecidae,Sphex
807,Sphex pensylvanicus,Insects,Animalia,Arthropoda,Insecta,Hymenoptera,Sphecidae,Sphex
808,Pontania californica,Insects,Animalia,Arthropoda,Insecta,Hymenoptera,Tenthredinidae,Pontania
809,Myzinum quinquecinctum,Insects,Animalia,Arthropoda,Insecta,Hymenoptera,Thynnidae,Myzinum
810,Ancistrocerus adiabatus,Insects,Animalia,Arthropoda,Insecta,Hymenoptera,Vespidae,Ancistrocerus
811,Ancistrocerus antilope,Insects,Animalia,Arthropoda,Insecta,Hymenoptera,Vespidae,Ancistrocerus
812,Ancistrocerus gazella,Insects,Animalia,Arthropoda,Insecta,Hymenoptera,Vespidae,Ancistrocerus
813,Brachygastra mellifica,Insects,Animalia,Arthropoda,Insecta,Hymenoptera,Vespidae,Brachygastra
814,Dolichovespula arenaria,Insects,Animalia,Arthropoda,Insecta,Hymenoptera,Vespidae,Dolichovespula
815,Dolichovespula maculata,Insects,Animalia,Arthropoda,Insecta,Hymenoptera,Vespidae,Dolichovespula
816,Eumenes fraternus,Insects,Animalia,Arthropoda,Insecta,Hymenoptera,Vespidae,Eumenes
817,Euodynerus foraminatus,Insects,Animalia,Arthropoda,Insecta,Hymenoptera,Vespidae,Euodynerus
818,Euodynerus hidalgo,Insects,Animalia,Arthropoda,Insecta,Hymenoptera,Vespidae,Euodynerus
819,Mischocyttarus flavitarsis,Insects,Animalia,Arthropoda,Insecta,Hymenoptera,Vespidae,Mischocyttarus
820,Monobia quadridens,Insects,Animalia,Arthropoda,Insecta,Hymenoptera,Vespidae,Monobia
821,Pachodynerus erynnis,Insects,Animalia,Arthropoda,Insecta,Hymenoptera,Vespidae,Pachodynerus
822,Polistes annularis,Insects,Animalia,Arthropoda,Insecta,Hymenoptera,Vespidae,Polistes
823,Polistes apachus,Insects,Animalia,Arthropoda,Insecta,Hymenoptera,Vespidae,Polistes
824,Polistes aurifer,Insects,Animalia,Arthropoda,Insecta,Hymenoptera,Vespidae,Polistes
825,Polistes bellicosus,Insects,Animalia,Arthropoda,Insecta,Hymenoptera,Vespidae,Polistes
826,Polistes canadensis,Insects,Animalia,Arthropoda,Insecta,Hymenoptera,Vespidae,Polistes
827,Polistes carnifex,Insects,Animalia,Arthropoda,Insecta,Hymenoptera,Vespidae,Polistes
828,Polistes chinensis,Insects,Animalia,Arthropoda,Insecta,Hymenoptera,Vespidae,Polistes
829,Polistes comanchus,Insects,Animalia,Arthropoda,Insecta,Hymenoptera,Vespidae,Polistes
830,Polistes dominula,Insects,Animalia,Arthropoda,Insecta,Hymenoptera,Vespidae,Polistes
831,Polistes dorsalis,Insects,Animalia,Arthropoda,Insecta,Hymenoptera,Vespidae,Polistes
832,Polistes exclamans,Insects,Animalia,Arthropoda,Insecta,Hymenoptera,Vespidae,Polistes
833,Polistes fuscatus,Insects,Animalia,Arthropoda,Insecta,Hymenoptera,Vespidae,Polistes
834,Polistes humilis,Insects,Animalia,Arthropoda,Insecta,Hymenoptera,Vespidae,Polistes
835,Polistes instabilis,Insects,Animalia,Arthropoda,Insecta,Hymenoptera,Vespidae,Polistes
836,Polistes major,Insects,Animalia,Arthropoda,Insecta,Hymenoptera,Vespidae,Polistes
837,Polistes metricus,Insects,Animalia,Arthropoda,Insecta,Hymenoptera,Vespidae,Polistes
838,Vespa affinis,Insects,Animalia,Arthropoda,Insecta,Hymenoptera,Vespidae,Vespa
839,Vespa crabro,Insects,Animalia,Arthropoda,Insecta,Hymenoptera,Vespidae,Vespa
840,Vespa velutina,Insects,Animalia,Arthropoda,Insecta,Hymenoptera,Vespidae,Vespa
841,Vespula alascensis,Insects,Animalia,Arthropoda,Insecta,Hymenoptera,Vespidae,Vespula
842,Vespula germanica,Insects,Animalia,Arthropoda,Insecta,Hymenoptera,Vespidae,Vespula
843,Vespula maculifrons,Insects,Animalia,Arthropoda,Insecta,Hymenoptera,Vespidae,Vespula
844,Vespula pensylvanica,Insects,Animalia,Arthropoda,Insecta,Hymenoptera,Vespidae,Vespula
845,Vespula squamosa,Insects,Animalia,Arthropoda,Insecta,Hymenoptera,Vespidae,Vespula
846,Vespula vidua,Insects,Animalia,Arthropoda,Insecta,Hymenoptera,Vespidae,Vespula
847,Vespula vulgaris,Insects,Animalia,Arthropoda,Insecta,Hymenoptera,Vespidae,Vespula
848,Adela reaumurella,Insects,Animalia,Arthropoda,Insecta,Lepidoptera,Adelidae,Adela
849,Nemophora degeerella,Insects,Animalia,Arthropoda,Insecta,Lepidoptera,Adelidae,Nemophora
850,Apatelodes torrefacta,Insects,Animalia,Arthropoda,Insecta,Lepidoptera,Apatelodidae,Apatelodes
851,Atteva aurea,Insects,Animalia,Arthropoda,Insecta,Lepidoptera,Attevidae,Atteva
852,Blastobasis glandulella,Insects,Animalia,Arthropoda,Insecta,Lepidoptera,Blastobasidae,Blastobasis
853,Limnaecia phragmitella,Insects,Animalia,Arthropoda,Insecta,Lepidoptera,Cosmopterigidae,Limnaecia
854,Cossus cossus,Insects,Animalia,Arthropoda,Insecta,Lepidoptera,Cossidae,Cossus
855,Prionoxystus robiniae,Insects,Animalia,Arthropoda,Insecta,Lepidoptera,Cossidae,Prionoxystus
856,Zeuzera pyrina,Insects,Animalia,Arthropoda,Insecta,Lepidoptera,Cossidae,Zeuzera
857,Achyra affinitalis,Insects,Animalia,Arthropoda,Insecta,Lepidoptera,Crambidae,Achyra
858,Achyra rantalis,Insects,Animalia,Arthropoda,Insecta,Lepidoptera,Crambidae,Achyra
859,Agriphila straminella,Insects,Animalia,Arthropoda,Insecta,Lepidoptera,Crambidae,Agriphila
860,Agriphila tristella,Insects,Animalia,Arthropoda,Insecta,Lepidoptera,Crambidae,Agriphila
861,Agriphila vulgivagellus,Insects,Animalia,Arthropoda,Insecta,Lepidoptera,Crambidae,Agriphila
862,Anageshna primordialis,Insects,Animalia,Arthropoda,Insecta,Lepidoptera,Crambidae,Anageshna
863,Anania funebris,Insects,Animalia,Arthropoda,Insecta,Lepidoptera,Crambidae,Anania
864,Anania hortulata,Insects,Animalia,Arthropoda,Insecta,Lepidoptera,Crambidae,Anania
865,Apogeshna stenialis,Insects,Animalia,Arthropoda,Insecta,Lepidoptera,Crambidae,Apogeshna
866,Argyria lacteella,Insects,Animalia,Arthropoda,Insecta,Lepidoptera,Crambidae,Argyria
867,Blepharomastix ranalis,Insects,Animalia,Arthropoda,Insecta,Lepidoptera,Crambidae,Blepharomastix
868,Chalcoela iphitalis,Insects,Animalia,Arthropoda,Insecta,Lepidoptera,Crambidae,Chalcoela
869,Chrysoteuchia culmella,Insects,Animalia,Arthropoda,Insecta,Lepidoptera,Crambidae,Chrysoteuchia
870,Chrysoteuchia topiarius,Insects,Animalia,Arthropoda,Insecta,Lepidoptera,Crambidae,Chrysoteuchia
871,Cnaphalocrocis medinalis,Insects,Animalia,Arthropoda,Insecta,Lepidoptera,Crambidae,Cnaphalocrocis
872,Cnaphalocrocis poeyalis,Insects,Animalia,Arthropoda,Insecta,Lepidoptera,Crambidae,Cnaphalocrocis
873,Conchylodes ovulalis,Insects,Animalia,Arthropoda,Insecta,Lepidoptera,Crambidae,Conchylodes
874,Crambus agitatellus,Insects,Animalia,Arthropoda,Insecta,Lepidoptera,Crambidae,Crambus
875,Crambus perlella,Insects,Animalia,Arthropoda,Insecta,Lepidoptera,Crambidae,Crambus
876,Culladia cuneiferellus,Insects,Animalia,Arthropoda,Insecta,Lepidoptera,Crambidae,Culladia
877,Cydalima perspectalis,Insects,Animalia,Arthropoda,Insecta,Lepidoptera,Crambidae,Cydalima
878,Desmia funeralis,Insects,Animalia,Arthropoda,Insecta,Lepidoptera,Crambidae,Desmia
879,Diacme adipaloides,Insects,Animalia,Arthropoda,Insecta,Lepidoptera,Crambidae,Diacme
880,Diaphania hyalinata,Insects,Animalia,Arthropoda,Insecta,Lepidoptera,Crambidae,Diaphania
881,Diaphania indica,Insects,Animalia,Arthropoda,Insecta,Lepidoptera,Crambidae,Diaphania
882,Diastictis fracturalis,Insects,Animalia,Arthropoda,Insecta,Lepidoptera,Crambidae,Diastictis
883,Dicymolomia julianalis,Insects,Animalia,Arthropoda,Insecta,Lepidoptera,Crambidae,Dicymolomia
884,Elophila gyralis,Insects,Animalia,Arthropoda,Insecta,Lepidoptera,Crambidae,Elophila
885,Elophila icciusalis,Insects,Animalia,Arthropoda,Insecta,Lepidoptera,Crambidae,Elophila
886,Elophila obliteralis,Insects,Animalia,Arthropoda,Insecta,Lepidoptera,Crambidae,Elophila
887,Euchromius ocellea,Insects,Animalia,Arthropoda,Insecta,Lepidoptera,Crambidae,Euchromius
888,Eustixia pupula,Insects,Animalia,Arthropoda,Insecta,Lepidoptera,Crambidae,Eustixia
889,Evergestis pallidata,Insects,Animalia,Arthropoda,Insecta,Lepidoptera,Crambidae,Evergestis
890,Glaphyria sesquistrialis,Insects,Animalia,Arthropoda,Insecta,Lepidoptera,Crambidae,Glaphyria
891,Glyphodes onychinalis,Insects,Animalia,Arthropoda,Insecta,Lepidoptera,Crambidae,Glyphodes
892,Hellula hydralis,Insects,Animalia,Arthropoda,Insecta,Lepidoptera,Crambidae,Hellula
893,Herpetogramma bipunctalis,Insects,Animalia,Arthropoda,Insecta,Lepidoptera,Crambidae,Herpetogramma
894,Herpetogramma licarsisalis,Insects,Animalia,Arthropoda,Insecta,Lepidoptera,Crambidae,Herpetogramma
895,Herpetogramma phaeopteralis,Insects,Animalia,Arthropoda,Insecta,Lepidoptera,Crambidae,Herpetogramma
896,Hileithia magualis,Insects,Animalia,Arthropoda,Insecta,Lepidoptera,Crambidae,Hileithia
897,Hygraula nitens,Insects,Animalia,Arthropoda,Insecta,Lepidoptera,Crambidae,Hygraula
898,Hymenia perspectalis,Insects,Animalia,Arthropoda,Insecta,Lepidoptera,Crambidae,Hymenia
899,Lamprosema victoriae,Insects,Animalia,Arthropoda,Insecta,Lepidoptera,Crambidae,Lamprosema
900,Leucinodes cordalis,Insects,Animalia,Arthropoda,Insecta,Lepidoptera,Crambidae,Leucinodes
901,Lineodes integra,Insects,Animalia,Arthropoda,Insecta,Lepidoptera,Crambidae,Lineodes
902,Lygropia rivulalis,Insects,Animalia,Arthropoda,Insecta,Lepidoptera,Crambidae,Lygropia
903,Maruca vitrata,Insects,Animalia,Arthropoda,Insecta,Lepidoptera,Crambidae,Maruca
904,Microcrambus biguttellus,Insects,Animalia,Arthropoda,Insecta,Lepidoptera,Crambidae,Microcrambus
905,Microcrambus elegans,Insects,Animalia,Arthropoda,Insecta,Lepidoptera,Crambidae,Microcrambus
906,Microtheoris ophionalis,Insects,Animalia,Arthropoda,Insecta,Lepidoptera,Crambidae,Microtheoris
907,Microtheoris vibicalis,Insects,Animalia,Arthropoda,Insecta,Lepidoptera,Crambidae,Microtheoris
908,Mimoschinia rufofascialis,Insects,Animalia,Arthropoda,Insecta,Lepidoptera,Crambidae,Mimoschinia
909,Nacoleia rhoeoalis,Insects,Animalia,Arthropoda,Insecta,Lepidoptera,Crambidae,Nacoleia
910,Nomophila nearctica,Insects,Animalia,Arthropoda,Insecta,Lepidoptera,Crambidae,Nomophila
911,Nomophila noctuella,Insects,Animalia,Arthropoda,Insecta,Lepidoptera,Crambidae,Nomophila
912,Orocrambus flexuosellus,Insects,Animalia,Arthropoda,Insecta,Lepidoptera,Crambidae,Orocrambus
913,Ostrinia nubilalis,Insects,Animalia,Arthropoda,Insecta,Lepidoptera,Crambidae,Ostrinia
914,Palpita magniferalis,Insects,Animalia,Arthropoda,Insecta,Lepidoptera,Crambidae,Palpita
915,Palpita quadristigmalis,Insects,Animalia,Arthropoda,Insecta,Lepidoptera,Crambidae,Palpita
916,Palpita vitrealis,Insects,Animalia,Arthropoda,Insecta,Lepidoptera,Crambidae,Palpita
917,Pantographa limata,Insects,Animalia,Arthropoda,Insecta,Lepidoptera,Crambidae,Pantographa
918,Parapediasia teterrellus,Insects,Animalia,Arthropoda,Insecta,Lepidoptera,Crambidae,Parapediasia
919,Parapoynx allionealis,Insects,Animalia,Arthropoda,Insecta,Lepidoptera,Crambidae,Parapoynx
920,Parapoynx badiusalis,Insects,Animalia,Arthropoda,Insecta,Lepidoptera,Crambidae,Parapoynx
921,Parapoynx diminutalis,Insects,Animalia,Arthropoda,Insecta,Lepidoptera,Crambidae,Parapoynx
922,Parapoynx maculalis,Insects,Animalia,Arthropoda,Insecta,Lepidoptera,Crambidae,Parapoynx
923,Patania ruralis,Insects,Animalia,Arthropoda,Insecta,Lepidoptera,Crambidae,Patania
924,Perispasta caeculalis,Insects,Animalia,Arthropoda,Insecta,Lepidoptera,Crambidae,Perispasta
925,Petrophila bifascialis,Insects,Animalia,Arthropoda,Insecta,Lepidoptera,Crambidae,Petrophila
926,Petrophila jaliscalis,Insects,Animalia,Arthropoda,Insecta,Lepidoptera,Crambidae,Petrophila
927,Pyrausta acrionalis,Insects,Animalia,Arthropoda,Insecta,Lepidoptera,Crambidae,Pyrausta
928,Pyrausta aurata,Insects,Animalia,Arthropoda,Insecta,Lepidoptera,Crambidae,Pyrausta
929,Pyrausta bicoloralis,Insects,Animalia,Arthropoda,Insecta,Lepidoptera,Crambidae,Pyrausta
930,Pyrausta despicata,Insects,Animalia,Arthropoda,Insecta,Lepidoptera,Crambidae,Pyrausta
931,Pyrausta inornatalis,Insects,Animalia,Arthropoda,Insecta,Lepidoptera,Crambidae,Pyrausta
932,Pyrausta laticlavia,Insects,Animalia,Arthropoda,Insecta,Lepidoptera,Crambidae,Pyrausta
933,Pyrausta orphisalis,Insects,Animalia,Arthropoda,Insecta,Lepidoptera,Crambidae,Pyrausta
934,Pyrausta purpuralis,Insects,Animalia,Arthropoda,Insecta,Lepidoptera,Crambidae,Pyrausta
935,Pyrausta signatalis,Insects,Animalia,Arthropoda,Insecta,Lepidoptera,Crambidae,Pyrausta
936,Pyrausta tyralis,Insects,Animalia,Arthropoda,Insecta,Lepidoptera,Crambidae,Pyrausta
937,Pyrausta volupialis,Insects,Animalia,Arthropoda,Insecta,Lepidoptera,Crambidae,Pyrausta
938,Samea baccatalis,Insects,Animalia,Arthropoda,Insecta,Lepidoptera,Crambidae,Samea
939,Samea ecclesialis,Insects,Animalia,Arthropoda,Insecta,Lepidoptera,Crambidae,Samea
940,Samea multiplicalis,Insects,Animalia,Arthropoda,Insecta,Lepidoptera,Crambidae,Samea
941,Sameodes cancellalis,Insects,Animalia,Arthropoda,Insecta,Lepidoptera,Crambidae,Sameodes
942,Scoparia biplagialis,Insects,Animalia,Arthropoda,Insecta,Lepidoptera,Crambidae,Scoparia
943,Sitochroa palealis,Insects,Animalia,Arthropoda,Insecta,Lepidoptera,Crambidae,Sitochroa
944,Spoladea recurvalis,Insects,Animalia,Arthropoda,Insecta,Lepidoptera,Crambidae,Spoladea
945,Syngamia florella,Insects,Animalia,Arthropoda,Insecta,Lepidoptera,Crambidae,Syngamia
946,Udea ferrugalis,Insects,Animalia,Arthropoda,Insecta,Lepidoptera,Crambidae,Udea
947,Udea rubigalis,Insects,Animalia,Arthropoda,Insecta,Lepidoptera,Crambidae,Udea
948,Uresiphita reversalis,Insects,Animalia,Arthropoda,Insecta,Lepidoptera,Crambidae,Uresiphita
949,Urola nivalis,Insects,Animalia,Arthropoda,Insecta,Lepidoptera,Crambidae,Urola
950,Agonopterix alstroemeriana,Insects,Animalia,Arthropoda,Insecta,Lepidoptera,Depressariidae,Agonopterix
951,Carcina quercana,Insects,Animalia,Arthropoda,Insecta,Lepidoptera,Depressariidae,Carcina
952,Machimia tentoriferella,Insects,Animalia,Arthropoda,Insecta,Lepidoptera,Depressariidae,Machimia
953,Drepana arcuata,Insects,Animalia,Arthropoda,Insecta,Lepidoptera,Drepanidae,Drepana
954,Drepana bilineata,Insects,Animalia,Arthropoda,Insecta,Lepidoptera,Drepanidae,Drepana
955,Drepana falcataria,Insects,Animalia,Arthropoda,Insecta,Lepidoptera,Drepanidae,Drepana
956,Habrosyne pyritoides,Insects,Animalia,Arthropoda,Insecta,Lepidoptera,Drepanidae,Habrosyne
957,Habrosyne scripta,Insects,Animalia,Arthropoda,Insecta,Lepidoptera,Drepanidae,Habrosyne
958,Oreta rosea,Insects,Animalia,Arthropoda,Insecta,Lepidoptera,Drepanidae,Oreta
959,Pseudothyatira cymatophoroides,Insects,Animalia,Arthropoda,Insecta,Lepidoptera,Drepanidae,Pseudothyatira
960,Thyatira batis,Insects,Animalia,Arthropoda,Insecta,Lepidoptera,Drepanidae,Thyatira
961,Watsonalla binaria,Insects,Animalia,Arthropoda,Insecta,Lepidoptera,Drepanidae,Watsonalla
962,Watsonalla cultraria,Insects,Animalia,Arthropoda,Insecta,Lepidoptera,Drepanidae,Watsonalla
963,Achaea janata,Insects,Animalia,Arthropoda,Insecta,Lepidoptera,Erebidae,Achaea
964,Allotria elonympha,Insects,Animalia,Arthropoda,Insecta,Lepidoptera,Erebidae,Allotria
965,Amata huebneri,Insects,Animalia,Arthropoda,Insecta,Lepidoptera,Erebidae,Amata
966,Amata phegea,Insects,Animalia,Arthropoda,Insecta,Lepidoptera,Erebidae,Amata
967,Anticarsia gemmatalis,Insects,Animalia,Arthropoda,Insecta,Lepidoptera,Erebidae,Anticarsia
968,Apantesis arge,Insects,Animalia,Arthropoda,Insecta,Lepidoptera,Erebidae,Apantesis
969,Apantesis ornata,Insects,Animalia,Arthropoda,Insecta,Lepidoptera,Erebidae,Apantesis
970,Apantesis parthenice,Insects,Animalia,Arthropoda,Insecta,Lepidoptera,Erebidae,Apantesis
971,Apantesis phalerata,Insects,Animalia,Arthropoda,Insecta,Lepidoptera,Erebidae,Apantesis
972,Apantesis proxima,Insects,Animalia,Arthropoda,Insecta,Lepidoptera,Erebidae,Apantesis
973,Apantesis virgo,Insects,Animalia,Arthropoda,Insecta,Lepidoptera,Erebidae,Apantesis
974,Apantesis virguncula,Insects,Animalia,Arthropoda,Insecta,Lepidoptera,Erebidae,Apantesis
975,Arachnis picta,Insects,Animalia,Arthropoda,Insecta,Lepidoptera,Erebidae,Arachnis
976,Arctia caja,Insects,Animalia,Arthropoda,Insecta,Lepidoptera,Erebidae,Arctia
977,Arctia parthenos,Insects,Animalia,Arthropoda,Insecta,Lepidoptera,Erebidae,Arctia
978,Arctia plantaginis,Insects,Animalia,Arthropoda,Insecta,Lepidoptera,Erebidae,Arctia
979,Arctia villica,Insects,Animalia,Arthropoda,Insecta,Lepidoptera,Erebidae,Arctia
980,Arctia virginalis,Insects,Animalia,Arthropoda,Insecta,Lepidoptera,Erebidae,Arctia
981,Ascalapha odorata,Insects,Animalia,Arthropoda,Insecta,Lepidoptera,Erebidae,Ascalapha
982,Asota caricae,Insects,Animalia,Arthropoda,Insecta,Lepidoptera,Erebidae,Asota
983,Asota heliconia,Insects,Animalia,Arthropoda,Insecta,Lepidoptera,Erebidae,Asota
984,Atolmis rubricollis,Insects,Animalia,Arthropoda,Insecta,Lepidoptera,Erebidae,Atolmis
985,Bleptina caradrinalis,Insects,Animalia,Arthropoda,Insecta,Lepidoptera,Erebidae,Bleptina
986,Brunia antica,Insects,Animalia,Arthropoda,Insecta,Lepidoptera,Erebidae,Brunia
987,Bulia deducta,Insects,Animalia,Arthropoda,Insecta,Lepidoptera,Erebidae,Bulia
988,Caenurgia chloropha,Insects,Animalia,Arthropoda,Insecta,Lepidoptera,Erebidae,Caenurgia
989,Caenurgina crassiuscula,Insects,Animalia,Arthropoda,Insecta,Lepidoptera,Erebidae,Caenurgina
990,Caenurgina erechtea,Insects,Animalia,Arthropoda,Insecta,Lepidoptera,Erebidae,Caenurgina
991,Callimorpha dominula,Insects,Animalia,Arthropoda,Insecta,Lepidoptera,Erebidae,Callimorpha
992,Callistege mi,Insects,Animalia,Arthropoda,Insecta,Lepidoptera,Erebidae,Callistege
993,Calliteara pudibunda,Insects,Animalia,Arthropoda,Insecta,Lepidoptera,Erebidae,Calliteara
994,Catocala amatrix,Insects,Animalia,Arthropoda,Insecta,Lepidoptera,Erebidae,Catocala
995,Catocala cara,Insects,Animalia,Arthropoda,Insecta,Lepidoptera,Erebidae,Catocala
996,Catocala concumbens,Insects,Animalia,Arthropoda,Insecta,Lepidoptera,Erebidae,Catocala
997,Catocala grynea,Insects,Animalia,Arthropoda,Insecta,Lepidoptera,Erebidae,Catocala
998,Catocala ilia,Insects,Animalia,Arthropoda,Insecta,Lepidoptera,Erebidae,Catocala
999,Catocala lineella,Insects,Animalia,Arthropoda,Insecta,Lepidoptera,Erebidae,Catocala
1000,Catocala maestosa,Insects,Animalia,Arthropoda,Insecta,Lepidoptera,Erebidae,Catocala
1001,Catocala micronympha,Insects,Animalia,Arthropoda,Insecta,Lepidoptera,Erebidae,Catocala
1002,Catocala neogama,Insects,Animalia,Arthropoda,Insecta,Lepidoptera,Erebidae,Catocala
1003,Catocala nupta,Insects,Animalia,Arthropoda,Insecta,Lepidoptera,Erebidae,Catocala
1004,Catocala piatrix,Insects,Animalia,Arthropoda,Insecta,Lepidoptera,Erebidae,Catocala
1005,Catocala relicta,Insects,Animalia,Arthropoda,Insecta,Lepidoptera,Erebidae,Catocala
1006,Catocala ultronia,Insects,Animalia,Arthropoda,Insecta,Lepidoptera,Erebidae,Catocala
1007,Catocala vidua,Insects,Animalia,Arthropoda,Insecta,Lepidoptera,Erebidae,Catocala
1008,Chytolita morbidalis,Insects,Animalia,Arthropoda,Insecta,Lepidoptera,Erebidae,Chytolita
1009,Cisseps fulvicollis,Insects,Animalia,Arthropoda,Insecta,Lepidoptera,Erebidae,Cisseps
1010,Cisthene plumbea,Insects,Animalia,Arthropoda,Insecta,Lepidoptera,Erebidae,Cisthene
1011,Cisthene tenuifascia,Insects,Animalia,Arthropoda,Insecta,Lepidoptera,Erebidae,Cisthene
1012,Clemensia albata,Insects,Animalia,Arthropoda,Insecta,Lepidoptera,Erebidae,Clemensia
1013,Crambidia pallida,Insects,Animalia,Arthropoda,Insecta,Lepidoptera,Erebidae,Crambidia
1014,Creatonotos gangis,Insects,Animalia,Arthropoda,Insecta,Lepidoptera,Erebidae,Creatonotos
1015,Creatonotos transiens,Insects,Animalia,Arthropoda,Insecta,Lepidoptera,Erebidae,Creatonotos
1016,Ctenucha virginica,Insects,Animalia,Arthropoda,Insecta,Lepidoptera,Erebidae,Ctenucha
1017,Cycnia collaris,Insects,Animalia,Arthropoda,Insecta,Lepidoptera,Erebidae,Cycnia
1018,Cycnia tenera,Insects,Animalia,Arthropoda,Insecta,Lepidoptera,Erebidae,Cycnia
1019,Cyligramma latona,Insects,Animalia,Arthropoda,Insecta,Lepidoptera,Erebidae,Cyligramma
1020,Dasychira chekiangensis,Insects,Animalia,Arthropoda,Insecta,Lepidoptera,Erebidae,Dasychira
1021,Dasypodia cymatodes,Insects,Animalia,Arthropoda,Insecta,Lepidoptera,Erebidae,Dasypodia
1022,Diacrisia sannio,Insects,Animalia,Arthropoda,Insecta,Lepidoptera,Erebidae,Diacrisia
1023,Dysgonia algira,Insects,Animalia,Arthropoda,Insecta,Lepidoptera,Erebidae,Dysgonia
1024,Dysschema howardi,Insects,Animalia,Arthropoda,Insecta,Lepidoptera,Erebidae,Dysschema
1025,Eilema depressa,Insects,Animalia,Arthropoda,Insecta,Lepidoptera,Erebidae,Eilema
1026,Eilema lurideola,Insects,Animalia,Arthropoda,Insecta,Lepidoptera,Erebidae,Eilema
1027,Eilema sororcula,Insects,Animalia,Arthropoda,Insecta,Lepidoptera,Erebidae,Eilema
1028,Erebus ephesperis,Insects,Animalia,Arthropoda,Insecta,Lepidoptera,Erebidae,Erebus
1029,Estigmene acrea,Insects,Animalia,Arthropoda,Insecta,Lepidoptera,Erebidae,Estigmene
1030,Eubolina impartialis,Insects,Animalia,Arthropoda,Insecta,Lepidoptera,Erebidae,Eubolina
1031,Euchaetes egle,Insects,Animalia,Arthropoda,Insecta,Lepidoptera,Erebidae,Euchaetes
1032,Euclidia cuspidea,Insects,Animalia,Arthropoda,Insecta,Lepidoptera,Erebidae,Euclidia
1033,Euclidia glyphica,Insects,Animalia,Arthropoda,Insecta,Lepidoptera,Erebidae,Euclidia
1034,Eudocima phalonia,Insects,Animalia,Arthropoda,Insecta,Lepidoptera,Erebidae,Eudocima
1035,Euparthenos nubilis,Insects,Animalia,Arthropoda,Insecta,Lepidoptera,Erebidae,Euparthenos
1036,Euplagia quadripunctaria,Insects,Animalia,Arthropoda,Insecta,Lepidoptera,Erebidae,Euplagia
1037,Euproctis chrysorrhoea,Insects,Animalia,Arthropoda,Insecta,Lepidoptera,Erebidae,Euproctis
1038,Gnophaela vermiculata,Insects,Animalia,Arthropoda,Insecta,Lepidoptera,Erebidae,Gnophaela
1039,Halone sejuncta,Insects,Animalia,Arthropoda,Insecta,Lepidoptera,Erebidae,Halone
1040,Halysidota harrisii,Insects,Animalia,Arthropoda,Insecta,Lepidoptera,Erebidae,Halysidota
1041,Halysidota tessellaris,Insects,Animalia,Arthropoda,Insecta,Lepidoptera,Erebidae,Halysidota
1042,Haploa clymene,Insects,Animalia,Arthropoda,Insecta,Lepidoptera,Erebidae,Haploa
1043,Haploa confusa,Insects,Animalia,Arthropoda,Insecta,Lepidoptera,Erebidae,Haploa
1044,Haploa lecontei,Insects,Animalia,Arthropoda,Insecta,Lepidoptera,Erebidae,Haploa
1045,Hypena abalienalis,Insects,Animalia,Arthropoda,Insecta,Lepidoptera,Erebidae,Hypena
1046,Hypena baltimoralis,Insects,Animalia,Arthropoda,Insecta,Lepidoptera,Erebidae,Hypena
1047,Hypena bijugalis,Insects,Animalia,Arthropoda,Insecta,Lepidoptera,Erebidae,Hypena
1048,Hypena deceptalis,Insects,Animalia,Arthropoda,Insecta,Lepidoptera,Erebidae,Hypena
1049,Hypena madefactalis,Insects,Animalia,Arthropoda,Insecta,Lepidoptera,Erebidae,Hypena
1050,Hypena manalis,Insects,Animalia,Arthropoda,Insecta,Lepidoptera,Erebidae,Hypena
1051,Hypena palparia,Insects,Animalia,Arthropoda,Insecta,Lepidoptera,Erebidae,Hypena
1052,Hypena proboscidalis,Insects,Animalia,Arthropoda,Insecta,Lepidoptera,Erebidae,Hypena
1053,Hypena scabra,Insects,Animalia,Arthropoda,Insecta,Lepidoptera,Erebidae,Hypena
1054,Hypercompe oslari,Insects,Animalia,Arthropoda,Insecta,Lepidoptera,Erebidae,Hypercompe
1055,Hypercompe scribonia,Insects,Animalia,Arthropoda,Insecta,Lepidoptera,Erebidae,Hypercompe
1056,Hyphantria cunea,Insects,Animalia,Arthropoda,Insecta,Lepidoptera,Erebidae,Hyphantria
1057,Hypoprepia fucosa,Insects,Animalia,Arthropoda,Insecta,Lepidoptera,Erebidae,Hypoprepia
1058,Hypoprepia miniata,Insects,Animalia,Arthropoda,Insecta,Lepidoptera,Erebidae,Hypoprepia
1059,Hypsoropha hormos,Insects,Animalia,Arthropoda,Insecta,Lepidoptera,Erebidae,Hypsoropha
1060,Idia aemula,Insects,Animalia,Arthropoda,Insecta,Lepidoptera,Erebidae,Idia
1061,Idia americalis,Insects,Animalia,Arthropoda,Insecta,Lepidoptera,Erebidae,Idia
1062,Idia lubricalis,Insects,Animalia,Arthropoda,Insecta,Lepidoptera,Erebidae,Idia
1063,Idia rotundalis,Insects,Animalia,Arthropoda,Insecta,Lepidoptera,Erebidae,Idia
1064,Isogona tenuis,Insects,Animalia,Arthropoda,Insecta,Lepidoptera,Erebidae,Isogona
1065,Lascoria ambigualis,Insects,Animalia,Arthropoda,Insecta,Lepidoptera,Erebidae,Lascoria
1066,Laspeyria flexula,Insects,Animalia,Arthropoda,Insecta,Lepidoptera,Erebidae,Laspeyria
1067,Leucoma salicis,Insects,Animalia,Arthropoda,Insecta,Lepidoptera,Erebidae,Leucoma
1068,Lithosia quadra,Insects,Animalia,Arthropoda,Insecta,Lepidoptera,Erebidae,Lithosia
1069,Lophocampa annulosa,Insects,Animalia,Arthropoda,Insecta,Lepidoptera,Erebidae,Lophocampa
1070,Lophocampa argentata,Insects,Animalia,Arthropoda,Insecta,Lepidoptera,Erebidae,Lophocampa
1071,Lophocampa caryae,Insects,Animalia,Arthropoda,Insecta,Lepidoptera,Erebidae,Lophocampa
1072,Lophocampa maculata,Insects,Animalia,Arthropoda,Insecta,Lepidoptera,Erebidae,Lophocampa
1073,Lycomorpha pholus,Insects,Animalia,Arthropoda,Insecta,Lepidoptera,Erebidae,Lycomorpha
1074,Lymantria dispar,Insects,Animalia,Arthropoda,Insecta,Lepidoptera,Erebidae,Lymantria
1075,Lymantria monacha,Insects,Animalia,Arthropoda,Insecta,Lepidoptera,Erebidae,Lymantria
1076,Melipotis acontioides,Insects,Animalia,Arthropoda,Insecta,Lepidoptera,Erebidae,Melipotis
1077,Melipotis cellaris,Insects,Animalia,Arthropoda,Insecta,Lepidoptera,Erebidae,Melipotis
1078,Melipotis indomita,Insects,Animalia,Arthropoda,Insecta,Lepidoptera,Erebidae,Melipotis
1079,Melipotis jucunda,Insects,Animalia,Arthropoda,Insecta,Lepidoptera,Erebidae,Melipotis
1080,Metalectra discalis,Insects,Animalia,Arthropoda,Insecta,Lepidoptera,Erebidae,Metalectra
1081,Metria amella,Insects,Animalia,Arthropoda,Insecta,Lepidoptera,Erebidae,Metria
1082,Miltochrista miniata,Insects,Animalia,Arthropoda,Insecta,Lepidoptera,Erebidae,Miltochrista
1083,Mocis frugalis,Insects,Animalia,Arthropoda,Insecta,Lepidoptera,Erebidae,Mocis
1084,Mocis latipes,Insects,Animalia,Arthropoda,Insecta,Lepidoptera,Erebidae,Mocis
1085,Mocis marcida,Insects,Animalia,Arthropoda,Insecta,Lepidoptera,Erebidae,Mocis
1086,Nigetia formosalis,Insects,Animalia,Arthropoda,Insecta,Lepidoptera,Erebidae,Nigetia
1087,Nyctemera adversata,Insects,Animalia,Arthropoda,Insecta,Lepidoptera,Erebidae,Nyctemera
1088,Nyctemera amicus,Insects,Animalia,Arthropoda,Insecta,Lepidoptera,Erebidae,Nyctemera
1089,Nyctemera annulata,Insects,Animalia,Arthropoda,Insecta,Lepidoptera,Erebidae,Nyctemera
1090,Nyctemera baulus,Insects,Animalia,Arthropoda,Insecta,Lepidoptera,Erebidae,Nyctemera
1091,Orgyia antiqua,Insects,Animalia,Arthropoda,Insecta,Lepidoptera,Erebidae,Orgyia
1092,Orgyia definita,Insects,Animalia,Arthropoda,Insecta,Lepidoptera,Erebidae,Orgyia
1093,Orgyia detrita,Insects,Animalia,Arthropoda,Insecta,Lepidoptera,Erebidae,Orgyia
1094,Orgyia leucostigma,Insects,Animalia,Arthropoda,Insecta,Lepidoptera,Erebidae,Orgyia
1095,Orgyia postica,Insects,Animalia,Arthropoda,Insecta,Lepidoptera,Erebidae,Orgyia
1096,Orgyia vetusta,Insects,Animalia,Arthropoda,Insecta,Lepidoptera,Erebidae,Orgyia
1097,Orvasca subnotata,Insects,Animalia,Arthropoda,Insecta,Lepidoptera,Erebidae,Orvasca
1098,Palthis angulalis,Insects,Animalia,Arthropoda,Insecta,Lepidoptera,Erebidae,Palthis
1099,Palthis asopialis,Insects,Animalia,Arthropoda,Insecta,Lepidoptera,Erebidae,Palthis
1100,Pangrapta decoralis,Insects,Animalia,Arthropoda,Insecta,Lepidoptera,Erebidae,Pangrapta
1101,Panopoda carneicosta,Insects,Animalia,Arthropoda,Insecta,Lepidoptera,Erebidae,Panopoda
1102,Panopoda rufimargo,Insects,Animalia,Arthropoda,Insecta,Lepidoptera,Erebidae,Panopoda
1103,Pantydia sparsa,Insects,Animalia,Arthropoda,Insecta,Lepidoptera,Erebidae,Pantydia
1104,Parallelia bistriaris,Insects,Animalia,Arthropoda,Insecta,Lepidoptera,Erebidae,Parallelia
1105,Pareuchaetes insulata,Insects,Animalia,Arthropoda,Insecta,Lepidoptera,Erebidae,Pareuchaetes
1106,Perina nuda,Insects,Animalia,Arthropoda,Insecta,Lepidoptera,Erebidae,Perina
1107,Phalaenophana pyramusalis,Insects,Animalia,Arthropoda,Insecta,Lepidoptera,Erebidae,Phalaenophana
1108,Phalaenostola larentioides,Insects,Animalia,Arthropoda,Insecta,Lepidoptera,Erebidae,Phalaenostola
1109,Philenora aspectalella,Insects,Animalia,Arthropoda,Insecta,Lepidoptera,Erebidae,Philenora
1110,Phoberia atomaris,Insects,Animalia,Arthropoda,Insecta,Lepidoptera,Erebidae,Phoberia
1111,Phragmatobia fuliginosa,Insects,Animalia,Arthropoda,Insecta,Lepidoptera,Erebidae,Phragmatobia
1112,Phyprosopus callitrichoides,Insects,Animalia,Arthropoda,Insecta,Lepidoptera,Erebidae,Phyprosopus
1113,Plusiodonta compressipalpis,Insects,Animalia,Arthropoda,Insecta,Lepidoptera,Erebidae,Plusiodonta
1114,Pyrrharctia isabella,Insects,Animalia,Arthropoda,Insecta,Lepidoptera,Erebidae,Pyrrharctia
1115,Renia flavipunctalis,Insects,Animalia,Arthropoda,Insecta,Lepidoptera,Erebidae,Renia
1116,Rhapsa scotosialis,Insects,Animalia,Arthropoda,Insecta,Lepidoptera,Erebidae,Rhapsa
1117,Rivula propinqualis,Insects,Animalia,Arthropoda,Insecta,Lepidoptera,Erebidae,Rivula
1118,Rivula sericealis,Insects,Animalia,Arthropoda,Insecta,Lepidoptera,Erebidae,Rivula
1119,Scolecocampa liburna,Insects,Animalia,Arthropoda,Insecta,Lepidoptera,Erebidae,Scolecocampa
1120,Scoliopteryx libatrix,Insects,Animalia,Arthropoda,Insecta,Lepidoptera,Erebidae,Scoliopteryx
1121,Selenisa sueroides,Insects,Animalia,Arthropoda,Insecta,Lepidoptera,Erebidae,Selenisa
1122,Sphrageidus similis,Insects,Animalia,Arthropoda,Insecta,Lepidoptera,Erebidae,Sphrageidus
1123,Spilosoma congrua,Insects,Animalia,Arthropoda,Insecta,Lepidoptera,Erebidae,Spilosoma
1124,Spilosoma curvata,Insects,Animalia,Arthropoda,Insecta,Lepidoptera,Erebidae,Spilosoma
1125,Spilosoma lubricipeda,Insects,Animalia,Arthropoda,Insecta,Lepidoptera,Erebidae,Spilosoma
1126,Spilosoma lutea,Insects,Animalia,Arthropoda,Insecta,Lepidoptera,Erebidae,Spilosoma
1127,Spilosoma virginica,Insects,Animalia,Arthropoda,Insecta,Lepidoptera,Erebidae,Spilosoma
1128,Syntomeida epilais,Insects,Animalia,Arthropoda,Insecta,Lepidoptera,Erebidae,Syntomeida
1129,Syntomoides imaon,Insects,Animalia,Arthropoda,Insecta,Lepidoptera,Erebidae,Syntomoides
1130,Tetanolita mynesalis,Insects,Animalia,Arthropoda,Insecta,Lepidoptera,Erebidae,Tetanolita
1131,Trigonodes hyppasia,Insects,Animalia,Arthropoda,Insecta,Lepidoptera,Erebidae,Trigonodes
1132,Tyria jacobaeae,Insects,Animalia,Arthropoda,Insecta,Lepidoptera,Erebidae,Tyria
1133,Utetheisa ornatrix,Insects,Animalia,Arthropoda,Insecta,Lepidoptera,Erebidae,Utetheisa
1134,Utetheisa pulchella,Insects,Animalia,Arthropoda,Insecta,Lepidoptera,Erebidae,Utetheisa
1135,Virbia aurantiaca,Insects,Animalia,Arthropoda,Insecta,Lepidoptera,Erebidae,Virbia
1136,Virbia laeta,Insects,Animalia,Arthropoda,Insecta,Lepidoptera,Erebidae,Virbia
1137,Zale horrida,Insects,Animalia,Arthropoda,Insecta,Lepidoptera,Erebidae,Zale
1138,Zale lunata,Insects,Animalia,Arthropoda,Insecta,Lepidoptera,Erebidae,Zale
1139,Zale minerea,Insects,Animalia,Arthropoda,Insecta,Lepidoptera,Erebidae,Zale
1140,Zanclognatha laevigata,Insects,Animalia,Arthropoda,Insecta,Lepidoptera,Erebidae,Zanclognatha
1141,Zanclognatha pedipilalis,Insects,Animalia,Arthropoda,Insecta,Lepidoptera,Erebidae,Zanclognatha
1142,Marathyssa inficita,Insects,Animalia,Arthropoda,Insecta,Lepidoptera,Euteliidae,Marathyssa
1143,Paectes abrostoloides,Insects,Animalia,Arthropoda,Insecta,Lepidoptera,Euteliidae,Paectes
1144,Paectes oculatrix,Insects,Animalia,Arthropoda,Insecta,Lepidoptera,Euteliidae,Paectes
1145,Chionodes mediofuscella,Insects,Animalia,Arthropoda,Insecta,Lepidoptera,Gelechiidae,Chionodes
1146,Dichomeris flavocostella,Insects,Animalia,Arthropoda,Insecta,Lepidoptera,Gelechiidae,Dichomeris
1147,Stegasta bosqueella,Insects,Animalia,Arthropoda,Insecta,Lepidoptera,Gelechiidae,Stegasta
1148,Abraxas sylvata,Insects,Animalia,Arthropoda,Insecta,Lepidoptera,Geometridae,Abraxas
1149,Alcis repandata,Insects,Animalia,Arthropoda,Insecta,Lepidoptera,Geometridae,Alcis
1150,Alsophila pometaria,Insects,Animalia,Arthropoda,Insecta,Lepidoptera,Geometridae,Alsophila
1151,Anavitrinella pampinaria,Insects,Animalia,Arthropoda,Insecta,Lepidoptera,Geometridae,Anavitrinella
1152,Anticlea vasiliata,Insects,Animalia,Arthropoda,Insecta,Lepidoptera,Geometridae,Anticlea
1153,Aplocera plagiata,Insects,Animalia,Arthropoda,Insecta,Lepidoptera,Geometridae,Aplocera
1154,Arhodia lasiocamparia,Insects,Animalia,Arthropoda,Insecta,Lepidoptera,Geometridae,Arhodia
1155,Besma quercivoraria,Insects,Animalia,Arthropoda,Insecta,Lepidoptera,Geometridae,Besma
1156,Biston betularia,Insects,Animalia,Arthropoda,Insecta,Lepidoptera,Geometridae,Biston
1157,Cabera erythemaria,Insects,Animalia,Arthropoda,Insecta,Lepidoptera,Geometridae,Cabera
1158,Cabera pusaria,Insects,Animalia,Arthropoda,Insecta,Lepidoptera,Geometridae,Cabera
1159,Campaea margaritaria,Insects,Animalia,Arthropoda,Insecta,Lepidoptera,Geometridae,Campaea
1160,Campaea perlata,Insects,Animalia,Arthropoda,Insecta,Lepidoptera,Geometridae,Campaea
1161,Camptogramma bilineata,Insects,Animalia,Arthropoda,Insecta,Lepidoptera,Geometridae,Camptogramma
1162,Caripeta divisata,Insects,Animalia,Arthropoda,Insecta,Lepidoptera,Geometridae,Caripeta
1163,Caripeta piniata,Insects,Animalia,Arthropoda,Insecta,Lepidoptera,Geometridae,Caripeta
1164,Chiasmia clathrata,Insects,Animalia,Arthropoda,Insecta,Lepidoptera,Geometridae,Chiasmia
1165,Chiasmia emersaria,Insects,Animalia,Arthropoda,Insecta,Lepidoptera,Geometridae,Chiasmia
1166,Chloraspilates bicoloraria,Insects,Animalia,Arthropoda,Insecta,Lepidoptera,Geometridae,Chloraspilates
1167,Chlorochlamys chloroleucaria,Insects,Animalia,Arthropoda,Insecta,Lepidoptera,Geometridae,Chlorochlamys
1168,Chloroclysta siterata,Insects,Animalia,Arthropoda,Insecta,Lepidoptera,Geometridae,Chloroclysta
1169,Chloroclystis filata,Insects,Animalia,Arthropoda,Insecta,Lepidoptera,Geometridae,Chloroclystis
1170,Chloroclystis inductata,Insects,Animalia,Arthropoda,Insecta,Lepidoptera,Geometridae,Chloroclystis
1171,Cingilia catenaria,Insects,Animalia,Arthropoda,Insecta,Lepidoptera,Geometridae,Cingilia
1172,Circopetes obtusata,Insects,Animalia,Arthropoda,Insecta,Lepidoptera,Geometridae,Circopetes
1173,Cladara atroliturata,Insects,Animalia,Arthropoda,Insecta,Lepidoptera,Geometridae,Cladara
1174,Cladara limitaria,Insects,Animalia,Arthropoda,Insecta,Lepidoptera,Geometridae,Cladara
1175,Colostygia pectinataria,Insects,Animalia,Arthropoda,Insecta,Lepidoptera,Geometridae,Colostygia
1176,Colotois pennaria,Insects,Animalia,Arthropoda,Insecta,Lepidoptera,Geometridae,Colotois
1177,Comostola laesaria,Insects,Animalia,Arthropoda,Insecta,Lepidoptera,Geometridae,Comostola
1178,Coryphista meadii,Insects,Animalia,Arthropoda,Insecta,Lepidoptera,Geometridae,Coryphista
1179,Costaconvexa centrostrigaria,Insects,Animalia,Arthropoda,Insecta,Lepidoptera,Geometridae,Costaconvexa
1180,Crocallis elinguaria,Insects,Animalia,Arthropoda,Insecta,Lepidoptera,Geometridae,Crocallis
1181,Crypsiphona ocultaria,Insects,Animalia,Arthropoda,Insecta,Lepidoptera,Geometridae,Crypsiphona
1182,Cyclophora linearia,Insects,Animalia,Arthropoda,Insecta,Lepidoptera,Geometridae,Cyclophora
1183,Cyclophora nanaria,Insects,Animalia,Arthropoda,Insecta,Lepidoptera,Geometridae,Cyclophora
1184,Cyclophora packardi,Insects,Animalia,Arthropoda,Insecta,Lepidoptera,Geometridae,Cyclophora
1185,Cyclophora pendulinaria,Insects,Animalia,Arthropoda,Insecta,Lepidoptera,Geometridae,Cyclophora
1186,Declana floccosa,Insects,Animalia,Arthropoda,Insecta,Lepidoptera,Geometridae,Declana
1187,Dichorda iridaria,Insects,Animalia,Arthropoda,Insecta,Lepidoptera,Geometridae,Dichorda
1188,Didymoctenia exsuperata,Insects,Animalia,Arthropoda,Insecta,Lepidoptera,Geometridae,Didymoctenia
1189,Digrammia atrofasciata,Insects,Animalia,Arthropoda,Insecta,Lepidoptera,Geometridae,Digrammia
1190,Digrammia continuata,Insects,Animalia,Arthropoda,Insecta,Lepidoptera,Geometridae,Digrammia
1191,Digrammia gnophosaria,Insects,Animalia,Arthropoda,Insecta,Lepidoptera,Geometridae,Digrammia
1192,Digrammia ocellinata,Insects,Animalia,Arthropoda,Insecta,Lepidoptera,Geometridae,Digrammia
1193,Disclisioprocta stellata,Insects,Animalia,Arthropoda,Insecta,Lepidoptera,Geometridae,Disclisioprocta
1194,Dysphania militaris,Insects,Animalia,Arthropoda,Insecta,Lepidoptera,Geometridae,Dysphania
1195,Dyspteris abortivaria,Insects,Animalia,Arthropoda,Insecta,Lepidoptera,Geometridae,Dyspteris
1196,Dysstroma citrata,Insects,Animalia,Arthropoda,Insecta,Lepidoptera,Geometridae,Dysstroma
1197,Dysstroma hersiliata,Insects,Animalia,Arthropoda,Insecta,Lepidoptera,Geometridae,Dysstroma
1198,Dysstroma truncata,Insects,Animalia,Arthropoda,Insecta,Lepidoptera,Geometridae,Dysstroma
1199,Ecliptopera silaceata,Insects,Animalia,Arthropoda,Insecta,Lepidoptera,Geometridae,Ecliptopera
1200,Ectropis crepuscularia,Insects,Animalia,Arthropoda,Insecta,Lepidoptera,Geometridae,Ectropis
1201,Ematurga atomaria,Insects,Animalia,Arthropoda,Insecta,Lepidoptera,Geometridae,Ematurga
1202,Ennomos magnaria,Insects,Animalia,Arthropoda,Insecta,Lepidoptera,Geometridae,Ennomos
1203,Ennomos subsignaria,Insects,Animalia,Arthropoda,Insecta,Lepidoptera,Geometridae,Ennomos
1204,Epidesmia tryxaria,Insects,Animalia,Arthropoda,Insecta,Lepidoptera,Geometridae,Epidesmia
1205,Epimecis hortaria,Insects,Animalia,Arthropoda,Insecta,Lepidoptera,Geometridae,Epimecis
1206,Epirrhoe alternata,Insects,Animalia,Arthropoda,Insecta,Lepidoptera,Geometridae,Epirrhoe
1207,Epirrita autumnata,Insects,Animalia,Arthropoda,Insecta,Lepidoptera,Geometridae,Epirrita
1208,Epyaxa rosearia,Insects,Animalia,Arthropoda,Insecta,Lepidoptera,Geometridae,Epyaxa
1209,Erannis defoliaria,Insects,Animalia,Arthropoda,Insecta,Lepidoptera,Geometridae,Erannis
1210,Eubaphe mendica,Insects,Animalia,Arthropoda,Insecta,Lepidoptera,Geometridae,Eubaphe
1211,Euchlaena amoenaria,Insects,Animalia,Arthropoda,Insecta,Lepidoptera,Geometridae,Euchlaena
1212,Euchlaena serrata,Insects,Animalia,Arthropoda,Insecta,Lepidoptera,Geometridae,Euchlaena
1213,Eulithis explanata,Insects,Animalia,Arthropoda,Insecta,Lepidoptera,Geometridae,Eulithis
1214,Euphyia intermediata,Insects,Animalia,Arthropoda,Insecta,Lepidoptera,Geometridae,Euphyia
1215,Eupithecia miserulata,Insects,Animalia,Arthropoda,Insecta,Lepidoptera,Geometridae,Eupithecia
1216,Eusarca confusaria,Insects,Animalia,Arthropoda,Insecta,Lepidoptera,Geometridae,Eusarca
1217,Eutrapela clemataria,Insects,Animalia,Arthropoda,Insecta,Lepidoptera,Geometridae,Eutrapela
1218,Fernaldella fimetaria,Insects,Animalia,Arthropoda,Insecta,Lepidoptera,Geometridae,Fernaldella
1219,Gastrina cristaria,Insects,Animalia,Arthropoda,Insecta,Lepidoptera,Geometridae,Gastrina
1220,Geometra papilionaria,Insects,Animalia,Arthropoda,Insecta,Lepidoptera,Geometridae,Geometra
1221,Glena quinquelinearia,Insects,Animalia,Arthropoda,Insecta,Lepidoptera,Geometridae,Glena
1222,Glenoides texanaria,Insects,Animalia,Arthropoda,Insecta,Lepidoptera,Geometridae,Glenoides
1223,Gymnoscelis rufifasciata,Insects,Animalia,Arthropoda,Insecta,Lepidoptera,Geometridae,Gymnoscelis
1224,Haematopis grataria,Insects,Animalia,Arthropoda,Insecta,Lepidoptera,Geometridae,Haematopis
1225,Heliomata cycladata,Insects,Animalia,Arthropoda,Insecta,Lepidoptera,Geometridae,Heliomata
1226,Hemithea aestivaria,Insects,Animalia,Arthropoda,Insecta,Lepidoptera,Geometridae,Hemithea
1227,Heterophleps triguttaria,Insects,Animalia,Arthropoda,Insecta,Lepidoptera,Geometridae,Heterophleps
1228,Hethemia pistasciaria,Insects,Animalia,Arthropoda,Insecta,Lepidoptera,Geometridae,Hethemia
1229,Horisme intestinata,Insects,Animalia,Arthropoda,Insecta,Lepidoptera,Geometridae,Horisme
1230,Hypagyrtis unipunctata,Insects,Animalia,Arthropoda,Insecta,Lepidoptera,Geometridae,Hypagyrtis
1231,Hypomecis punctinalis,Insects,Animalia,Arthropoda,Insecta,Lepidoptera,Geometridae,Hypomecis
1232,Hyposidra talaca,Insects,Animalia,Arthropoda,Insecta,Lepidoptera,Geometridae,Hyposidra
1233,Idaea aversata,Insects,Animalia,Arthropoda,Insecta,Lepidoptera,Geometridae,Idaea
1234,Idaea biselata,Insects,Animalia,Arthropoda,Insecta,Lepidoptera,Geometridae,Idaea
1235,Idaea degeneraria,Insects,Animalia,Arthropoda,Insecta,Lepidoptera,Geometridae,Idaea
1236,Idaea demissaria,Insects,Animalia,Arthropoda,Insecta,Lepidoptera,Geometridae,Idaea
1237,Idaea dimidiata,Insects,Animalia,Arthropoda,Insecta,Lepidoptera,Geometridae,Idaea
1238,Idaea rusticata,Insects,Animalia,Arthropoda,Insecta,Lepidoptera,Geometridae,Idaea
1239,Idaea seriata,Insects,Animalia,Arthropoda,Insecta,Lepidoptera,Geometridae,Idaea
1240,Idaea tacturata,Insects,Animalia,Arthropoda,Insecta,Lepidoptera,Geometridae,Idaea
1241,Idiodes apicata,Insects,Animalia,Arthropoda,Insecta,Lepidoptera,Geometridae,Idiodes
1242,Ilexia intractata,Insects,Animalia,Arthropoda,Insecta,Lepidoptera,Geometridae,Ilexia
1243,Iridopsis defectaria,Insects,Animalia,Arthropoda,Insecta,Lepidoptera,Geometridae,Iridopsis
1244,Iridopsis larvaria,Insects,Animalia,Arthropoda,Insecta,Lepidoptera,Geometridae,Iridopsis
1245,Isturgia dislocaria,Insects,Animalia,Arthropoda,Insecta,Lepidoptera,Geometridae,Isturgia
1246,Lambdina fiscellaria,Insects,Animalia,Arthropoda,Insecta,Lepidoptera,Geometridae,Lambdina
1247,Leptostales pannaria,Insects,Animalia,Arthropoda,Insecta,Lepidoptera,Geometridae,Leptostales
1248,Ligdia adustata,Insects,Animalia,Arthropoda,Insecta,Lepidoptera,Geometridae,Ligdia
1249,Lobocleta ossularia,Insects,Animalia,Arthropoda,Insecta,Lepidoptera,Geometridae,Lobocleta
1250,Lobophora nivigerata,Insects,Animalia,Arthropoda,Insecta,Lepidoptera,Geometridae,Lobophora
1251,Lomaspilis marginata,Insects,Animalia,Arthropoda,Insecta,Lepidoptera,Geometridae,Lomaspilis
1252,Lomographa glomeraria,Insects,Animalia,Arthropoda,Insecta,Lepidoptera,Geometridae,Lomographa
1253,Lomographa vestaliata,Insects,Animalia,Arthropoda,Insecta,Lepidoptera,Geometridae,Lomographa
1254,Lytrosis unitaria,Insects,Animalia,Arthropoda,Insecta,Lepidoptera,Geometridae,Lytrosis
1255,Macaria aemulataria,Insects,Animalia,Arthropoda,Insecta,Lepidoptera,Geometridae,Macaria
1256,Macaria alternata,Insects,Animalia,Arthropoda,Insecta,Lepidoptera,Geometridae,Macaria
1257,Macaria bisignata,Insects,Animalia,Arthropoda,Insecta,Lepidoptera,Geometridae,Macaria
1258,Macaria liturata,Insects,Animalia,Arthropoda,Insecta,Lepidoptera,Geometridae,Macaria
1259,Macaria pustularia,Insects,Animalia,Arthropoda,Insecta,Lepidoptera,Geometridae,Macaria
1260,Melanchroia chephise,Insects,Animalia,Arthropoda,Insecta,Lepidoptera,Geometridae,Melanchroia
1261,Melanodes anthracitaria,Insects,Animalia,Arthropoda,Insecta,Lepidoptera,Geometridae,Melanodes
1262,Melanolophia canadaria,Insects,Animalia,Arthropoda,Insecta,Lepidoptera,Geometridae,Melanolophia
1263,Melanolophia imitata,Insects,Animalia,Arthropoda,Insecta,Lepidoptera,Geometridae,Melanolophia
1264,Mellilla xanthometata,Insects,Animalia,Arthropoda,Insecta,Lepidoptera,Geometridae,Mellilla
1265,Mesoleuca ruficillata,Insects,Animalia,Arthropoda,Insecta,Lepidoptera,Geometridae,Mesoleuca
1266,Metanema inatomaria,Insects,Animalia,Arthropoda,Insecta,Lepidoptera,Geometridae,Metanema
1267,Milionia zonea,Insects,Animalia,Arthropoda,Insecta,Lepidoptera,Geometridae,Milionia
1268,Nematocampa resistaria,Insects,Animalia,Arthropoda,Insecta,Lepidoptera,Geometridae,Nematocampa
1269,Nemoria bistriaria,Insects,Animalia,Arthropoda,Insecta,Lepidoptera,Geometridae,Nemoria
1270,Nemoria lixaria,Insects,Animalia,Arthropoda,Insecta,Lepidoptera,Geometridae,Nemoria
1271,Nemoria mimosaria,Insects,Animalia,Arthropoda,Insecta,Lepidoptera,Geometridae,Nemoria
1272,Neoalcis californiaria,Insects,Animalia,Arthropoda,Insecta,Lepidoptera,Geometridae,Neoalcis
1273,Nepytia canosaria,Insects,Animalia,Arthropoda,Insecta,Lepidoptera,Geometridae,Nepytia
1274,Obeidia tigrata,Insects,Animalia,Arthropoda,Insecta,Lepidoptera,Geometridae,Obeidia
1275,Odezia atrata,Insects,Animalia,Arthropoda,Insecta,Lepidoptera,Geometridae,Odezia
1276,Operophtera bruceata,Insects,Animalia,Arthropoda,Insecta,Lepidoptera,Geometridae,Operophtera
1277,Operophtera brumata,Insects,Animalia,Arthropoda,Insecta,Lepidoptera,Geometridae,Operophtera
1278,Opisthograptis luteolata,Insects,Animalia,Arthropoda,Insecta,Lepidoptera,Geometridae,Opisthograptis
1279,Orthonama obstipata,Insects,Animalia,Arthropoda,Insecta,Lepidoptera,Geometridae,Orthonama
1280,Ourapteryx sambucaria,Insects,Animalia,Arthropoda,Insecta,Lepidoptera,Geometridae,Ourapteryx
1281,Paleacrita vernata,Insects,Animalia,Arthropoda,Insecta,Lepidoptera,Geometridae,Paleacrita
1282,Pasiphila rectangulata,Insects,Animalia,Arthropoda,Insecta,Lepidoptera,Geometridae,Pasiphila
1283,Patalene olyzonaria,Insects,Animalia,Arthropoda,Insecta,Lepidoptera,Geometridae,Patalene
1284,Peribatodes rhomboidaria,Insects,Animalia,Arthropoda,Insecta,Lepidoptera,Geometridae,Peribatodes
1285,Perizoma alchemillata,Insects,Animalia,Arthropoda,Insecta,Lepidoptera,Geometridae,Perizoma
1286,Phaeoura quernaria,Insects,Animalia,Arthropoda,Insecta,Lepidoptera,Geometridae,Phaeoura
1287,Phigalia strigataria,Insects,Animalia,Arthropoda,Insecta,Lepidoptera,Geometridae,Phigalia
1288,Phigalia titea,Insects,Animalia,Arthropoda,Insecta,Lepidoptera,Geometridae,Phigalia
1289,Pholodes sinistraria,Insects,Animalia,Arthropoda,Insecta,Lepidoptera,Geometridae,Pholodes
1290,Phrissogonus laticostata,Insects,Animalia,Arthropoda,Insecta,Lepidoptera,Geometridae,Phrissogonus
1291,Plagodis alcoolaria,Insects,Animalia,Arthropoda,Insecta,Lepidoptera,Geometridae,Plagodis
1292,Plagodis phlogosaria,Insects,Animalia,Arthropoda,Insecta,Lepidoptera,Geometridae,Plagodis
1293,Plagodis pulveraria,Insects,Animalia,Arthropoda,Insecta,Lepidoptera,Geometridae,Plagodis
1294,Plagodis serinaria,Insects,Animalia,Arthropoda,Insecta,Lepidoptera,Geometridae,Plagodis
1295,Pleuroprucha insulsaria,Insects,Animalia,Arthropoda,Insecta,Lepidoptera,Geometridae,Pleuroprucha
1296,Prasinocyma semicrocea,Insects,Animalia,Arthropoda,Insecta,Lepidoptera,Geometridae,Prasinocyma
1297,Probole amicaria,Insects,Animalia,Arthropoda,Insecta,Lepidoptera,Geometridae,Probole
1298,Prochoerodes lineola,Insects,Animalia,Arthropoda,Insecta,Lepidoptera,Geometridae,Prochoerodes
1299,Protoboarmia porcelaria,Insects,Animalia,Arthropoda,Insecta,Lepidoptera,Geometridae,Protoboarmia
1300,Psamatodes abydata,Insects,Animalia,Arthropoda,Insecta,Lepidoptera,Geometridae,Psamatodes
1301,Pseudocoremia suavis,Insects,Animalia,Arthropoda,Insecta,Lepidoptera,Geometridae,Pseudocoremia
1302,Pseudopanthera macularia,Insects,Animalia,Arthropoda,Insecta,Lepidoptera,Geometridae,Pseudopanthera
1303,Rhodometra sacraria,Insects,Animalia,Arthropoda,Insecta,Lepidoptera,Geometridae,Rhodometra
1304,Sabulodes aegrotata,Insects,Animalia,Arthropoda,Insecta,Lepidoptera,Geometridae,Sabulodes
1305,Scopula immorata,Insects,Animalia,Arthropoda,Insecta,Lepidoptera,Geometridae,Scopula
1306,Scopula limboundata,Insects,Animalia,Arthropoda,Insecta,Lepidoptera,Geometridae,Scopula
1307,Scopula rubraria,Insects,Animalia,Arthropoda,Insecta,Lepidoptera,Geometridae,Scopula
1308,Scotopteryx chenopodiata,Insects,Animalia,Arthropoda,Insecta,Lepidoptera,Geometridae,Scotopteryx
1309,Sicya macularia,Insects,Animalia,Arthropoda,Insecta,Lepidoptera,Geometridae,Sicya
1310,Sigilliclystis insigillata,Insects,Animalia,Arthropoda,Insecta,Lepidoptera,Geometridae,Sigilliclystis
1311,Siona lineata,Insects,Animalia,Arthropoda,Insecta,Lepidoptera,Geometridae,Siona
1312,Synchlora aerata,Insects,Animalia,Arthropoda,Insecta,Lepidoptera,Geometridae,Synchlora
1313,Synchlora frondaria,Insects,Animalia,Arthropoda,Insecta,Lepidoptera,Geometridae,Synchlora
1314,Tetracis cachexiata,Insects,Animalia,Arthropoda,Insecta,Lepidoptera,Geometridae,Tetracis
1315,Tetracis crocallata,Insects,Animalia,Arthropoda,Insecta,Lepidoptera,Geometridae,Tetracis
1316,Timandra amaturaria,Insects,Animalia,Arthropoda,Insecta,Lepidoptera,Geometridae,Timandra
1317,Timandra comae,Insects,Animalia,Arthropoda,Insecta,Lepidoptera,Geometridae,Timandra
1318,Traminda aventiaria,Insects,Animalia,Arthropoda,Insecta,Lepidoptera,Geometridae,Traminda
1319,Trichodezia albovittata,Insects,Animalia,Arthropoda,Insecta,Lepidoptera,Geometridae,Trichodezia
1320,Triphosa haesitata,Insects,Animalia,Arthropoda,Insecta,Lepidoptera,Geometridae,Triphosa
1321,Xanthorhoe ferrugata,Insects,Animalia,Arthropoda,Insecta,Lepidoptera,Geometridae,Xanthorhoe
1322,Xanthorhoe fluctuata,Insects,Animalia,Arthropoda,Insecta,Lepidoptera,Geometridae,Xanthorhoe
1323,Xanthorhoe lacustrata,Insects,Animalia,Arthropoda,Insecta,Lepidoptera,Geometridae,Xanthorhoe
1324,Xanthorhoe montanata,Insects,Animalia,Arthropoda,Insecta,Lepidoptera,Geometridae,Xanthorhoe
1325,Cameraria ohridella,Insects,Animalia,Arthropoda,Insecta,Lepidoptera,Gracillariidae,Cameraria
1326,Phyllocnistis populiella,Insects,Animalia,Arthropoda,Insecta,Lepidoptera,Gracillariidae,Phyllocnistis
1327,Aenetus virescens,Insects,Animalia,Arthropoda,Insecta,Lepidoptera,Hepialidae,Aenetus
1328,Korscheltellus lupulina,Insects,Animalia,Arthropoda,Insecta,Lepidoptera,Hepialidae,Korscheltellus
1329,Triodia sylvina,Insects,Animalia,Arthropoda,Insecta,Lepidoptera,Hepialidae,Triodia
1330,Achalarus lyciades,Insects,Animalia,Arthropoda,Insecta,Lepidoptera,Hesperiidae,Achalarus
1331,Achlyodes pallida,Insects,Animalia,Arthropoda,Insecta,Lepidoptera,Hesperiidae,Achlyodes
1332,Amblyscirtes celia,Insects,Animalia,Arthropoda,Insecta,Lepidoptera,Hesperiidae,Amblyscirtes
1333,Ampittia dioscorides,Insects,Animalia,Arthropoda,Insecta,Lepidoptera,Hesperiidae,Ampittia
1334,Anatrytone logan,Insects,Animalia,Arthropoda,Insecta,Lepidoptera,Hesperiidae,Anatrytone
1335,Ancyloxypha numitor,Insects,Animalia,Arthropoda,Insecta,Lepidoptera,Hesperiidae,Ancyloxypha
1336,Antigonus erosus,Insects,Animalia,Arthropoda,Insecta,Lepidoptera,Hesperiidae,Antigonus
1337,Asbolis capucinus,Insects,Animalia,Arthropoda,Insecta,Lepidoptera,Hesperiidae,Asbolis
1338,Astraptes fulgerator,Insects,Animalia,Arthropoda,Insecta,Lepidoptera,Hesperiidae,Astraptes
1339,Atalopedes campestris,Insects,Animalia,Arthropoda,Insecta,Lepidoptera,Hesperiidae,Atalopedes
1340,Autochton cellus,Insects,Animalia,Arthropoda,Insecta,Lepidoptera,Hesperiidae,Autochton
1341,Borbo cinnara,Insects,Animalia,Arthropoda,Insecta,Lepidoptera,Hesperiidae,Borbo
1342,Burnsius albescens,Insects,Animalia,Arthropoda,Insecta,Lepidoptera,Hesperiidae,Burnsius
1343,Burnsius communis,Insects,Animalia,Arthropoda,Insecta,Lepidoptera,Hesperiidae,Burnsius
1344,Burnsius oileus,Insects,Animalia,Arthropoda,Insecta,Lepidoptera,Hesperiidae,Burnsius
1345,Burnsius orcus,Insects,Animalia,Arthropoda,Insecta,Lepidoptera,Hesperiidae,Burnsius
1346,Burnsius philetas,Insects,Animalia,Arthropoda,Insecta,Lepidoptera,Hesperiidae,Burnsius
1347,Calpodes ethlius,Insects,Animalia,Arthropoda,Insecta,Lepidoptera,Hesperiidae,Calpodes
1348,Carcharodus alceae,Insects,Animalia,Arthropoda,Insecta,Lepidoptera,Hesperiidae,Carcharodus
1349,Carterocephalus palaemon,Insects,Animalia,Arthropoda,Insecta,Lepidoptera,Hesperiidae,Carterocephalus
1350,Chioides albofasciatus,Insects,Animalia,Arthropoda,Insecta,Lepidoptera,Hesperiidae,Chioides
1351,Chiomara georgina,Insects,Animalia,Arthropoda,Insecta,Lepidoptera,Hesperiidae,Chiomara
1352,Copaeodes aurantiaca,Insects,Animalia,Arthropoda,Insecta,Lepidoptera,Hesperiidae,Copaeodes
1353,Copaeodes minima,Insects,Animalia,Arthropoda,Insecta,Lepidoptera,Hesperiidae,Copaeodes
1354,Daimio tethys,Insects,Animalia,Arthropoda,Insecta,Lepidoptera,Hesperiidae,Daimio
1355,Eantis tamenund,Insects,Animalia,Arthropoda,Insecta,Lepidoptera,Hesperiidae,Eantis
1356,Epargyreus clarus,Insects,Animalia,Arthropoda,Insecta,Lepidoptera,Hesperiidae,Epargyreus
1357,Erynnis baptisiae,Insects,Animalia,Arthropoda,Insecta,Lepidoptera,Hesperiidae,Erynnis
1358,Erynnis brizo,Insects,Animalia,Arthropoda,Insecta,Lepidoptera,Hesperiidae,Erynnis
1359,Erynnis funeralis,Insects,Animalia,Arthropoda,Insecta,Lepidoptera,Hesperiidae,Erynnis
1360,Erynnis horatius,Insects,Animalia,Arthropoda,Insecta,Lepidoptera,Hesperiidae,Erynnis
1361,Erynnis icelus,Insects,Animalia,Arthropoda,Insecta,Lepidoptera,Hesperiidae,Erynnis
1362,Erynnis juvenalis,Insects,Animalia,Arthropoda,Insecta,Lepidoptera,Hesperiidae,Erynnis
1363,Erynnis propertius,Insects,Animalia,Arthropoda,Insecta,Lepidoptera,Hesperiidae,Erynnis
1364,Erynnis tages,Insects,Animalia,Arthropoda,Insecta,Lepidoptera,Hesperiidae,Erynnis
1365,Erynnis tristis,Insects,Animalia,Arthropoda,Insecta,Lepidoptera,Hesperiidae,Erynnis
1366,Euphyes dion,Insects,Animalia,Arthropoda,Insecta,Lepidoptera,Hesperiidae,Euphyes
1367,Euphyes vestris,Insects,Animalia,Arthropoda,Insecta,Lepidoptera,Hesperiidae,Euphyes
1368,Heliopetes ericetorum,Insects,Animalia,Arthropoda,Insecta,Lepidoptera,Hesperiidae,Heliopetes
1369,Heliopetes laviana,Insects,Animalia,Arthropoda,Insecta,Lepidoptera,Hesperiidae,Heliopetes
1370,Hesperia colorado,Insects,Animalia,Arthropoda,Insecta,Lepidoptera,Hesperiidae,Hesperia
1371,Hesperia comma,Insects,Animalia,Arthropoda,Insecta,Lepidoptera,Hesperiidae,Hesperia
1372,Hesperia leonardus,Insects,Animalia,Arthropoda,Insecta,Lepidoptera,Hesperiidae,Hesperia
1373,Hylephila phyleus,Insects,Animalia,Arthropoda,Insecta,Lepidoptera,Hesperiidae,Hylephila
1374,Iambrix salsala,Insects,Animalia,Arthropoda,Insecta,Lepidoptera,Hesperiidae,Iambrix
1375,Lerema accius,Insects,Animalia,Arthropoda,Insecta,Lepidoptera,Hesperiidae,Lerema
1376,Lerodea eufala,Insects,Animalia,Arthropoda,Insecta,Lepidoptera,Hesperiidae,Lerodea
1377,Lon hobomok,Insects,Animalia,Arthropoda,Insecta,Lepidoptera,Hesperiidae,Lon
1378,Lon melane,Insects,Animalia,Arthropoda,Insecta,Lepidoptera,Hesperiidae,Lon
1379,Lon taxiles,Insects,Animalia,Arthropoda,Insecta,Lepidoptera,Hesperiidae,Lon
1380,Lon zabulon,Insects,Animalia,Arthropoda,Insecta,Lepidoptera,Hesperiidae,Lon
1381,Notocrypta curvifascia,Insects,Animalia,Arthropoda,Insecta,Lepidoptera,Hesperiidae,Notocrypta
1382,Notocrypta paralysos,Insects,Animalia,Arthropoda,Insecta,Lepidoptera,Hesperiidae,Notocrypta
1383,Ochlodes agricola,Insects,Animalia,Arthropoda,Insecta,Lepidoptera,Hesperiidae,Ochlodes
1384,Ochlodes sylvanoides,Insects,Animalia,Arthropoda,Insecta,Lepidoptera,Hesperiidae,Ochlodes
1385,Ochlodes sylvanus,Insects,Animalia,Arthropoda,Insecta,Lepidoptera,Hesperiidae,Ochlodes
1386,Ocybadistes walkeri,Insects,Animalia,Arthropoda,Insecta,Lepidoptera,Hesperiidae,Ocybadistes
1387,Oligoria maculata,Insects,Animalia,Arthropoda,Insecta,Lepidoptera,Hesperiidae,Oligoria
1388,Panoquina ocola,Insects,Animalia,Arthropoda,Insecta,Lepidoptera,Hesperiidae,Panoquina
1389,Pelopidas mathias,Insects,Animalia,Arthropoda,Insecta,Lepidoptera,Hesperiidae,Pelopidas
1390,Phocides polybius,Insects,Animalia,Arthropoda,Insecta,Lepidoptera,Hesperiidae,Phocides
1391,Pholisora catullus,Insects,Animalia,Arthropoda,Insecta,Lepidoptera,Hesperiidae,Pholisora
1392,Poanes viator,Insects,Animalia,Arthropoda,Insecta,Lepidoptera,Hesperiidae,Poanes
1393,Polites mystic,Insects,Animalia,Arthropoda,Insecta,Lepidoptera,Hesperiidae,Polites
1394,Polites peckius,Insects,Animalia,Arthropoda,Insecta,Lepidoptera,Hesperiidae,Polites
1395,Polites sabuleti,Insects,Animalia,Arthropoda,Insecta,Lepidoptera,Hesperiidae,Polites
1396,Polites themistocles,Insects,Animalia,Arthropoda,Insecta,Lepidoptera,Hesperiidae,Polites
1397,Polites vibex,Insects,Animalia,Arthropoda,Insecta,Lepidoptera,Hesperiidae,Polites
1398,Pompeius verna,Insects,Animalia,Arthropoda,Insecta,Lepidoptera,Hesperiidae,Pompeius
1399,Potanthus omaha,Insects,Animalia,Arthropoda,Insecta,Lepidoptera,Hesperiidae,Potanthus
1400,Pyrgus malvae,Insects,Animalia,Arthropoda,Insecta,Lepidoptera,Hesperiidae,Pyrgus
1401,Pyrgus malvoides,Insects,Animalia,Arthropoda,Insecta,Lepidoptera,Hesperiidae,Pyrgus
1402,Suastus gremius,Insects,Animalia,Arthropoda,Insecta,Lepidoptera,Hesperiidae,Suastus
1403,Thorybes bathyllus,Insects,Animalia,Arthropoda,Insecta,Lepidoptera,Hesperiidae,Thorybes
1404,Thorybes pylades,Insects,Animalia,Arthropoda,Insecta,Lepidoptera,Hesperiidae,Thorybes
1405,Thymelicus lineola,Insects,Animalia,Arthropoda,Insecta,Lepidoptera,Hesperiidae,Thymelicus
1406,Thymelicus sylvestris,Insects,Animalia,Arthropoda,Insecta,Lepidoptera,Hesperiidae,Thymelicus
1407,Udaspes folus,Insects,Animalia,Arthropoda,Insecta,Lepidoptera,Hesperiidae,Udaspes
1408,Urbanus dorantes,Insects,Animalia,Arthropoda,Insecta,Lepidoptera,Hesperiidae,Urbanus
1409,Urbanus procne,Insects,Animalia,Arthropoda,Insecta,Lepidoptera,Hesperiidae,Urbanus
1410,Urbanus proteus,Insects,Animalia,Arthropoda,Insecta,Lepidoptera,Hesperiidae,Urbanus
1411,Wallengrenia egeremet,Insects,Animalia,Arthropoda,Insecta,Lepidoptera,Hesperiidae,Wallengrenia
1412,Wallengrenia otho,Insects,Animalia,Arthropoda,Insecta,Lepidoptera,Hesperiidae,Wallengrenia
1413,Lactura subfervens,Insects,Animalia,Arthropoda,Insecta,Lepidoptera,Lacturidae,Lactura
1414,Artace cribrarius,Insects,Animalia,Arthropoda,Insecta,Lepidoptera,Lasiocampidae,Artace
1415,Euthrix potatoria,Insects,Animalia,Arthropoda,Insecta,Lepidoptera,Lasiocampidae,Euthrix
1416,Lasiocampa quercus,Insects,Animalia,Arthropoda,Insecta,Lepidoptera,Lasiocampidae,Lasiocampa
1417,Macrothylacia rubi,Insects,Animalia,Arthropoda,Insecta,Lepidoptera,Lasiocampidae,Macrothylacia
1418,Malacosoma americana,Insects,Animalia,Arthropoda,Insecta,Lepidoptera,Lasiocampidae,Malacosoma
1419,Malacosoma californica,Insects,Animalia,Arthropoda,Insecta,Lepidoptera,Lasiocampidae,Malacosoma
1420,Malacosoma disstria,Insects,Animalia,Arthropoda,Insecta,Lepidoptera,Lasiocampidae,Malacosoma
1421,Malacosoma neustria,Insects,Animalia,Arthropoda,Insecta,Lepidoptera,Lasiocampidae,Malacosoma
1422,Phyllodesma americana,Insects,Animalia,Arthropoda,Insecta,Lepidoptera,Lasiocampidae,Phyllodesma
1423,Tolype laricis,Insects,Animalia,Arthropoda,Insecta,Lepidoptera,Lasiocampidae,Tolype
1424,Tolype velleda,Insects,Animalia,Arthropoda,Insecta,Lepidoptera,Lasiocampidae,Tolype
1425,Trabala vishnou,Insects,Animalia,Arthropoda,Insecta,Lepidoptera,Lasiocampidae,Trabala
1426,Acharia stimulea,Insects,Animalia,Arthropoda,Insecta,Lepidoptera,Limacodidae,Acharia
1427,Apoda biguttata,Insects,Animalia,Arthropoda,Insecta,Lepidoptera,Limacodidae,Apoda
1428,Apoda y-inversum,Insects,Animalia,Arthropoda,Insecta,Lepidoptera,Limacodidae,Apoda
1429,Euclea delphinii,Insects,Animalia,Arthropoda,Insecta,Lepidoptera,Limacodidae,Euclea
1430,Euclea incisa,Insects,Animalia,Arthropoda,Insecta,Lepidoptera,Limacodidae,Euclea
1431,Isa textula,Insects,Animalia,Arthropoda,Insecta,Lepidoptera,Limacodidae,Isa
1432,Isochaetes beutenmuelleri,Insects,Animalia,Arthropoda,Insecta,Lepidoptera,Limacodidae,Isochaetes
1433,Lithacodes fasciola,Insects,Animalia,Arthropoda,Insecta,Lepidoptera,Limacodidae,Lithacodes
1434,Parasa chloris,Insects,Animalia,Arthropoda,Insecta,Lepidoptera,Limacodidae,Parasa
1435,Phobetron pithecium,Insects,Animalia,Arthropoda,Insecta,Lepidoptera,Limacodidae,Phobetron
1436,Prolimacodes badia,Insects,Animalia,Arthropoda,Insecta,Lepidoptera,Limacodidae,Prolimacodes
1437,Tortricidia testacea,Insects,Animalia,Arthropoda,Insecta,Lepidoptera,Limacodidae,Tortricidia
1438,Acytolepis puspa,Insects,Animalia,Arthropoda,Insecta,Lepidoptera,Lycaenidae,Acytolepis
1439,Anthene emolus,Insects,Animalia,Arthropoda,Insecta,Lepidoptera,Lycaenidae,Anthene
1440,Aricia agestis,Insects,Animalia,Arthropoda,Insecta,Lepidoptera,Lycaenidae,Aricia
1441,Aricia cramera,Insects,Animalia,Arthropoda,Insecta,Lepidoptera,Lycaenidae,Aricia
1442,Atlides halesus,Insects,Animalia,Arthropoda,Insecta,Lepidoptera,Lycaenidae,Atlides
1443,Brephidium exilis,Insects,Animalia,Arthropoda,Insecta,Lepidoptera,Lycaenidae,Brephidium
1444,Cacyreus marshalli,Insects,Animalia,Arthropoda,Insecta,Lepidoptera,Lycaenidae,Cacyreus
1445,Callophrys augustinus,Insects,Animalia,Arthropoda,Insecta,Lepidoptera,Lycaenidae,Callophrys
1446,Callophrys dumetorum,Insects,Animalia,Arthropoda,Insecta,Lepidoptera,Lycaenidae,Callophrys
1447,Callophrys eryphon,Insects,Animalia,Arthropoda,Insecta,Lepidoptera,Lycaenidae,Callophrys
1448,Callophrys gryneus,Insects,Animalia,Arthropoda,Insecta,Lepidoptera,Lycaenidae,Callophrys
1449,Callophrys henrici,Insects,Animalia,Arthropoda,Insecta,Lepidoptera,Lycaenidae,Callophrys
1450,Callophrys niphon,Insects,Animalia,Arthropoda,Insecta,Lepidoptera,Lycaenidae,Callophrys
1451,Callophrys rubi,Insects,Animalia,Arthropoda,Insecta,Lepidoptera,Lycaenidae,Callophrys
1452,Calycopis cecrops,Insects,Animalia,Arthropoda,Insecta,Lepidoptera,Lycaenidae,Calycopis
1453,Calycopis isobeon,Insects,Animalia,Arthropoda,Insecta,Lepidoptera,Lycaenidae,Calycopis
1454,Castalius rosimon,Insects,Animalia,Arthropoda,Insecta,Lepidoptera,Lycaenidae,Castalius
1455,Catochrysops strabo,Insects,Animalia,Arthropoda,Insecta,Lepidoptera,Lycaenidae,Catochrysops
1456,Celastrina argiolus,Insects,Animalia,Arthropoda,Insecta,Lepidoptera,Lycaenidae,Celastrina
1457,Celastrina echo,Insects,Animalia,Arthropoda,Insecta,Lepidoptera,Lycaenidae,Celastrina
1458,Celastrina ladon,Insects,Animalia,Arthropoda,Insecta,Lepidoptera,Lycaenidae,Celastrina
1459,Celastrina lucia,Insects,Animalia,Arthropoda,Insecta,Lepidoptera,Lycaenidae,Celastrina
1460,Celastrina neglecta,Insects,Animalia,Arthropoda,Insecta,Lepidoptera,Lycaenidae,Celastrina
1461,Chilades lajus,Insects,Animalia,Arthropoda,Insecta,Lepidoptera,Lycaenidae,Chilades
1462,Chilades pandava,Insects,Animalia,Arthropoda,Insecta,Lepidoptera,Lycaenidae,Chilades
1463,Cigaritis lohita,Insects,Animalia,Arthropoda,Insecta,Lepidoptera,Lycaenidae,Cigaritis
1464,Cigaritis vulcanus,Insects,Animalia,Arthropoda,Insecta,Lepidoptera,Lycaenidae,Cigaritis
1465,Cupido amyntula,Insects,Animalia,Arthropoda,Insecta,Lepidoptera,Lycaenidae,Cupido
1466,Cupido argiades,Insects,Animalia,Arthropoda,Insecta,Lepidoptera,Lycaenidae,Cupido
1467,Cupido comyntas,Insects,Animalia,Arthropoda,Insecta,Lepidoptera,Lycaenidae,Cupido
1468,Cupido minimus,Insects,Animalia,Arthropoda,Insecta,Lepidoptera,Lycaenidae,Cupido
1469,Cyaniris semiargus,Insects,Animalia,Arthropoda,Insecta,Lepidoptera,Lycaenidae,Cyaniris
1470,Echinargus isola,Insects,Animalia,Arthropoda,Insecta,Lepidoptera,Lycaenidae,Echinargus
1471,Eooxylides tharis,Insects,Animalia,Arthropoda,Insecta,Lepidoptera,Lycaenidae,Eooxylides
1472,Euchrysops cnejus,Insects,Animalia,Arthropoda,Insecta,Lepidoptera,Lycaenidae,Euchrysops
1473,Eumaeus atala,Insects,Animalia,Arthropoda,Insecta,Lepidoptera,Lycaenidae,Eumaeus
1474,Euphilotes bernardino,Insects,Animalia,Arthropoda,Insecta,Lepidoptera,Lycaenidae,Euphilotes
1475,Favonius quercus,Insects,Animalia,Arthropoda,Insecta,Lepidoptera,Lycaenidae,Favonius
1476,Feniseca tarquinius,Insects,Animalia,Arthropoda,Insecta,Lepidoptera,Lycaenidae,Feniseca
1477,Glaucopsyche alexis,Insects,Animalia,Arthropoda,Insecta,Lepidoptera,Lycaenidae,Glaucopsyche
1478,Glaucopsyche lygdamus,Insects,Animalia,Arthropoda,Insecta,Lepidoptera,Lycaenidae,Glaucopsyche
1479,Habrodais grunus,Insects,Animalia,Arthropoda,Insecta,Lepidoptera,Lycaenidae,Habrodais
1480,Heliophorus epicles,Insects,Animalia,Arthropoda,Insecta,Lepidoptera,Lycaenidae,Heliophorus
1481,Heliophorus ila,Insects,Animalia,Arthropoda,Insecta,Lepidoptera,Lycaenidae,Heliophorus
1482,Hemiargus ceraunus,Insects,Animalia,Arthropoda,Insecta,Lepidoptera,Lycaenidae,Hemiargus
1483,Hypolycaena erylus,Insects,Animalia,Arthropoda,Insecta,Lepidoptera,Lycaenidae,Hypolycaena
1484,Icaricia acmon,Insects,Animalia,Arthropoda,Insecta,Lepidoptera,Lycaenidae,Icaricia
1485,Icaricia icarioides,Insects,Animalia,Arthropoda,Insecta,Lepidoptera,Lycaenidae,Icaricia
1486,Icaricia lupini,Insects,Animalia,Arthropoda,Insecta,Lepidoptera,Lycaenidae,Icaricia
1487,Icaricia saepiolus,Insects,Animalia,Arthropoda,Insecta,Lepidoptera,Lycaenidae,Icaricia
1488,Jamides alecto,Insects,Animalia,Arthropoda,Insecta,Lepidoptera,Lycaenidae,Jamides
1489,Jamides bochus,Insects,Animalia,Arthropoda,Insecta,Lepidoptera,Lycaenidae,Jamides
1490,Jamides celeno,Insects,Animalia,Arthropoda,Insecta,Lepidoptera,Lycaenidae,Jamides
1491,Lampides boeticus,Insects,Animalia,Arthropoda,Insecta,Lepidoptera,Lycaenidae,Lampides
1492,Leptotes cassius,Insects,Animalia,Arthropoda,Insecta,Lepidoptera,Lycaenidae,Leptotes
1493,Leptotes marina,Insects,Animalia,Arthropoda,Insecta,Lepidoptera,Lycaenidae,Leptotes
1494,Leptotes pirithous,Insects,Animalia,Arthropoda,Insecta,Lepidoptera,Lycaenidae,Leptotes
1495,Leptotes plinius,Insects,Animalia,Arthropoda,Insecta,Lepidoptera,Lycaenidae,Leptotes
1496,Loxura atymnus,Insects,Animalia,Arthropoda,Insecta,Lepidoptera,Lycaenidae,Loxura
1497,Lycaena alciphron,Insects,Animalia,Arthropoda,Insecta,Lepidoptera,Lycaenidae,Lycaena
1498,Lycaena arota,Insects,Animalia,Arthropoda,Insecta,Lepidoptera,Lycaenidae,Lycaena
1499,Lycaena dispar,Insects,Animalia,Arthropoda,Insecta,Lepidoptera,Lycaenidae,Lycaena
1500,Lycaena gorgon,Insects,Animalia,Arthropoda,Insecta,Lepidoptera,Lycaenidae,Lycaena
1501,Lycaena helloides,Insects,Animalia,Arthropoda,Insecta,Lepidoptera,Lycaenidae,Lycaena
1502,Lycaena heteronea,Insects,Animalia,Arthropoda,Insecta,Lepidoptera,Lycaenidae,Lycaena
1503,Lycaena hippothoe,Insects,Animalia,Arthropoda,Insecta,Lepidoptera,Lycaenidae,Lycaena
1504,Lycaena hyllus,Insects,Animalia,Arthropoda,Insecta,Lepidoptera,Lycaenidae,Lycaena
1505,Lycaena mariposa,Insects,Animalia,Arthropoda,Insecta,Lepidoptera,Lycaenidae,Lycaena
1506,Lycaena phlaeas,Insects,Animalia,Arthropoda,Insecta,Lepidoptera,Lycaenidae,Lycaena
1507,Lycaena tityrus,Insects,Animalia,Arthropoda,Insecta,Lepidoptera,Lycaenidae,Lycaena
1508,Lycaena virgaureae,Insects,Animalia,Arthropoda,Insecta,Lepidoptera,Lycaenidae,Lycaena
1509,Lycaena xanthoides,Insects,Animalia,Arthropoda,Insecta,Lepidoptera,Lycaenidae,Lycaena
1510,Megisba malaya,Insects,Animalia,Arthropoda,Insecta,Lepidoptera,Lycaenidae,Megisba
1511,Nacaduba kurava,Insects,Animalia,Arthropoda,Insecta,Lepidoptera,Lycaenidae,Nacaduba
1512,Parrhasius m-album,Insects,Animalia,Arthropoda,Insecta,Lepidoptera,Lycaenidae,Parrhasius
1513,Plebejus argus,Insects,Animalia,Arthropoda,Insecta,Lepidoptera,Lycaenidae,Plebejus
1514,Plebejus idas,Insects,Animalia,Arthropoda,Insecta,Lepidoptera,Lycaenidae,Plebejus
1515,Plebejus melissa,Insects,Animalia,Arthropoda,Insecta,Lepidoptera,Lycaenidae,Plebejus
1516,Plebejus samuelis,Insects,Animalia,Arthropoda,Insecta,Lepidoptera,Lycaenidae,Plebejus
1517,Polyommatus amandus,Insects,Animalia,Arthropoda,Insecta,Lepidoptera,Lycaenidae,Polyommatus
1518,Polyommatus bellargus,Insects,Animalia,Arthropoda,Insecta,Lepidoptera,Lycaenidae,Polyommatus
1519,Polyommatus coridon,Insects,Animalia,Arthropoda,Insecta,Lepidoptera,Lycaenidae,Polyommatus
1520,Polyommatus icarus,Insects,Animalia,Arthropoda,Insecta,Lepidoptera,Lycaenidae,Polyommatus
1521,Prosotas dubiosa,Insects,Animalia,Arthropoda,Insecta,Lepidoptera,Lycaenidae,Prosotas
1522,Prosotas nora,Insects,Animalia,Arthropoda,Insecta,Lepidoptera,Lycaenidae,Prosotas
1523,Pseudozizeeria maha,Insects,Animalia,Arthropoda,Insecta,Lepidoptera,Lycaenidae,Pseudozizeeria
1524,Satyrium acadica,Insects,Animalia,Arthropoda,Insecta,Lepidoptera,Lycaenidae,Satyrium
1525,Satyrium behrii,Insects,Animalia,Arthropoda,Insecta,Lepidoptera,Lycaenidae,Satyrium
1526,Satyrium calanus,Insects,Animalia,Arthropoda,Insecta,Lepidoptera,Lycaenidae,Satyrium
1527,Satyrium californica,Insects,Animalia,Arthropoda,Insecta,Lepidoptera,Lycaenidae,Satyrium
1528,Satyrium edwardsii,Insects,Animalia,Arthropoda,Insecta,Lepidoptera,Lycaenidae,Satyrium
1529,Satyrium favonius,Insects,Animalia,Arthropoda,Insecta,Lepidoptera,Lycaenidae,Satyrium
1530,Satyrium liparops,Insects,Animalia,Arthropoda,Insecta,Lepidoptera,Lycaenidae,Satyrium
1531,Satyrium saepium,Insects,Animalia,Arthropoda,Insecta,Lepidoptera,Lycaenidae,Satyrium
1532,Satyrium spini,Insects,Animalia,Arthropoda,Insecta,Lepidoptera,Lycaenidae,Satyrium
1533,Satyrium sylvinus,Insects,Animalia,Arthropoda,Insecta,Lepidoptera,Lycaenidae,Satyrium
1534,Satyrium titus,Insects,Animalia,Arthropoda,Insecta,Lepidoptera,Lycaenidae,Satyrium
1535,Strymon istapa,Insects,Animalia,Arthropoda,Insecta,Lepidoptera,Lycaenidae,Strymon
1536,Strymon melinus,Insects,Animalia,Arthropoda,Insecta,Lepidoptera,Lycaenidae,Strymon
1537,Talicada nyseus,Insects,Animalia,Arthropoda,Insecta,Lepidoptera,Lycaenidae,Talicada
1538,Thecla betulae,Insects,Animalia,Arthropoda,Insecta,Lepidoptera,Lycaenidae,Thecla
1539,Zizeeria karsandra,Insects,Animalia,Arthropoda,Insecta,Lepidoptera,Lycaenidae,Zizeeria
1540,Zizeeria knysna,Insects,Animalia,Arthropoda,Insecta,Lepidoptera,Lycaenidae,Zizeeria
1541,Zizina labradus,Insects,Animalia,Arthropoda,Insecta,Lepidoptera,Lycaenidae,Zizina
1542,Zizina otis,Insects,Animalia,Arthropoda,Insecta,Lepidoptera,Lycaenidae,Zizina
1543,Zizula hylax,Insects,Animalia,Arthropoda,Insecta,Lepidoptera,Lycaenidae,Zizula
1544,Megalopyge crispata,Insects,Animalia,Arthropoda,Insecta,Lepidoptera,Megalopygidae,Megalopyge
1545,Megalopyge opercularis,Insects,Animalia,Arthropoda,Insecta,Lepidoptera,Megalopygidae,Megalopyge
1546,Norape ovina,Insects,Animalia,Arthropoda,Insecta,Lepidoptera,Megalopygidae,Norape
1547,Achatia distincta,Insects,Animalia,Arthropoda,Insecta,Lepidoptera,Noctuidae,Achatia
1548,Acontia lucida,Insects,Animalia,Arthropoda,Insecta,Lepidoptera,Noctuidae,Acontia
1549,Acontia trabealis,Insects,Animalia,Arthropoda,Insecta,Lepidoptera,Noctuidae,Acontia
1550,Acronicta aceris,Insects,Animalia,Arthropoda,Insecta,Lepidoptera,Noctuidae,Acronicta
1551,Acronicta americana,Insects,Animalia,Arthropoda,Insecta,Lepidoptera,Noctuidae,Acronicta
1552,Acronicta fallax,Insects,Animalia,Arthropoda,Insecta,Lepidoptera,Noctuidae,Acronicta
1553,Acronicta impleta,Insects,Animalia,Arthropoda,Insecta,Lepidoptera,Noctuidae,Acronicta
1554,Acronicta innotata,Insects,Animalia,Arthropoda,Insecta,Lepidoptera,Noctuidae,Acronicta
1555,Acronicta insita,Insects,Animalia,Arthropoda,Insecta,Lepidoptera,Noctuidae,Acronicta
1556,Acronicta insularis,Insects,Animalia,Arthropoda,Insecta,Lepidoptera,Noctuidae,Acronicta
1557,Acronicta oblinita,Insects,Animalia,Arthropoda,Insecta,Lepidoptera,Noctuidae,Acronicta
1558,Acronicta rubricoma,Insects,Animalia,Arthropoda,Insecta,Lepidoptera,Noctuidae,Acronicta
1559,Acronicta rumicis,Insects,Animalia,Arthropoda,Insecta,Lepidoptera,Noctuidae,Acronicta
1560,Acronicta superans,Insects,Animalia,Arthropoda,Insecta,Lepidoptera,Noctuidae,Acronicta
1561,Acronicta vinnula,Insects,Animalia,Arthropoda,Insecta,Lepidoptera,Noctuidae,Acronicta
1562,Agnorisma badinodis,Insects,Animalia,Arthropoda,Insecta,Lepidoptera,Noctuidae,Agnorisma
1563,Agrotis exclamationis,Insects,Animalia,Arthropoda,Insecta,Lepidoptera,Noctuidae,Agrotis
1564,Agrotis infusa,Insects,Animalia,Arthropoda,Insecta,Lepidoptera,Noctuidae,Agrotis
1565,Agrotis ipsilon,Insects,Animalia,Arthropoda,Insecta,Lepidoptera,Noctuidae,Agrotis
1566,Agrotis munda,Insects,Animalia,Arthropoda,Insecta,Lepidoptera,Noctuidae,Agrotis
1567,Agrotis porphyricollis,Insects,Animalia,Arthropoda,Insecta,Lepidoptera,Noctuidae,Agrotis
1568,Agrotis puta,Insects,Animalia,Arthropoda,Insecta,Lepidoptera,Noctuidae,Agrotis
1569,Agrotis segetum,Insects,Animalia,Arthropoda,Insecta,Lepidoptera,Noctuidae,Agrotis
1570,Agrotis venerabilis,Insects,Animalia,Arthropoda,Insecta,Lepidoptera,Noctuidae,Agrotis
1571,Allagrapha aerea,Insects,Animalia,Arthropoda,Insecta,Lepidoptera,Noctuidae,Allagrapha
1572,Alypia octomaculata,Insects,Animalia,Arthropoda,Insecta,Lepidoptera,Noctuidae,Alypia
1573,Amphipyra pyramidoides,Insects,Animalia,Arthropoda,Insecta,Lepidoptera,Noctuidae,Amphipyra
1574,Amyna stricta,Insects,Animalia,Arthropoda,Insecta,Lepidoptera,Noctuidae,Amyna
1575,Anagrapha falcifera,Insects,Animalia,Arthropoda,Insecta,Lepidoptera,Noctuidae,Anagrapha
1576,Anaplectoides prasina,Insects,Animalia,Arthropoda,Insecta,Lepidoptera,Noctuidae,Anaplectoides
1577,Anarta trifolii,Insects,Animalia,Arthropoda,Insecta,Lepidoptera,Noctuidae,Anarta
1578,Anicla infecta,Insects,Animalia,Arthropoda,Insecta,Lepidoptera,Noctuidae,Anicla
1579,Apamea amputatrix,Insects,Animalia,Arthropoda,Insecta,Lepidoptera,Noctuidae,Apamea
1580,Apamea monoglypha,Insects,Animalia,Arthropoda,Insecta,Lepidoptera,Noctuidae,Apamea
1581,Apamea sordens,Insects,Animalia,Arthropoda,Insecta,Lepidoptera,Noctuidae,Apamea
1582,Athetis tarda,Insects,Animalia,Arthropoda,Insecta,Lepidoptera,Noctuidae,Athetis
1583,Autographa californica,Insects,Animalia,Arthropoda,Insecta,Lepidoptera,Noctuidae,Autographa
1584,Autographa gamma,Insects,Animalia,Arthropoda,Insecta,Lepidoptera,Noctuidae,Autographa
1585,Autographa precationis,Insects,Animalia,Arthropoda,Insecta,Lepidoptera,Noctuidae,Autographa
1586,Axylia putris,Insects,Animalia,Arthropoda,Insecta,Lepidoptera,Noctuidae,Axylia
1587,Balsa tristrigella,Insects,Animalia,Arthropoda,Insecta,Lepidoptera,Noctuidae,Balsa
1588,Callopistria cordata,Insects,Animalia,Arthropoda,Insecta,Lepidoptera,Noctuidae,Callopistria
1589,Callopistria floridensis,Insects,Animalia,Arthropoda,Insecta,Lepidoptera,Noctuidae,Callopistria
1590,Callopistria mollissima,Insects,Animalia,Arthropoda,Insecta,Lepidoptera,Noctuidae,Callopistria
1591,Calophasia lunula,Insects,Animalia,Arthropoda,Insecta,Lepidoptera,Noctuidae,Calophasia
1592,Cerma cerintha,Insects,Animalia,Arthropoda,Insecta,Lepidoptera,Noctuidae,Cerma
1593,Charadra deridens,Insects,Animalia,Arthropoda,Insecta,Lepidoptera,Noctuidae,Charadra
1594,Charadra dispulsa,Insects,Animalia,Arthropoda,Insecta,Lepidoptera,Noctuidae,Charadra
1595,Choephora fungorum,Insects,Animalia,Arthropoda,Insecta,Lepidoptera,Noctuidae,Choephora
1596,Chrysodeixis eriosoma,Insects,Animalia,Arthropoda,Insecta,Lepidoptera,Noctuidae,Chrysodeixis
1597,Chrysodeixis includens,Insects,Animalia,Arthropoda,Insecta,Lepidoptera,Noctuidae,Chrysodeixis
1598,Chytonix palliatricula,Insects,Animalia,Arthropoda,Insecta,Lepidoptera,Noctuidae,Chytonix
1599,Colocasia coryli,Insects,Animalia,Arthropoda,Insecta,Lepidoptera,Noctuidae,Colocasia
1600,Colocasia propinquilinea,Insects,Animalia,Arthropoda,Insecta,Lepidoptera,Noctuidae,Colocasia
1601,Condica vecors,Insects,Animalia,Arthropoda,Insecta,Lepidoptera,Noctuidae,Condica
1602,Condica videns,Insects,Animalia,Arthropoda,Insecta,Lepidoptera,Noctuidae,Condica
1603,Copivaleria grotei,Insects,Animalia,Arthropoda,Insecta,Lepidoptera,Noctuidae,Copivaleria
1604,Cosmia calami,Insects,Animalia,Arthropoda,Insecta,Lepidoptera,Noctuidae,Cosmia
1605,Cosmia trapezina,Insects,Animalia,Arthropoda,Insecta,Lepidoptera,Noctuidae,Cosmia
1606,Cosmodes elegans,Insects,Animalia,Arthropoda,Insecta,Lepidoptera,Noctuidae,Cosmodes
1607,Craniophora ligustri,Insects,Animalia,Arthropoda,Insecta,Lepidoptera,Noctuidae,Craniophora
1608,Cryphia algae,Insects,Animalia,Arthropoda,Insecta,Lepidoptera,Noctuidae,Cryphia
1609,Ctenoplusia oxygramma,Insects,Animalia,Arthropoda,Insecta,Lepidoptera,Noctuidae,Ctenoplusia
1610,Cucullia asteroides,Insects,Animalia,Arthropoda,Insecta,Lepidoptera,Noctuidae,Cucullia
1611,Cucullia convexipennis,Insects,Animalia,Arthropoda,Insecta,Lepidoptera,Noctuidae,Cucullia
1612,Deltote pygarga,Insects,Animalia,Arthropoda,Insecta,Lepidoptera,Noctuidae,Deltote
1613,Diachrysia aereoides,Insects,Animalia,Arthropoda,Insecta,Lepidoptera,Noctuidae,Diachrysia
1614,Diachrysia balluca,Insects,Animalia,Arthropoda,Insecta,Lepidoptera,Noctuidae,Diachrysia
1615,Diastema tigris,Insects,Animalia,Arthropoda,Insecta,Lepidoptera,Noctuidae,Diastema
1616,Elaphria chalcedonia,Insects,Animalia,Arthropoda,Insecta,Lepidoptera,Noctuidae,Elaphria
1617,Elaphria festivoides,Insects,Animalia,Arthropoda,Insecta,Lepidoptera,Noctuidae,Elaphria
1618,Elaphria grata,Insects,Animalia,Arthropoda,Insecta,Lepidoptera,Noctuidae,Elaphria
1619,Elaphria versicolor,Insects,Animalia,Arthropoda,Insecta,Lepidoptera,Noctuidae,Elaphria
1620,Emarginea percara,Insects,Animalia,Arthropoda,Insecta,Lepidoptera,Noctuidae,Emarginea
1621,Eudryas grata,Insects,Animalia,Arthropoda,Insecta,Lepidoptera,Noctuidae,Eudryas
1622,Eudryas unio,Insects,Animalia,Arthropoda,Insecta,Lepidoptera,Noctuidae,Eudryas
1623,Eueretagrotis perattentus,Insects,Animalia,Arthropoda,Insecta,Lepidoptera,Noctuidae,Eueretagrotis
1624,Euplexia benesimilis,Insects,Animalia,Arthropoda,Insecta,Lepidoptera,Noctuidae,Euplexia
1625,Eurois occulta,Insects,Animalia,Arthropoda,Insecta,Lepidoptera,Noctuidae,Eurois
1626,Feltia herilis,Insects,Animalia,Arthropoda,Insecta,Lepidoptera,Noctuidae,Feltia
1627,Feltia jaculifera,Insects,Animalia,Arthropoda,Insecta,Lepidoptera,Noctuidae,Feltia
1628,Feltia subterranea,Insects,Animalia,Arthropoda,Insecta,Lepidoptera,Noctuidae,Feltia
1629,Feralia comstocki,Insects,Animalia,Arthropoda,Insecta,Lepidoptera,Noctuidae,Feralia
1630,Galgula partita,Insects,Animalia,Arthropoda,Insecta,Lepidoptera,Noctuidae,Galgula
1631,Harrisimemna trisignata,Insects,Animalia,Arthropoda,Insecta,Lepidoptera,Noctuidae,Harrisimemna
1632,Helicoverpa armigera,Insects,Animalia,Arthropoda,Insecta,Lepidoptera,Noctuidae,Helicoverpa
1633,Helicoverpa zea,Insects,Animalia,Arthropoda,Insecta,Lepidoptera,Noctuidae,Helicoverpa
1634,Hemieuxoa rudens,Insects,Animalia,Arthropoda,Insecta,Lepidoptera,Noctuidae,Hemieuxoa
1635,Homophoberia apicosa,Insects,Animalia,Arthropoda,Insecta,Lepidoptera,Noctuidae,Homophoberia
1636,Hoplodrina ambigua,Insects,Animalia,Arthropoda,Insecta,Lepidoptera,Noctuidae,Hoplodrina
1637,Hyppa xylinoides,Insects,Animalia,Arthropoda,Insecta,Lepidoptera,Noctuidae,Hyppa
1638,Ichneutica mutans,Insects,Animalia,Arthropoda,Insecta,Lepidoptera,Noctuidae,Ichneutica
1639,Lacanobia oleracea,Insects,Animalia,Arthropoda,Insecta,Lepidoptera,Noctuidae,Lacanobia
1640,Lacinipolia laudabilis,Insects,Animalia,Arthropoda,Insecta,Lepidoptera,Noctuidae,Lacinipolia
1641,Lacinipolia olivacea,Insects,Animalia,Arthropoda,Insecta,Lepidoptera,Noctuidae,Lacinipolia
1642,Lacinipolia renigera,Insects,Animalia,Arthropoda,Insecta,Lepidoptera,Noctuidae,Lacinipolia
1643,Lateroligia ophiogramma,Insects,Animalia,Arthropoda,Insecta,Lepidoptera,Noctuidae,Lateroligia
1644,Leucania adjuta,Insects,Animalia,Arthropoda,Insecta,Lepidoptera,Noctuidae,Leucania
1645,Leucania diatrecta,Insects,Animalia,Arthropoda,Insecta,Lepidoptera,Noctuidae,Leucania
1646,Leucania incognita,Insects,Animalia,Arthropoda,Insecta,Lepidoptera,Noctuidae,Leucania
1647,Leuconycta diphteroides,Insects,Animalia,Arthropoda,Insecta,Lepidoptera,Noctuidae,Leuconycta
1648,Leuconycta lepidula,Insects,Animalia,Arthropoda,Insecta,Lepidoptera,Noctuidae,Leuconycta
1649,Lithacodia musta,Insects,Animalia,Arthropoda,Insecta,Lepidoptera,Noctuidae,Lithacodia
1650,Magusa divaricata,Insects,Animalia,Arthropoda,Insecta,Lepidoptera,Noctuidae,Magusa
1651,Maliattha amorpha,Insects,Animalia,Arthropoda,Insecta,Lepidoptera,Noctuidae,Maliattha
1652,Maliattha concinnimacula,Insects,Animalia,Arthropoda,Insecta,Lepidoptera,Noctuidae,Maliattha
1653,Maliattha synochitis,Insects,Animalia,Arthropoda,Insecta,Lepidoptera,Noctuidae,Maliattha
1654,Marimatha nigrofimbria,Insects,Animalia,Arthropoda,Insecta,Lepidoptera,Noctuidae,Marimatha
1655,Megalographa biloba,Insects,Animalia,Arthropoda,Insecta,Lepidoptera,Noctuidae,Megalographa
1656,Melanchra adjuncta,Insects,Animalia,Arthropoda,Insecta,Lepidoptera,Noctuidae,Melanchra
1657,Mesoligia furuncula,Insects,Animalia,Arthropoda,Insecta,Lepidoptera,Noctuidae,Mesoligia
1658,Morrisonia confusa,Insects,Animalia,Arthropoda,Insecta,Lepidoptera,Noctuidae,Morrisonia
1659,Morrisonia latex,Insects,Animalia,Arthropoda,Insecta,Lepidoptera,Noctuidae,Morrisonia
1660,Mythimna albipuncta,Insects,Animalia,Arthropoda,Insecta,Lepidoptera,Noctuidae,Mythimna
1661,Mythimna convecta,Insects,Animalia,Arthropoda,Insecta,Lepidoptera,Noctuidae,Mythimna
1662,Mythimna oxygala,Insects,Animalia,Arthropoda,Insecta,Lepidoptera,Noctuidae,Mythimna
1663,Mythimna unipuncta,Insects,Animalia,Arthropoda,Insecta,Lepidoptera,Noctuidae,Mythimna
1664,Nedra ramosula,Insects,Animalia,Arthropoda,Insecta,Lepidoptera,Noctuidae,Nedra
1665,Nephelodes minians,Insects,Animalia,Arthropoda,Insecta,Lepidoptera,Noctuidae,Nephelodes
1666,Noctua comes,Insects,Animalia,Arthropoda,Insecta,Lepidoptera,Noctuidae,Noctua
1667,Noctua fimbriata,Insects,Animalia,Arthropoda,Insecta,Lepidoptera,Noctuidae,Noctua
1668,Noctua pronuba,Insects,Animalia,Arthropoda,Insecta,Lepidoptera,Noctuidae,Noctua
1669,Ochropleura implecta,Insects,Animalia,Arthropoda,Insecta,Lepidoptera,Noctuidae,Ochropleura
1670,Ochropleura plecta,Insects,Animalia,Arthropoda,Insecta,Lepidoptera,Noctuidae,Ochropleura
1671,Ogdoconta cinereola,Insects,Animalia,Arthropoda,Insecta,Lepidoptera,Noctuidae,Ogdoconta
1672,Orthodes majuscula,Insects,Animalia,Arthropoda,Insecta,Lepidoptera,Noctuidae,Orthodes
1673,Orthosia cerasi,Insects,Animalia,Arthropoda,Insecta,Lepidoptera,Noctuidae,Orthosia
1674,Orthosia gothica,Insects,Animalia,Arthropoda,Insecta,Lepidoptera,Noctuidae,Orthosia
1675,Orthosia hibisci,Insects,Animalia,Arthropoda,Insecta,Lepidoptera,Noctuidae,Orthosia
1676,Orthosia incerta,Insects,Animalia,Arthropoda,Insecta,Lepidoptera,Noctuidae,Orthosia
1677,Panthea acronyctoides,Insects,Animalia,Arthropoda,Insecta,Lepidoptera,Noctuidae,Panthea
1678,Panthea furcilla,Insects,Animalia,Arthropoda,Insecta,Lepidoptera,Noctuidae,Panthea
1679,Papaipema inquaesita,Insects,Animalia,Arthropoda,Insecta,Lepidoptera,Noctuidae,Papaipema
1680,Papaipema pterisii,Insects,Animalia,Arthropoda,Insecta,Lepidoptera,Noctuidae,Papaipema
1681,Peridroma saucia,Insects,Animalia,Arthropoda,Insecta,Lepidoptera,Noctuidae,Peridroma
1682,Phlogophora iris,Insects,Animalia,Arthropoda,Insecta,Lepidoptera,Noctuidae,Phlogophora
1683,Phlogophora meticulosa,Insects,Animalia,Arthropoda,Insecta,Lepidoptera,Noctuidae,Phlogophora
1684,Phlogophora periculosa,Insects,Animalia,Arthropoda,Insecta,Lepidoptera,Noctuidae,Phlogophora
1685,Phosphila miselioides,Insects,Animalia,Arthropoda,Insecta,Lepidoptera,Noctuidae,Phosphila
1686,Phosphila turbulenta,Insects,Animalia,Arthropoda,Insecta,Lepidoptera,Noctuidae,Phosphila
1687,Polia nimbosa,Insects,Animalia,Arthropoda,Insecta,Lepidoptera,Noctuidae,Polia
1688,Polygrammate hebraeicum,Insects,Animalia,Arthropoda,Insecta,Lepidoptera,Noctuidae,Polygrammate
1689,Ponometia candefacta,Insects,Animalia,Arthropoda,Insecta,Lepidoptera,Noctuidae,Ponometia
1690,Ponometia erastrioides,Insects,Animalia,Arthropoda,Insecta,Lepidoptera,Noctuidae,Ponometia
1691,Ponometia semiflava,Insects,Animalia,Arthropoda,Insecta,Lepidoptera,Noctuidae,Ponometia
1692,Proteuxoa hypochalchis,Insects,Animalia,Arthropoda,Insecta,Lepidoptera,Noctuidae,Proteuxoa
1693,Protodeltote albidula,Insects,Animalia,Arthropoda,Insecta,Lepidoptera,Noctuidae,Protodeltote
1694,Protodeltote muscosula,Insects,Animalia,Arthropoda,Insecta,Lepidoptera,Noctuidae,Protodeltote
1695,Pseudeustrotia carneola,Insects,Animalia,Arthropoda,Insecta,Lepidoptera,Noctuidae,Pseudeustrotia
1696,Pseudohermonassa bicarnea,Insects,Animalia,Arthropoda,Insecta,Lepidoptera,Noctuidae,Pseudohermonassa
1697,Psychomorpha epimenis,Insects,Animalia,Arthropoda,Insecta,Lepidoptera,Noctuidae,Psychomorpha
1698,Rachiplusia ou,Insects,Animalia,Arthropoda,Insecta,Lepidoptera,Noctuidae,Rachiplusia
1699,Raphia frater,Insects,Animalia,Arthropoda,Insecta,Lepidoptera,Noctuidae,Raphia
1700,Schinia arcigera,Insects,Animalia,Arthropoda,Insecta,Lepidoptera,Noctuidae,Schinia
1701,Schinia florida,Insects,Animalia,Arthropoda,Insecta,Lepidoptera,Noctuidae,Schinia
1702,Schinia rivulosa,Insects,Animalia,Arthropoda,Insecta,Lepidoptera,Noctuidae,Schinia
1703,Spodoptera exigua,Insects,Animalia,Arthropoda,Insecta,Lepidoptera,Noctuidae,Spodoptera
1704,Spodoptera frugiperda,Insects,Animalia,Arthropoda,Insecta,Lepidoptera,Noctuidae,Spodoptera
1705,Spodoptera litura,Insects,Animalia,Arthropoda,Insecta,Lepidoptera,Noctuidae,Spodoptera
1706,Spodoptera mauritia,Insects,Animalia,Arthropoda,Insecta,Lepidoptera,Noctuidae,Spodoptera
1707,Spodoptera ornithogalli,Insects,Animalia,Arthropoda,Insecta,Lepidoptera,Noctuidae,Spodoptera
1708,Spragueia guttata,Insects,Animalia,Arthropoda,Insecta,Lepidoptera,Noctuidae,Spragueia
1709,Spragueia leo,Insects,Animalia,Arthropoda,Insecta,Lepidoptera,Noctuidae,Spragueia
1710,Striacosta albicosta,Insects,Animalia,Arthropoda,Insecta,Lepidoptera,Noctuidae,Striacosta
1711,Sunira bicolorago,Insects,Animalia,Arthropoda,Insecta,Lepidoptera,Noctuidae,Sunira
1712,Syngrapha rectangula,Insects,Animalia,Arthropoda,Insecta,Lepidoptera,Noctuidae,Syngrapha
1713,Tarache aprica,Insects,Animalia,Arthropoda,Insecta,Lepidoptera,Noctuidae,Tarache
1714,Tarache quadriplaga,Insects,Animalia,Arthropoda,Insecta,Lepidoptera,Noctuidae,Tarache
1715,Thysanoplusia orichalcea,Insects,Animalia,Arthropoda,Insecta,Lepidoptera,Noctuidae,Thysanoplusia
1716,Trichoplusia ni,Insects,Animalia,Arthropoda,Insecta,Lepidoptera,Noctuidae,Trichoplusia
1717,Trichordestra legitima,Insects,Animalia,Arthropoda,Insecta,Lepidoptera,Noctuidae,Trichordestra
1718,Tripudia quadrifera,Insects,Animalia,Arthropoda,Insecta,Lepidoptera,Noctuidae,Tripudia
1719,Tyta luctuosa,Insects,Animalia,Arthropoda,Insecta,Lepidoptera,Noctuidae,Tyta
1720,Xerociris wilsonii,Insects,Animalia,Arthropoda,Insecta,Lepidoptera,Noctuidae,Xerociris
1721,Xestia c-nigrum,Insects,Animalia,Arthropoda,Insecta,Lepidoptera,Noctuidae,Xestia
1722,Xestia smithii,Insects,Animalia,Arthropoda,Insecta,Lepidoptera,Noctuidae,Xestia
1723,Xestia xanthographa,Insects,Animalia,Arthropoda,Insecta,Lepidoptera,Noctuidae,Xestia
1724,Baileya doubledayi,Insects,Animalia,Arthropoda,Insecta,Lepidoptera,Nolidae,Baileya
1725,Baileya ophthalmica,Insects,Animalia,Arthropoda,Insecta,Lepidoptera,Nolidae,Baileya
1726,Diphthera festiva,Insects,Animalia,Arthropoda,Insecta,Lepidoptera,Nolidae,Diphthera
1727,Nola cereella,Insects,Animalia,Arthropoda,Insecta,Lepidoptera,Nolidae,Nola
1728,Nola desmotes,Insects,Animalia,Arthropoda,Insecta,Lepidoptera,Nolidae,Nola
1729,Pseudoips prasinana,Insects,Animalia,Arthropoda,Insecta,Lepidoptera,Nolidae,Pseudoips
1730,Uraba lugens,Insects,Animalia,Arthropoda,Insecta,Lepidoptera,Nolidae,Uraba
1731,Clostera albosigma,Insects,Animalia,Arthropoda,Insecta,Lepidoptera,Notodontidae,Clostera
1732,Clostera apicalis,Insects,Animalia,Arthropoda,Insecta,Lepidoptera,Notodontidae,Clostera
1733,Datana integerrima,Insects,Animalia,Arthropoda,Insecta,Lepidoptera,Notodontidae,Datana
1734,Datana ministra,Insects,Animalia,Arthropoda,Insecta,Lepidoptera,Notodontidae,Datana
1735,Destolmia lineata,Insects,Animalia,Arthropoda,Insecta,Lepidoptera,Notodontidae,Destolmia
1736,Ellida caniplaga,Insects,Animalia,Arthropoda,Insecta,Lepidoptera,Notodontidae,Ellida
1737,Furcula borealis,Insects,Animalia,Arthropoda,Insecta,Lepidoptera,Notodontidae,Furcula
1738,Gluphisia septentrionis,Insects,Animalia,Arthropoda,Insecta,Lepidoptera,Notodontidae,Gluphisia
1739,Heterocampa biundata,Insects,Animalia,Arthropoda,Insecta,Lepidoptera,Notodontidae,Heterocampa
1740,Heterocampa guttivitta,Insects,Animalia,Arthropoda,Insecta,Lepidoptera,Notodontidae,Heterocampa
1741,Heterocampa umbrata,Insects,Animalia,Arthropoda,Insecta,Lepidoptera,Notodontidae,Heterocampa
1742,Lochmaeus bilineata,Insects,Animalia,Arthropoda,Insecta,Lepidoptera,Notodontidae,Lochmaeus
1743,Macrurocampa marthesia,Insects,Animalia,Arthropoda,Insecta,Lepidoptera,Notodontidae,Macrurocampa
1744,Nadata gibbosa,Insects,Animalia,Arthropoda,Insecta,Lepidoptera,Notodontidae,Nadata
1745,Nerice bidentata,Insects,Animalia,Arthropoda,Insecta,Lepidoptera,Notodontidae,Nerice
1746,Ochrogaster lunifer,Insects,Animalia,Arthropoda,Insecta,Lepidoptera,Notodontidae,Ochrogaster
1747,Paraeschra georgica,Insects,Animalia,Arthropoda,Insecta,Lepidoptera,Notodontidae,Paraeschra
1748,Peridea angulosa,Insects,Animalia,Arthropoda,Insecta,Lepidoptera,Notodontidae,Peridea
1749,Peridea basitriens,Insects,Animalia,Arthropoda,Insecta,Lepidoptera,Notodontidae,Peridea
1750,Peridea ferruginea,Insects,Animalia,Arthropoda,Insecta,Lepidoptera,Notodontidae,Peridea
1751,Phalera bucephala,Insects,Animalia,Arthropoda,Insecta,Lepidoptera,Notodontidae,Phalera
1752,Pheosia rimosa,Insects,Animalia,Arthropoda,Insecta,Lepidoptera,Notodontidae,Pheosia
1753,Pheosidea elegans,Insects,Animalia,Arthropoda,Insecta,Lepidoptera,Notodontidae,Pheosidea
1754,Phryganidia californica,Insects,Animalia,Arthropoda,Insecta,Lepidoptera,Notodontidae,Phryganidia
1755,Schizura concinna,Insects,Animalia,Arthropoda,Insecta,Lepidoptera,Notodontidae,Schizura
1756,Schizura ipomaeae,Insects,Animalia,Arthropoda,Insecta,Lepidoptera,Notodontidae,Schizura
1757,Schizura unicornis,Insects,Animalia,Arthropoda,Insecta,Lepidoptera,Notodontidae,Schizura
1758,Stauropus fagi,Insects,Animalia,Arthropoda,Insecta,Lepidoptera,Notodontidae,Stauropus
1759,Thaumetopoea pityocampa,Insects,Animalia,Arthropoda,Insecta,Lepidoptera,Notodontidae,Thaumetopoea
1760,Thaumetopoea processionea,Insects,Animalia,Arthropoda,Insecta,Lepidoptera,Notodontidae,Thaumetopoea
1761,Acraea horta,Insects,Animalia,Arthropoda,Insecta,Lepidoptera,Nymphalidae,Acraea
1762,Acraea issoria,Insects,Animalia,Arthropoda,Insecta,Lepidoptera,Nymphalidae,Acraea
1763,Acraea serena,Insects,Animalia,Arthropoda,Insecta,Lepidoptera,Nymphalidae,Acraea
1764,Acraea terpsicore,Insects,Animalia,Arthropoda,Insecta,Lepidoptera,Nymphalidae,Acraea
1765,Adelpha californica,Insects,Animalia,Arthropoda,Insecta,Lepidoptera,Nymphalidae,Adelpha
1766,Adelpha eulalia,Insects,Animalia,Arthropoda,Insecta,Lepidoptera,Nymphalidae,Adelpha
1767,Adelpha fessonia,Insects,Animalia,Arthropoda,Insecta,Lepidoptera,Nymphalidae,Adelpha
1768,Adelpha iphicleola,Insects,Animalia,Arthropoda,Insecta,Lepidoptera,Nymphalidae,Adelpha
1769,Aglais io,Insects,Animalia,Arthropoda,Insecta,Lepidoptera,Nymphalidae,Aglais
1770,Aglais milberti,Insects,Animalia,Arthropoda,Insecta,Lepidoptera,Nymphalidae,Aglais
1771,Aglais urticae,Insects,Animalia,Arthropoda,Insecta,Lepidoptera,Nymphalidae,Aglais
1772,Agraulis vanillae,Insects,Animalia,Arthropoda,Insecta,Lepidoptera,Nymphalidae,Agraulis
1773,Anaea aidea,Insects,Animalia,Arthropoda,Insecta,Lepidoptera,Nymphalidae,Anaea
1774,Anaea andria,Insects,Animalia,Arthropoda,Insecta,Lepidoptera,Nymphalidae,Anaea
1775,Anartia amathea,Insects,Animalia,Arthropoda,Insecta,Lepidoptera,Nymphalidae,Anartia
1776,Anartia fatima,Insects,Animalia,Arthropoda,Insecta,Lepidoptera,Nymphalidae,Anartia
1777,Anartia jatrophae,Insects,Animalia,Arthropoda,Insecta,Lepidoptera,Nymphalidae,Anartia
1778,Anthanassa texana,Insects,Animalia,Arthropoda,Insecta,Lepidoptera,Nymphalidae,Anthanassa
1779,Anthanassa tulcis,Insects,Animalia,Arthropoda,Insecta,Lepidoptera,Nymphalidae,Anthanassa
1780,Apatura ilia,Insects,Animalia,Arthropoda,Insecta,Lepidoptera,Nymphalidae,Apatura
1781,Apatura iris,Insects,Animalia,Arthropoda,Insecta,Lepidoptera,Nymphalidae,Apatura
1782,Aphantopus hyperantus,Insects,Animalia,Arthropoda,Insecta,Lepidoptera,Nymphalidae,Aphantopus
1783,Araschnia levana,Insects,Animalia,Arthropoda,Insecta,Lepidoptera,Nymphalidae,Araschnia
1784,Argynnis adippe,Insects,Animalia,Arthropoda,Insecta,Lepidoptera,Nymphalidae,Argynnis
1785,Argynnis hyperbius,Insects,Animalia,Arthropoda,Insecta,Lepidoptera,Nymphalidae,Argynnis
1786,Argynnis pandora,Insects,Animalia,Arthropoda,Insecta,Lepidoptera,Nymphalidae,Argynnis
1787,Argynnis paphia,Insects,Animalia,Arthropoda,Insecta,Lepidoptera,Nymphalidae,Argynnis
1788,Ariadne ariadne,Insects,Animalia,Arthropoda,Insecta,Lepidoptera,Nymphalidae,Ariadne
1789,Asterocampa celtis,Insects,Animalia,Arthropoda,Insecta,Lepidoptera,Nymphalidae,Asterocampa
1790,Asterocampa clyton,Insects,Animalia,Arthropoda,Insecta,Lepidoptera,Nymphalidae,Asterocampa
1791,Asterocampa leilia,Insects,Animalia,Arthropoda,Insecta,Lepidoptera,Nymphalidae,Asterocampa
1792,Athyma selenophora,Insects,Animalia,Arthropoda,Insecta,Lepidoptera,Nymphalidae,Athyma
1793,Biblis hyperia,Insects,Animalia,Arthropoda,Insecta,Lepidoptera,Nymphalidae,Biblis
1794,Bicyclus safitza,Insects,Animalia,Arthropoda,Insecta,Lepidoptera,Nymphalidae,Bicyclus
1795,Boloria bellona,Insects,Animalia,Arthropoda,Insecta,Lepidoptera,Nymphalidae,Boloria
1796,Boloria chariclea,Insects,Animalia,Arthropoda,Insecta,Lepidoptera,Nymphalidae,Boloria
1797,Boloria dia,Insects,Animalia,Arthropoda,Insecta,Lepidoptera,Nymphalidae,Boloria
1798,Boloria epithore,Insects,Animalia,Arthropoda,Insecta,Lepidoptera,Nymphalidae,Boloria
1799,Boloria euphrosyne,Insects,Animalia,Arthropoda,Insecta,Lepidoptera,Nymphalidae,Boloria
1800,Boloria selene,Insects,Animalia,Arthropoda,Insecta,Lepidoptera,Nymphalidae,Boloria
1801,Brenthis daphne,Insects,Animalia,Arthropoda,Insecta,Lepidoptera,Nymphalidae,Brenthis
1802,Brenthis ino,Insects,Animalia,Arthropoda,Insecta,Lepidoptera,Nymphalidae,Brenthis
1803,Brintesia circe,Insects,Animalia,Arthropoda,Insecta,Lepidoptera,Nymphalidae,Brintesia
1804,Caligo telamonius,Insects,Animalia,Arthropoda,Insecta,Lepidoptera,Nymphalidae,Caligo
1805,Cercyonis pegala,Insects,Animalia,Arthropoda,Insecta,Lepidoptera,Nymphalidae,Cercyonis
1806,Charaxes bernardus,Insects,Animalia,Arthropoda,Insecta,Lepidoptera,Nymphalidae,Charaxes
1807,Charaxes jasius,Insects,Animalia,Arthropoda,Insecta,Lepidoptera,Nymphalidae,Charaxes
1808,Chlosyne acastus,Insects,Animalia,Arthropoda,Insecta,Lepidoptera,Nymphalidae,Chlosyne
1809,Chlosyne ehrenbergii,Insects,Animalia,Arthropoda,Insecta,Lepidoptera,Nymphalidae,Chlosyne
1810,Chlosyne gabbii,Insects,Animalia,Arthropoda,Insecta,Lepidoptera,Nymphalidae,Chlosyne
1811,Chlosyne gorgone,Insects,Animalia,Arthropoda,Insecta,Lepidoptera,Nymphalidae,Chlosyne
1812,Chlosyne harrisii,Insects,Animalia,Arthropoda,Insecta,Lepidoptera,Nymphalidae,Chlosyne
1813,Chlosyne janais,Insects,Animalia,Arthropoda,Insecta,Lepidoptera,Nymphalidae,Chlosyne
1814,Chlosyne lacinia,Insects,Animalia,Arthropoda,Insecta,Lepidoptera,Nymphalidae,Chlosyne
1815,Chlosyne nycteis,Insects,Animalia,Arthropoda,Insecta,Lepidoptera,Nymphalidae,Chlosyne
1816,Chlosyne palla,Insects,Animalia,Arthropoda,Insecta,Lepidoptera,Nymphalidae,Chlosyne
1817,Chlosyne theona,Insects,Animalia,Arthropoda,Insecta,Lepidoptera,Nymphalidae,Chlosyne
1818,Coenonympha arcania,Insects,Animalia,Arthropoda,Insecta,Lepidoptera,Nymphalidae,Coenonympha
1819,Coenonympha glycerion,Insects,Animalia,Arthropoda,Insecta,Lepidoptera,Nymphalidae,Coenonympha
1820,Coenonympha pamphilus,Insects,Animalia,Arthropoda,Insecta,Lepidoptera,Nymphalidae,Coenonympha
1821,Coenonympha tullia,Insects,Animalia,Arthropoda,Insecta,Lepidoptera,Nymphalidae,Coenonympha
1822,Colobura dirce,Insects,Animalia,Arthropoda,Insecta,Lepidoptera,Nymphalidae,Colobura
1823,Cupha erymanthis,Insects,Animalia,Arthropoda,Insecta,Lepidoptera,Nymphalidae,Cupha
1824,Cyllopsis gemma,Insects,Animalia,Arthropoda,Insecta,Lepidoptera,Nymphalidae,Cyllopsis
1825,Cyrestis thyodamas,Insects,Animalia,Arthropoda,Insecta,Lepidoptera,Nymphalidae,Cyrestis
1826,Danaus chrysippus,Insects,Animalia,Arthropoda,Insecta,Lepidoptera,Nymphalidae,Danaus
1827,Danaus eresimus,Insects,Animalia,Arthropoda,Insecta,Lepidoptera,Nymphalidae,Danaus
1828,Danaus erippus,Insects,Animalia,Arthropoda,Insecta,Lepidoptera,Nymphalidae,Danaus
1829,Danaus genutia,Insects,Animalia,Arthropoda,Insecta,Lepidoptera,Nymphalidae,Danaus
1830,Danaus gilippus,Insects,Animalia,Arthropoda,Insecta,Lepidoptera,Nymphalidae,Danaus
1831,Danaus petilia,Insects,Animalia,Arthropoda,Insecta,Lepidoptera,Nymphalidae,Danaus
1832,Danaus plexippus,Insects,Animalia,Arthropoda,Insecta,Lepidoptera,Nymphalidae,Danaus
1833,Diaethria anna,Insects,Animalia,Arthropoda,Insecta,Lepidoptera,Nymphalidae,Diaethria
1834,Dione juno,Insects,Animalia,Arthropoda,Insecta,Lepidoptera,Nymphalidae,Dione
1835,Dione moneta,Insects,Animalia,Arthropoda,Insecta,Lepidoptera,Nymphalidae,Dione
1836,Dira clytus,Insects,Animalia,Arthropoda,Insecta,Lepidoptera,Nymphalidae,Dira
1837,Doleschallia bisaltide,Insects,Animalia,Arthropoda,Insecta,Lepidoptera,Nymphalidae,Doleschallia
1838,Doxocopa laure,Insects,Animalia,Arthropoda,Insecta,Lepidoptera,Nymphalidae,Doxocopa
1839,Dryadula phaetusa,Insects,Animalia,Arthropoda,Insecta,Lepidoptera,Nymphalidae,Dryadula
1840,Dryas iulia,Insects,Animalia,Arthropoda,Insecta,Lepidoptera,Nymphalidae,Dryas
1841,Dymasia dymas,Insects,Animalia,Arthropoda,Insecta,Lepidoptera,Nymphalidae,Dymasia
1842,Dynamine postverta,Insects,Animalia,Arthropoda,Insecta,Lepidoptera,Nymphalidae,Dynamine
1843,Elymnias hypermnestra,Insects,Animalia,Arthropoda,Insecta,Lepidoptera,Nymphalidae,Elymnias
1844,Erebia aethiops,Insects,Animalia,Arthropoda,Insecta,Lepidoptera,Nymphalidae,Erebia
1845,Erebia epipsodea,Insects,Animalia,Arthropoda,Insecta,Lepidoptera,Nymphalidae,Erebia
1846,Erebia euryale,Insects,Animalia,Arthropoda,Insecta,Lepidoptera,Nymphalidae,Erebia
1847,Erebia ligea,Insects,Animalia,Arthropoda,Insecta,Lepidoptera,Nymphalidae,Erebia
1848,Erebia medusa,Insects,Animalia,Arthropoda,Insecta,Lepidoptera,Nymphalidae,Erebia
1849,Eueides isabella,Insects,Animalia,Arthropoda,Insecta,Lepidoptera,Nymphalidae,Eueides
1850,Eunica monima,Insects,Animalia,Arthropoda,Insecta,Lepidoptera,Nymphalidae,Eunica
1851,Euphydryas aurinia,Insects,Animalia,Arthropoda,Insecta,Lepidoptera,Nymphalidae,Euphydryas
1852,Euphydryas chalcedona,Insects,Animalia,Arthropoda,Insecta,Lepidoptera,Nymphalidae,Euphydryas
1853,Euphydryas editha,Insects,Animalia,Arthropoda,Insecta,Lepidoptera,Nymphalidae,Euphydryas
1854,Euphydryas phaeton,Insects,Animalia,Arthropoda,Insecta,Lepidoptera,Nymphalidae,Euphydryas
1855,Euploea core,Insects,Animalia,Arthropoda,Insecta,Lepidoptera,Nymphalidae,Euploea
1856,Euploea midamus,Insects,Animalia,Arthropoda,Insecta,Lepidoptera,Nymphalidae,Euploea
1857,Euploea mulciber,Insects,Animalia,Arthropoda,Insecta,Lepidoptera,Nymphalidae,Euploea
1858,Euploea tulliolus,Insects,Animalia,Arthropoda,Insecta,Lepidoptera,Nymphalidae,Euploea
1859,Euptoieta claudia,Insects,Animalia,Arthropoda,Insecta,Lepidoptera,Nymphalidae,Euptoieta
1860,Euptoieta hegesia,Insects,Animalia,Arthropoda,Insecta,Lepidoptera,Nymphalidae,Euptoieta
1861,Euthalia aconthea,Insects,Animalia,Arthropoda,Insecta,Lepidoptera,Nymphalidae,Euthalia
1862,Faunis eumeus,Insects,Animalia,Arthropoda,Insecta,Lepidoptera,Nymphalidae,Faunis
1863,Geitoneura klugii,Insects,Animalia,Arthropoda,Insecta,Lepidoptera,Nymphalidae,Geitoneura
1864,Hamadryas amphinome,Insects,Animalia,Arthropoda,Insecta,Lepidoptera,Nymphalidae,Hamadryas
1865,Hamadryas februa,Insects,Animalia,Arthropoda,Insecta,Lepidoptera,Nymphalidae,Hamadryas
1866,Hamadryas feronia,Insects,Animalia,Arthropoda,Insecta,Lepidoptera,Nymphalidae,Hamadryas
1867,Hamadryas guatemalena,Insects,Animalia,Arthropoda,Insecta,Lepidoptera,Nymphalidae,Hamadryas
1868,Heliconius charithonia,Insects,Animalia,Arthropoda,Insecta,Lepidoptera,Nymphalidae,Heliconius
1869,Heliconius erato,Insects,Animalia,Arthropoda,Insecta,Lepidoptera,Nymphalidae,Heliconius
1870,Hermeuptychia hermes,Insects,Animalia,Arthropoda,Insecta,Lepidoptera,Nymphalidae,Hermeuptychia
1871,Hermeuptychia sosybius,Insects,Animalia,Arthropoda,Insecta,Lepidoptera,Nymphalidae,Hermeuptychia
1872,Hestina assimilis,Insects,Animalia,Arthropoda,Insecta,Lepidoptera,Nymphalidae,Hestina
1873,Heteronympha merope,Insects,Animalia,Arthropoda,Insecta,Lepidoptera,Nymphalidae,Heteronympha
1874,Hipparchia semele,Insects,Animalia,Arthropoda,Insecta,Lepidoptera,Nymphalidae,Hipparchia
1875,Hipparchia statilinus,Insects,Animalia,Arthropoda,Insecta,Lepidoptera,Nymphalidae,Hipparchia
1876,Historis odius,Insects,Animalia,Arthropoda,Insecta,Lepidoptera,Nymphalidae,Historis
1877,Hypocysta metirius,Insects,Animalia,Arthropoda,Insecta,Lepidoptera,Nymphalidae,Hypocysta
1878,Hypolimnas bolina,Insects,Animalia,Arthropoda,Insecta,Lepidoptera,Nymphalidae,Hypolimnas
1879,Hypolimnas misippus,Insects,Animalia,Arthropoda,Insecta,Lepidoptera,Nymphalidae,Hypolimnas
1880,Ideopsis similis,Insects,Animalia,Arthropoda,Insecta,Lepidoptera,Nymphalidae,Ideopsis
1881,Issoria lathonia,Insects,Animalia,Arthropoda,Insecta,Lepidoptera,Nymphalidae,Issoria
1882,Junonia almana,Insects,Animalia,Arthropoda,Insecta,Lepidoptera,Nymphalidae,Junonia
1883,Junonia atlites,Insects,Animalia,Arthropoda,Insecta,Lepidoptera,Nymphalidae,Junonia
1884,Junonia coenia,Insects,Animalia,Arthropoda,Insecta,Lepidoptera,Nymphalidae,Junonia
1885,Junonia genoveva,Insects,Animalia,Arthropoda,Insecta,Lepidoptera,Nymphalidae,Junonia
1886,Junonia hedonia,Insects,Animalia,Arthropoda,Insecta,Lepidoptera,Nymphalidae,Junonia
1887,Junonia hierta,Insects,Animalia,Arthropoda,Insecta,Lepidoptera,Nymphalidae,Junonia
1888,Junonia iphita,Insects,Animalia,Arthropoda,Insecta,Lepidoptera,Nymphalidae,Junonia
1889,Junonia lemonias,Insects,Animalia,Arthropoda,Insecta,Lepidoptera,Nymphalidae,Junonia
1890,Junonia natalica,Insects,Animalia,Arthropoda,Insecta,Lepidoptera,Nymphalidae,Junonia
1891,Junonia oenone,Insects,Animalia,Arthropoda,Insecta,Lepidoptera,Nymphalidae,Junonia
1892,Junonia orithya,Insects,Animalia,Arthropoda,Insecta,Lepidoptera,Nymphalidae,Junonia
1893,Junonia terea,Insects,Animalia,Arthropoda,Insecta,Lepidoptera,Nymphalidae,Junonia
1894,Junonia villida,Insects,Animalia,Arthropoda,Insecta,Lepidoptera,Nymphalidae,Junonia
1895,Kaniska canace,Insects,Animalia,Arthropoda,Insecta,Lepidoptera,Nymphalidae,Kaniska
1896,Lasiommata maera,Insects,Animalia,Arthropoda,Insecta,Lepidoptera,Nymphalidae,Lasiommata
1897,Lasiommata megera,Insects,Animalia,Arthropoda,Insecta,Lepidoptera,Nymphalidae,Lasiommata
1898,Lebadea martha,Insects,Animalia,Arthropoda,Insecta,Lepidoptera,Nymphalidae,Lebadea
1899,Lethe anthedon,Insects,Animalia,Arthropoda,Insecta,Lepidoptera,Nymphalidae,Lethe
1900,Lethe appalachia,Insects,Animalia,Arthropoda,Insecta,Lepidoptera,Nymphalidae,Lethe
1901,Lethe confusa,Insects,Animalia,Arthropoda,Insecta,Lepidoptera,Nymphalidae,Lethe
1902,Lethe europa,Insects,Animalia,Arthropoda,Insecta,Lepidoptera,Nymphalidae,Lethe
1903,Lethe eurydice,Insects,Animalia,Arthropoda,Insecta,Lepidoptera,Nymphalidae,Lethe
1904,Lethe portlandia,Insects,Animalia,Arthropoda,Insecta,Lepidoptera,Nymphalidae,Lethe
1905,Lexias pardalis,Insects,Animalia,Arthropoda,Insecta,Lepidoptera,Nymphalidae,Lexias
1906,Libytheana carinenta,Insects,Animalia,Arthropoda,Insecta,Lepidoptera,Nymphalidae,Libytheana
1907,Limenitis archippus,Insects,Animalia,Arthropoda,Insecta,Lepidoptera,Nymphalidae,Limenitis
1908,Limenitis arthemis,Insects,Animalia,Arthropoda,Insecta,Lepidoptera,Nymphalidae,Limenitis
1909,Limenitis camilla,Insects,Animalia,Arthropoda,Insecta,Lepidoptera,Nymphalidae,Limenitis
1910,Limenitis lorquini,Insects,Animalia,Arthropoda,Insecta,Lepidoptera,Nymphalidae,Limenitis
1911,Limenitis populi,Insects,Animalia,Arthropoda,Insecta,Lepidoptera,Nymphalidae,Limenitis
1912,Limenitis reducta,Insects,Animalia,Arthropoda,Insecta,Lepidoptera,Nymphalidae,Limenitis
1913,Limenitis weidemeyerii,Insects,Animalia,Arthropoda,Insecta,Lepidoptera,Nymphalidae,Limenitis
1914,Maniola jurtina,Insects,Animalia,Arthropoda,Insecta,Lepidoptera,Nymphalidae,Maniola
1915,Marpesia chiron,Insects,Animalia,Arthropoda,Insecta,Lepidoptera,Nymphalidae,Marpesia
1916,Marpesia petreus,Insects,Animalia,Arthropoda,Insecta,Lepidoptera,Nymphalidae,Marpesia
1917,Mechanitis polymnia,Insects,Animalia,Arthropoda,Insecta,Lepidoptera,Nymphalidae,Mechanitis
1918,Megisto cymela,Insects,Animalia,Arthropoda,Insecta,Lepidoptera,Nymphalidae,Megisto
1919,Megisto rubricata,Insects,Animalia,Arthropoda,Insecta,Lepidoptera,Nymphalidae,Megisto
1920,Melanargia galathea,Insects,Animalia,Arthropoda,Insecta,Lepidoptera,Nymphalidae,Melanargia
1921,Melanargia lachesis,Insects,Animalia,Arthropoda,Insecta,Lepidoptera,Nymphalidae,Melanargia
1922,Melanitis leda,Insects,Animalia,Arthropoda,Insecta,Lepidoptera,Nymphalidae,Melanitis
1923,Melanitis phedima,Insects,Animalia,Arthropoda,Insecta,Lepidoptera,Nymphalidae,Melanitis
1924,Melitaea athalia,Insects,Animalia,Arthropoda,Insecta,Lepidoptera,Nymphalidae,Melitaea
1925,Melitaea cinxia,Insects,Animalia,Arthropoda,Insecta,Lepidoptera,Nymphalidae,Melitaea
1926,Melitaea didyma,Insects,Animalia,Arthropoda,Insecta,Lepidoptera,Nymphalidae,Melitaea
1927,Melitaea phoebe,Insects,Animalia,Arthropoda,Insecta,Lepidoptera,Nymphalidae,Melitaea
1928,Mestra amymone,Insects,Animalia,Arthropoda,Insecta,Lepidoptera,Nymphalidae,Mestra
1929,Microtia elva,Insects,Animalia,Arthropoda,Insecta,Lepidoptera,Nymphalidae,Microtia
1930,Minois dryas,Insects,Animalia,Arthropoda,Insecta,Lepidoptera,Nymphalidae,Minois
1931,Moduza procris,Insects,Animalia,Arthropoda,Insecta,Lepidoptera,Nymphalidae,Moduza
1932,Morpho helenor,Insects,Animalia,Arthropoda,Insecta,Lepidoptera,Nymphalidae,Morpho
1933,Mycalesis mineus,Insects,Animalia,Arthropoda,Insecta,Lepidoptera,Nymphalidae,Mycalesis
1934,Mycalesis mucianus,Insects,Animalia,Arthropoda,Insecta,Lepidoptera,Nymphalidae,Mycalesis
1935,Myscelia ethusa,Insects,Animalia,Arthropoda,Insecta,Lepidoptera,Nymphalidae,Myscelia
1936,Neptis hylas,Insects,Animalia,Arthropoda,Insecta,Lepidoptera,Nymphalidae,Neptis
1937,Neptis sappho,Insects,Animalia,Arthropoda,Insecta,Lepidoptera,Nymphalidae,Neptis
1938,Nymphalis antiopa,Insects,Animalia,Arthropoda,Insecta,Lepidoptera,Nymphalidae,Nymphalis
1939,Nymphalis californica,Insects,Animalia,Arthropoda,Insecta,Lepidoptera,Nymphalidae,Nymphalis
1940,Nymphalis l-album,Insects,Animalia,Arthropoda,Insecta,Lepidoptera,Nymphalidae,Nymphalis
1941,Nymphalis polychloros,Insects,Animalia,Arthropoda,Insecta,Lepidoptera,Nymphalidae,Nymphalis
1942,Nymphalis xanthomelas,Insects,Animalia,Arthropoda,Insecta,Lepidoptera,Nymphalidae,Nymphalis
1943,Orsotriaena medus,Insects,Animalia,Arthropoda,Insecta,Lepidoptera,Nymphalidae,Orsotriaena
1944,Parantica aglea,Insects,Animalia,Arthropoda,Insecta,Lepidoptera,Nymphalidae,Parantica
1945,Pararge aegeria,Insects,Animalia,Arthropoda,Insecta,Lepidoptera,Nymphalidae,Pararge
1946,Parthenos sylvia,Insects,Animalia,Arthropoda,Insecta,Lepidoptera,Nymphalidae,Parthenos
1947,Phaedyma columella,Insects,Animalia,Arthropoda,Insecta,Lepidoptera,Nymphalidae,Phaedyma
1948,Phalanta phalantha,Insects,Animalia,Arthropoda,Insecta,Lepidoptera,Nymphalidae,Phalanta
1949,Phyciodes cocyta,Insects,Animalia,Arthropoda,Insecta,Lepidoptera,Nymphalidae,Phyciodes
1950,Phyciodes graphica,Insects,Animalia,Arthropoda,Insecta,Lepidoptera,Nymphalidae,Phyciodes
1951,Phyciodes mylitta,Insects,Animalia,Arthropoda,Insecta,Lepidoptera,Nymphalidae,Phyciodes
1952,Phyciodes phaon,Insects,Animalia,Arthropoda,Insecta,Lepidoptera,Nymphalidae,Phyciodes
1953,Phyciodes pulchella,Insects,Animalia,Arthropoda,Insecta,Lepidoptera,Nymphalidae,Phyciodes
1954,Phyciodes tharos,Insects,Animalia,Arthropoda,Insecta,Lepidoptera,Nymphalidae,Phyciodes
1955,Polygonia c-album,Insects,Animalia,Arthropoda,Insecta,Lepidoptera,Nymphalidae,Polygonia
1956,Polygonia c-aureum,Insects,Animalia,Arthropoda,Insecta,Lepidoptera,Nymphalidae,Polygonia
1957,Polygonia comma,Insects,Animalia,Arthropoda,Insecta,Lepidoptera,Nymphalidae,Polygonia
1958,Polygonia faunus,Insects,Animalia,Arthropoda,Insecta,Lepidoptera,Nymphalidae,Polygonia
1959,Polygonia gracilis,Insects,Animalia,Arthropoda,Insecta,Lepidoptera,Nymphalidae,Polygonia
1960,Polygonia interrogationis,Insects,Animalia,Arthropoda,Insecta,Lepidoptera,Nymphalidae,Polygonia
1961,Polygonia progne,Insects,Animalia,Arthropoda,Insecta,Lepidoptera,Nymphalidae,Polygonia
1962,Polygonia satyrus,Insects,Animalia,Arthropoda,Insecta,Lepidoptera,Nymphalidae,Polygonia
1963,Pyronia bathseba,Insects,Animalia,Arthropoda,Insecta,Lepidoptera,Nymphalidae,Pyronia
1964,Pyronia cecilia,Insects,Animalia,Arthropoda,Insecta,Lepidoptera,Nymphalidae,Pyronia
1965,Pyronia tithonus,Insects,Animalia,Arthropoda,Insecta,Lepidoptera,Nymphalidae,Pyronia
1966,Siproeta epaphus,Insects,Animalia,Arthropoda,Insecta,Lepidoptera,Nymphalidae,Siproeta
1967,Siproeta stelenes,Insects,Animalia,Arthropoda,Insecta,Lepidoptera,Nymphalidae,Siproeta
1968,Smyrna blomfildia,Insects,Animalia,Arthropoda,Insecta,Lepidoptera,Nymphalidae,Smyrna
1969,Speyeria aglaja,Insects,Animalia,Arthropoda,Insecta,Lepidoptera,Nymphalidae,Speyeria
1970,Speyeria aphrodite,Insects,Animalia,Arthropoda,Insecta,Lepidoptera,Nymphalidae,Speyeria
1971,Speyeria atlantis,Insects,Animalia,Arthropoda,Insecta,Lepidoptera,Nymphalidae,Speyeria
1972,Speyeria callippe,Insects,Animalia,Arthropoda,Insecta,Lepidoptera,Nymphalidae,Speyeria
1973,Speyeria cybele,Insects,Animalia,Arthropoda,Insecta,Lepidoptera,Nymphalidae,Speyeria
1974,Speyeria idalia,Insects,Animalia,Arthropoda,Insecta,Lepidoptera,Nymphalidae,Speyeria
1975,Speyeria mormonia,Insects,Animalia,Arthropoda,Insecta,Lepidoptera,Nymphalidae,Speyeria
1976,Symbrenthia lilaea,Insects,Animalia,Arthropoda,Insecta,Lepidoptera,Nymphalidae,Symbrenthia
1977,Tanaecia pelea,Insects,Animalia,Arthropoda,Insecta,Lepidoptera,Nymphalidae,Tanaecia
1978,Tegosa claudina,Insects,Animalia,Arthropoda,Insecta,Lepidoptera,Nymphalidae,Tegosa
1979,Texola elada,Insects,Animalia,Arthropoda,Insecta,Lepidoptera,Nymphalidae,Texola
1980,Tirumala limniace,Insects,Animalia,Arthropoda,Insecta,Lepidoptera,Nymphalidae,Tirumala
1981,Tirumala septentrionis,Insects,Animalia,Arthropoda,Insecta,Lepidoptera,Nymphalidae,Tirumala
1982,Tisiphone abeona,Insects,Animalia,Arthropoda,Insecta,Lepidoptera,Nymphalidae,Tisiphone
1983,Vanessa annabella,Insects,Animalia,Arthropoda,Insecta,Lepidoptera,Nymphalidae,Vanessa
1984,Vanessa atalanta,Insects,Animalia,Arthropoda,Insecta,Lepidoptera,Nymphalidae,Vanessa
1985,Vanessa braziliensis,Insects,Animalia,Arthropoda,Insecta,Lepidoptera,Nymphalidae,Vanessa
1986,Vanessa cardui,Insects,Animalia,Arthropoda,Insecta,Lepidoptera,Nymphalidae,Vanessa
1987,Vanessa carye,Insects,Animalia,Arthropoda,Insecta,Lepidoptera,Nymphalidae,Vanessa
1988,Vanessa gonerilla,Insects,Animalia,Arthropoda,Insecta,Lepidoptera,Nymphalidae,Vanessa
1989,Vanessa indica,Insects,Animalia,Arthropoda,Insecta,Lepidoptera,Nymphalidae,Vanessa
1990,Vanessa itea,Insects,Animalia,Arthropoda,Insecta,Lepidoptera,Nymphalidae,Vanessa
1991,Vanessa kershawi,Insects,Animalia,Arthropoda,Insecta,Lepidoptera,Nymphalidae,Vanessa
1992,Vanessa virginiensis,Insects,Animalia,Arthropoda,Insecta,Lepidoptera,Nymphalidae,Vanessa
1993,Ypthima baldus,Insects,Animalia,Arthropoda,Insecta,Lepidoptera,Nymphalidae,Ypthima
1994,Ypthima huebneri,Insects,Animalia,Arthropoda,Insecta,Lepidoptera,Nymphalidae,Ypthima
1995,Endrosis sarcitrella,Insects,Animalia,Arthropoda,Insecta,Lepidoptera,Oecophoridae,Endrosis
1996,Epicallima argenticinctella,Insects,Animalia,Arthropoda,Insecta,Lepidoptera,Oecophoridae,Epicallima
1997,Hofmannophila pseudospretella,Insects,Animalia,Arthropoda,Insecta,Lepidoptera,Oecophoridae,Hofmannophila
1998,Promalactis suzukiella,Insects,Animalia,Arthropoda,Insecta,Lepidoptera,Oecophoridae,Promalactis
1999,Battus philenor,Insects,Animalia,Arthropoda,Insecta,Lepidoptera,Papilionidae,Battus
2000,Battus polydamas,Insects,Animalia,Arthropoda,Insecta,Lepidoptera,Papilionidae,Battus
2001,Eurytides marcellus,Insects,Animalia,Arthropoda,Insecta,Lepidoptera,Papilionidae,Eurytides
2002,Graphium agamemnon,Insects,Animalia,Arthropoda,Insecta,Lepidoptera,Papilionidae,Graphium
2003,Graphium doson,Insects,Animalia,Arthropoda,Insecta,Lepidoptera,Papilionidae,Graphium
2004,Graphium sarpedon,Insects,Animalia,Arthropoda,Insecta,Lepidoptera,Papilionidae,Graphium
2005,Iphiclides feisthamelii,Insects,Animalia,Arthropoda,Insecta,Lepidoptera,Papilionidae,Iphiclides
2006,Iphiclides podalirius,Insects,Animalia,Arthropoda,Insecta,Lepidoptera,Papilionidae,Iphiclides
2007,Pachliopta aristolochiae,Insects,Animalia,Arthropoda,Insecta,Lepidoptera,Papilionidae,Pachliopta
2008,Papilio aegeus,Insects,Animalia,Arthropoda,Insecta,Lepidoptera,Papilionidae,Papilio
2009,Papilio anactus,Insects,Animalia,Arthropoda,Insecta,Lepidoptera,Papilionidae,Papilio
2010,Papilio anchisiades,Insects,Animalia,Arthropoda,Insecta,Lepidoptera,Papilionidae,Papilio
2011,Papilio bianor,Insects,Animalia,Arthropoda,Insecta,Lepidoptera,Papilionidae,Papilio
2012,Papilio canadensis,Insects,Animalia,Arthropoda,Insecta,Lepidoptera,Papilionidae,Papilio
2013,Papilio clytia,Insects,Animalia,Arthropoda,Insecta,Lepidoptera,Papilionidae,Papilio
2014,Papilio cresphontes,Insects,Animalia,Arthropoda,Insecta,Lepidoptera,Papilionidae,Papilio
2015,Papilio dardanus,Insects,Animalia,Arthropoda,Insecta,Lepidoptera,Papilionidae,Papilio
2016,Papilio demodocus,Insects,Animalia,Arthropoda,Insecta,Lepidoptera,Papilionidae,Papilio
2017,Papilio demoleus,Insects,Animalia,Arthropoda,Insecta,Lepidoptera,Papilionidae,Papilio
2018,Papilio eurymedon,Insects,Animalia,Arthropoda,Insecta,Lepidoptera,Papilionidae,Papilio
2019,Papilio garamas,Insects,Animalia,Arthropoda,Insecta,Lepidoptera,Papilionidae,Papilio
2020,Papilio glaucus,Insects,Animalia,Arthropoda,Insecta,Lepidoptera,Papilionidae,Papilio
2021,Papilio helenus,Insects,Animalia,Arthropoda,Insecta,Lepidoptera,Papilionidae,Papilio
2022,Papilio machaon,Insects,Animalia,Arthropoda,Insecta,Lepidoptera,Papilionidae,Papilio
2023,Papilio memnon,Insects,Animalia,Arthropoda,Insecta,Lepidoptera,Papilionidae,Papilio
2024,Papilio multicaudata,Insects,Animalia,Arthropoda,Insecta,Lepidoptera,Papilionidae,Papilio
2025,Papilio palamedes,Insects,Animalia,Arthropoda,Insecta,Lepidoptera,Papilionidae,Papilio
2026,Papilio paris,Insects,Animalia,Arthropoda,Insecta,Lepidoptera,Papilionidae,Papilio
2027,Papilio polymnestor,Insects,Animalia,Arthropoda,Insecta,Lepidoptera,Papilionidae,Papilio
2028,Papilio polytes,Insects,Animalia,Arthropoda,Insecta,Lepidoptera,Papilionidae,Papilio
2029,Papilio polyxenes,Insects,Animalia,Arthropoda,Insecta,Lepidoptera,Papilionidae,Papilio
2030,Papilio protenor,Insects,Animalia,Arthropoda,Insecta,Lepidoptera,Papilionidae,Papilio
2031,Papilio rogeri,Insects,Animalia,Arthropoda,Insecta,Lepidoptera,Papilionidae,Papilio
2032,Papilio rumiko,Insects,Animalia,Arthropoda,Insecta,Lepidoptera,Papilionidae,Papilio
2033,Papilio rutulus,Insects,Animalia,Arthropoda,Insecta,Lepidoptera,Papilionidae,Papilio
2034,Papilio thoas,Insects,Animalia,Arthropoda,Insecta,Lepidoptera,Papilionidae,Papilio
2035,Papilio troilus,Insects,Animalia,Arthropoda,Insecta,Lepidoptera,Papilionidae,Papilio
2036,Papilio xuthus,Insects,Animalia,Arthropoda,Insecta,Lepidoptera,Papilionidae,Papilio
2037,Papilio zelicaon,Insects,Animalia,Arthropoda,Insecta,Lepidoptera,Papilionidae,Papilio
2038,Parnassius apollo,Insects,Animalia,Arthropoda,Insecta,Lepidoptera,Papilionidae,Parnassius
2039,Parnassius clodius,Insects,Animalia,Arthropoda,Insecta,Lepidoptera,Papilionidae,Parnassius
2040,Parnassius mnemosyne,Insects,Animalia,Arthropoda,Insecta,Lepidoptera,Papilionidae,Parnassius
2041,Parnassius smintheus,Insects,Animalia,Arthropoda,Insecta,Lepidoptera,Papilionidae,Parnassius
2042,Protographium epidaus,Insects,Animalia,Arthropoda,Insecta,Lepidoptera,Papilionidae,Protographium
2043,Zerynthia polyxena,Insects,Animalia,Arthropoda,Insecta,Lepidoptera,Papilionidae,Zerynthia
2044,Zerynthia rumina,Insects,Animalia,Arthropoda,Insecta,Lepidoptera,Papilionidae,Zerynthia
2045,Abaeis nicippe,Insects,Animalia,Arthropoda,Insecta,Lepidoptera,Pieridae,Abaeis
2046,Anteos clorinde,Insects,Animalia,Arthropoda,Insecta,Lepidoptera,Pieridae,Anteos
2047,Anteos maerula,Insects,Animalia,Arthropoda,Insecta,Lepidoptera,Pieridae,Anteos
2048,Anthocharis cardamines,Insects,Animalia,Arthropoda,Insecta,Lepidoptera,Pieridae,Anthocharis
2049,Anthocharis midea,Insects,Animalia,Arthropoda,Insecta,Lepidoptera,Pieridae,Anthocharis
2050,Anthocharis sara,Insects,Animalia,Arthropoda,Insecta,Lepidoptera,Pieridae,Anthocharis
2051,Aporia crataegi,Insects,Animalia,Arthropoda,Insecta,Lepidoptera,Pieridae,Aporia
2052,Appias libythea,Insects,Animalia,Arthropoda,Insecta,Lepidoptera,Pieridae,Appias
2053,Appias lyncida,Insects,Animalia,Arthropoda,Insecta,Lepidoptera,Pieridae,Appias
2054,Ascia monuste,Insects,Animalia,Arthropoda,Insecta,Lepidoptera,Pieridae,Ascia
2055,Belenois aurota,Insects,Animalia,Arthropoda,Insecta,Lepidoptera,Pieridae,Belenois
2056,Belenois creona,Insects,Animalia,Arthropoda,Insecta,Lepidoptera,Pieridae,Belenois
2057,Belenois java,Insects,Animalia,Arthropoda,Insecta,Lepidoptera,Pieridae,Belenois
2058,Catasticta nimbice,Insects,Animalia,Arthropoda,Insecta,Lepidoptera,Pieridae,Catasticta
2059,Catopsilia florella,Insects,Animalia,Arthropoda,Insecta,Lepidoptera,Pieridae,Catopsilia
2060,Catopsilia pomona,Insects,Animalia,Arthropoda,Insecta,Lepidoptera,Pieridae,Catopsilia
2061,Catopsilia pyranthe,Insects,Animalia,Arthropoda,Insecta,Lepidoptera,Pieridae,Catopsilia
2062,Cepora nerissa,Insects,Animalia,Arthropoda,Insecta,Lepidoptera,Pieridae,Cepora
2063,Colias croceus,Insects,Animalia,Arthropoda,Insecta,Lepidoptera,Pieridae,Colias
2064,Colias eurytheme,Insects,Animalia,Arthropoda,Insecta,Lepidoptera,Pieridae,Colias
2065,Colias interior,Insects,Animalia,Arthropoda,Insecta,Lepidoptera,Pieridae,Colias
2066,Colias philodice,Insects,Animalia,Arthropoda,Insecta,Lepidoptera,Pieridae,Colias
2067,Delias eucharis,Insects,Animalia,Arthropoda,Insecta,Lepidoptera,Pieridae,Delias
2068,Delias hyparete,Insects,Animalia,Arthropoda,Insecta,Lepidoptera,Pieridae,Delias
2069,Delias pasithoe,Insects,Animalia,Arthropoda,Insecta,Lepidoptera,Pieridae,Delias
2070,Euchloe ausonides,Insects,Animalia,Arthropoda,Insecta,Lepidoptera,Pieridae,Euchloe
2071,Eurema blanda,Insects,Animalia,Arthropoda,Insecta,Lepidoptera,Pieridae,Eurema
2072,Eurema brigitta,Insects,Animalia,Arthropoda,Insecta,Lepidoptera,Pieridae,Eurema
2073,Eurema daira,Insects,Animalia,Arthropoda,Insecta,Lepidoptera,Pieridae,Eurema
2074,Eurema hecabe,Insects,Animalia,Arthropoda,Insecta,Lepidoptera,Pieridae,Eurema
2075,Eurema mexicana,Insects,Animalia,Arthropoda,Insecta,Lepidoptera,Pieridae,Eurema
2076,Ganyra josephina,Insects,Animalia,Arthropoda,Insecta,Lepidoptera,Pieridae,Ganyra
2077,Glutophrissa drusilla,Insects,Animalia,Arthropoda,Insecta,Lepidoptera,Pieridae,Glutophrissa
2078,Gonepteryx cleopatra,Insects,Animalia,Arthropoda,Insecta,Lepidoptera,Pieridae,Gonepteryx
2079,Gonepteryx rhamni,Insects,Animalia,Arthropoda,Insecta,Lepidoptera,Pieridae,Gonepteryx
2080,Hebomoia glaucippe,Insects,Animalia,Arthropoda,Insecta,Lepidoptera,Pieridae,Hebomoia
2081,Ixias pyrene,Insects,Animalia,Arthropoda,Insecta,Lepidoptera,Pieridae,Ixias
2082,Kricogonia lyside,Insects,Animalia,Arthropoda,Insecta,Lepidoptera,Pieridae,Kricogonia
2083,Leptophobia aripa,Insects,Animalia,Arthropoda,Insecta,Lepidoptera,Pieridae,Leptophobia
2084,Leptosia nina,Insects,Animalia,Arthropoda,Insecta,Lepidoptera,Pieridae,Leptosia
2085,Mylothris agathina,Insects,Animalia,Arthropoda,Insecta,Lepidoptera,Pieridae,Mylothris
2086,Nathalis iole,Insects,Animalia,Arthropoda,Insecta,Lepidoptera,Pieridae,Nathalis
2087,Neophasia menapia,Insects,Animalia,Arthropoda,Insecta,Lepidoptera,Pieridae,Neophasia
2088,Pareronia hippia,Insects,Animalia,Arthropoda,Insecta,Lepidoptera,Pieridae,Pareronia
2089,Phoebis agarithe,Insects,Animalia,Arthropoda,Insecta,Lepidoptera,Pieridae,Phoebis
2090,Phoebis philea,Insects,Animalia,Arthropoda,Insecta,Lepidoptera,Pieridae,Phoebis
2091,Phoebis sennae,Insects,Animalia,Arthropoda,Insecta,Lepidoptera,Pieridae,Phoebis
2092,Pieris brassicae,Insects,Animalia,Arthropoda,Insecta,Lepidoptera,Pieridae,Pieris
2093,Pieris canidia,Insects,Animalia,Arthropoda,Insecta,Lepidoptera,Pieridae,Pieris
2094,Pieris marginalis,Insects,Animalia,Arthropoda,Insecta,Lepidoptera,Pieridae,Pieris
2095,Pieris napi,Insects,Animalia,Arthropoda,Insecta,Lepidoptera,Pieridae,Pieris
2096,Pieris oleracea,Insects,Animalia,Arthropoda,Insecta,Lepidoptera,Pieridae,Pieris
2097,Pieris rapae,Insects,Animalia,Arthropoda,Insecta,Lepidoptera,Pieridae,Pieris
2098,Pieris virginiensis,Insects,Animalia,Arthropoda,Insecta,Lepidoptera,Pieridae,Pieris
2099,Pontia daplidice,Insects,Animalia,Arthropoda,Insecta,Lepidoptera,Pieridae,Pontia
2100,Pontia edusa,Insects,Animalia,Arthropoda,Insecta,Lepidoptera,Pieridae,Pontia
2101,Pontia occidentalis,Insects,Animalia,Arthropoda,Insecta,Lepidoptera,Pieridae,Pontia
2102,Pontia protodice,Insects,Animalia,Arthropoda,Insecta,Lepidoptera,Pieridae,Pontia
2103,Pyrisitia lisa,Insects,Animalia,Arthropoda,Insecta,Lepidoptera,Pieridae,Pyrisitia
2104,Pyrisitia nise,Insects,Animalia,Arthropoda,Insecta,Lepidoptera,Pieridae,Pyrisitia
2105,Pyrisitia proterpia,Insects,Animalia,Arthropoda,Insecta,Lepidoptera,Pieridae,Pyrisitia
2106,Zerene cesonia,Insects,Animalia,Arthropoda,Insecta,Lepidoptera,Pieridae,Zerene
2107,Plutella xylostella,Insects,Animalia,Arthropoda,Insecta,Lepidoptera,Plutellidae,Plutella
2108,Psyche casta,Insects,Animalia,Arthropoda,Insecta,Lepidoptera,Psychidae,Psyche
2109,Thyridopteryx ephemeraeformis,Insects,Animalia,Arthropoda,Insecta,Lepidoptera,Psychidae,Thyridopteryx
2110,Emmelina monodactyla,Insects,Animalia,Arthropoda,Insecta,Lepidoptera,Pterophoridae,Emmelina
2111,Hellinsia homodactylus,Insects,Animalia,Arthropoda,Insecta,Lepidoptera,Pterophoridae,Hellinsia
2112,Pterophorus pentadactyla,Insects,Animalia,Arthropoda,Insecta,Lepidoptera,Pterophoridae,Pterophorus
2113,Sphenarches anisodactylus,Insects,Animalia,Arthropoda,Insecta,Lepidoptera,Pterophoridae,Sphenarches
2114,Aglossa pinguinalis,Insects,Animalia,Arthropoda,Insecta,Lepidoptera,Pyralidae,Aglossa
2115,Aphomia sociella,Insects,Animalia,Arthropoda,Insecta,Lepidoptera,Pyralidae,Aphomia
2116,Arta olivalis,Insects,Animalia,Arthropoda,Insecta,Lepidoptera,Pyralidae,Arta
2117,Arta statalis,Insects,Animalia,Arthropoda,Insecta,Lepidoptera,Pyralidae,Arta
2118,Clydonopteron sacculana,Insects,Animalia,Arthropoda,Insecta,Lepidoptera,Pyralidae,Clydonopteron
2119,Endotricha flammealis,Insects,Animalia,Arthropoda,Insecta,Lepidoptera,Pyralidae,Endotricha
2120,Endotricha mesenterialis,Insects,Animalia,Arthropoda,Insecta,Lepidoptera,Pyralidae,Endotricha
2121,Endotricha pyrosalis,Insects,Animalia,Arthropoda,Insecta,Lepidoptera,Pyralidae,Endotricha
2122,Epipaschia superatalis,Insects,Animalia,Arthropoda,Insecta,Lepidoptera,Pyralidae,Epipaschia
2123,Eulogia ochrifrontella,Insects,Animalia,Arthropoda,Insecta,Lepidoptera,Pyralidae,Eulogia
2124,Galasa nigrinodis,Insects,Animalia,Arthropoda,Insecta,Lepidoptera,Pyralidae,Galasa
2125,Galleria mellonella,Insects,Animalia,Arthropoda,Insecta,Lepidoptera,Pyralidae,Galleria
2126,Hypsopygia binodulalis,Insects,Animalia,Arthropoda,Insecta,Lepidoptera,Pyralidae,Hypsopygia
2127,Hypsopygia costalis,Insects,Animalia,Arthropoda,Insecta,Lepidoptera,Pyralidae,Hypsopygia
2128,Hypsopygia olinalis,Insects,Animalia,Arthropoda,Insecta,Lepidoptera,Pyralidae,Hypsopygia
2129,Moodna ostrinella,Insects,Animalia,Arthropoda,Insecta,Lepidoptera,Pyralidae,Moodna
2130,Oncocera semirubella,Insects,Animalia,Arthropoda,Insecta,Lepidoptera,Pyralidae,Oncocera
2131,Plodia interpunctella,Insects,Animalia,Arthropoda,Insecta,Lepidoptera,Pyralidae,Plodia
2132,Pococera asperatella,Insects,Animalia,Arthropoda,Insecta,Lepidoptera,Pyralidae,Pococera
2133,Pyralis farinalis,Insects,Animalia,Arthropoda,Insecta,Lepidoptera,Pyralidae,Pyralis
2134,Spectrotrota fimbrialis,Insects,Animalia,Arthropoda,Insecta,Lepidoptera,Pyralidae,Spectrotrota
2135,Synaphe punctalis,Insects,Animalia,Arthropoda,Insecta,Lepidoptera,Pyralidae,Synaphe
2136,Tosale oviplagalis,Insects,Animalia,Arthropoda,Insecta,Lepidoptera,Pyralidae,Tosale
2137,Abisara echerius,Insects,Animalia,Arthropoda,Insecta,Lepidoptera,Riodinidae,Abisara
2138,Apodemia virgulti,Insects,Animalia,Arthropoda,Insecta,Lepidoptera,Riodinidae,Apodemia
2139,Calephelis nemesis,Insects,Animalia,Arthropoda,Insecta,Lepidoptera,Riodinidae,Calephelis
2140,Calephelis virginiensis,Insects,Animalia,Arthropoda,Insecta,Lepidoptera,Riodinidae,Calephelis
2141,Caria ino,Insects,Animalia,Arthropoda,Insecta,Lepidoptera,Riodinidae,Caria
2142,Emesis emesia,Insects,Animalia,Arthropoda,Insecta,Lepidoptera,Riodinidae,Emesis
2143,Hamearis lucina,Insects,Animalia,Arthropoda,Insecta,Lepidoptera,Riodinidae,Hamearis
2144,Melanis cephise,Insects,Animalia,Arthropoda,Insecta,Lepidoptera,Riodinidae,Melanis
2145,Melanis pixe,Insects,Animalia,Arthropoda,Insecta,Lepidoptera,Riodinidae,Melanis
2146,Rhetus arcius,Insects,Animalia,Arthropoda,Insecta,Lepidoptera,Riodinidae,Rhetus
2147,Zemeros flegyas,Insects,Animalia,Arthropoda,Insecta,Lepidoptera,Riodinidae,Zemeros
2148,Actias luna,Insects,Animalia,Arthropoda,Insecta,Lepidoptera,Saturniidae,Actias
2149,Anisota senatoria,Insects,Animalia,Arthropoda,Insecta,Lepidoptera,Saturniidae,Anisota
2150,Anisota stigma,Insects,Animalia,Arthropoda,Insecta,Lepidoptera,Saturniidae,Anisota
2151,Anisota virginiensis,Insects,Animalia,Arthropoda,Insecta,Lepidoptera,Saturniidae,Anisota
2152,Antheraea polyphemus,Insects,Animalia,Arthropoda,Insecta,Lepidoptera,Saturniidae,Antheraea
2153,Automeris io,Insects,Animalia,Arthropoda,Insecta,Lepidoptera,Saturniidae,Automeris
2154,Callosamia angulifera,Insects,Animalia,Arthropoda,Insecta,Lepidoptera,Saturniidae,Callosamia
2155,Callosamia promethea,Insects,Animalia,Arthropoda,Insecta,Lepidoptera,Saturniidae,Callosamia
2156,Citheronia regalis,Insects,Animalia,Arthropoda,Insecta,Lepidoptera,Saturniidae,Citheronia
2157,Coloradia pandora,Insects,Animalia,Arthropoda,Insecta,Lepidoptera,Saturniidae,Coloradia
2158,Dryocampa rubicunda,Insects,Animalia,Arthropoda,Insecta,Lepidoptera,Saturniidae,Dryocampa
2159,Eacles imperialis,Insects,Animalia,Arthropoda,Insecta,Lepidoptera,Saturniidae,Eacles
2160,Hemileuca eglanterina,Insects,Animalia,Arthropoda,Insecta,Lepidoptera,Saturniidae,Hemileuca
2161,Hemileuca maia,Insects,Animalia,Arthropoda,Insecta,Lepidoptera,Saturniidae,Hemileuca
2162,Hyalophora cecropia,Insects,Animalia,Arthropoda,Insecta,Lepidoptera,Saturniidae,Hyalophora
2163,Hyalophora columbia,Insects,Animalia,Arthropoda,Insecta,Lepidoptera,Saturniidae,Hyalophora
2164,Hyalophora euryalus,Insects,Animalia,Arthropoda,Insecta,Lepidoptera,Saturniidae,Hyalophora
2165,Opodiphthera eucalypti,Insects,Animalia,Arthropoda,Insecta,Lepidoptera,Saturniidae,Opodiphthera
2166,Saturnia pavonia,Insects,Animalia,Arthropoda,Insecta,Lepidoptera,Saturniidae,Saturnia
2167,Saturnia pyri,Insects,Animalia,Arthropoda,Insecta,Lepidoptera,Saturniidae,Saturnia
2168,Scythris trivinctella,Insects,Animalia,Arthropoda,Insecta,Lepidoptera,Scythrididae,Scythris
2169,Melittia cucurbitae,Insects,Animalia,Arthropoda,Insecta,Lepidoptera,Sesiidae,Melittia
2170,Synanthedon acerni,Insects,Animalia,Arthropoda,Insecta,Lepidoptera,Sesiidae,Synanthedon
2171,Acherontia atropos,Insects,Animalia,Arthropoda,Insecta,Lepidoptera,Sphingidae,Acherontia
2172,Agrius cingulata,Insects,Animalia,Arthropoda,Insecta,Lepidoptera,Sphingidae,Agrius
2173,Agrius convolvuli,Insects,Animalia,Arthropoda,Insecta,Lepidoptera,Sphingidae,Agrius
2174,Amorpha juglandis,Insects,Animalia,Arthropoda,Insecta,Lepidoptera,Sphingidae,Amorpha
2175,Amphion floridensis,Insects,Animalia,Arthropoda,Insecta,Lepidoptera,Sphingidae,Amphion
2176,Ceratomia amyntor,Insects,Animalia,Arthropoda,Insecta,Lepidoptera,Sphingidae,Ceratomia
2177,Ceratomia catalpae,Insects,Animalia,Arthropoda,Insecta,Lepidoptera,Sphingidae,Ceratomia
2178,Ceratomia undulosa,Insects,Animalia,Arthropoda,Insecta,Lepidoptera,Sphingidae,Ceratomia
2179,Daphnis nerii,Insects,Animalia,Arthropoda,Insecta,Lepidoptera,Sphingidae,Daphnis
2180,Darapsa choerilus,Insects,Animalia,Arthropoda,Insecta,Lepidoptera,Sphingidae,Darapsa
2181,Darapsa myron,Insects,Animalia,Arthropoda,Insecta,Lepidoptera,Sphingidae,Darapsa
2182,Deidamia inscriptum,Insects,Animalia,Arthropoda,Insecta,Lepidoptera,Sphingidae,Deidamia
2183,Deilephila elpenor,Insects,Animalia,Arthropoda,Insecta,Lepidoptera,Sphingidae,Deilephila
2184,Deilephila porcellus,Insects,Animalia,Arthropoda,Insecta,Lepidoptera,Sphingidae,Deilephila
2185,Dolba hyloeus,Insects,Animalia,Arthropoda,Insecta,Lepidoptera,Sphingidae,Dolba
2186,Enyo lugubris,Insects,Animalia,Arthropoda,Insecta,Lepidoptera,Sphingidae,Enyo
2187,Erinnyis ello,Insects,Animalia,Arthropoda,Insecta,Lepidoptera,Sphingidae,Erinnyis
2188,Erinnyis obscura,Insects,Animalia,Arthropoda,Insecta,Lepidoptera,Sphingidae,Erinnyis
2189,Eumorpha achemon,Insects,Animalia,Arthropoda,Insecta,Lepidoptera,Sphingidae,Eumorpha
2190,Eumorpha fasciatus,Insects,Animalia,Arthropoda,Insecta,Lepidoptera,Sphingidae,Eumorpha
2191,Eumorpha pandorus,Insects,Animalia,Arthropoda,Insecta,Lepidoptera,Sphingidae,Eumorpha
2192,Eumorpha satellitia,Insects,Animalia,Arthropoda,Insecta,Lepidoptera,Sphingidae,Eumorpha
2193,Eumorpha vitis,Insects,Animalia,Arthropoda,Insecta,Lepidoptera,Sphingidae,Eumorpha
2194,Hemaris diffinis,Insects,Animalia,Arthropoda,Insecta,Lepidoptera,Sphingidae,Hemaris
2195,Hemaris fuciformis,Insects,Animalia,Arthropoda,Insecta,Lepidoptera,Sphingidae,Hemaris
2196,Hemaris thysbe,Insects,Animalia,Arthropoda,Insecta,Lepidoptera,Sphingidae,Hemaris
2197,Hippotion celerio,Insects,Animalia,Arthropoda,Insecta,Lepidoptera,Sphingidae,Hippotion
2198,Hippotion scrofa,Insects,Animalia,Arthropoda,Insecta,Lepidoptera,Sphingidae,Hippotion
2199,Hyles euphorbiae,Insects,Animalia,Arthropoda,Insecta,Lepidoptera,Sphingidae,Hyles
2200,Hyles gallii,Insects,Animalia,Arthropoda,Insecta,Lepidoptera,Sphingidae,Hyles
2201,Hyles lineata,Insects,Animalia,Arthropoda,Insecta,Lepidoptera,Sphingidae,Hyles
2202,Laothoe populi,Insects,Animalia,Arthropoda,Insecta,Lepidoptera,Sphingidae,Laothoe
2203,Lapara bombycoides,Insects,Animalia,Arthropoda,Insecta,Lepidoptera,Sphingidae,Lapara
2204,Macroglossum stellatarum,Insects,Animalia,Arthropoda,Insecta,Lepidoptera,Sphingidae,Macroglossum
2205,Manduca quinquemaculata,Insects,Animalia,Arthropoda,Insecta,Lepidoptera,Sphingidae,Manduca
2206,Manduca rustica,Insects,Animalia,Arthropoda,Insecta,Lepidoptera,Sphingidae,Manduca
2207,Manduca sexta,Insects,Animalia,Arthropoda,Insecta,Lepidoptera,Sphingidae,Manduca
2208,Mimas tiliae,Insects,Animalia,Arthropoda,Insecta,Lepidoptera,Sphingidae,Mimas
2209,Pachylia ficus,Insects,Animalia,Arthropoda,Insecta,Lepidoptera,Sphingidae,Pachylia
2210,Pachysphinx modesta,Insects,Animalia,Arthropoda,Insecta,Lepidoptera,Sphingidae,Pachysphinx
2211,Paonias excaecata,Insects,Animalia,Arthropoda,Insecta,Lepidoptera,Sphingidae,Paonias
2212,Paonias myops,Insects,Animalia,Arthropoda,Insecta,Lepidoptera,Sphingidae,Paonias
2213,Pseudosphinx tetrio,Insects,Animalia,Arthropoda,Insecta,Lepidoptera,Sphingidae,Pseudosphinx
2214,Smerinthus cerisyi,Insects,Animalia,Arthropoda,Insecta,Lepidoptera,Sphingidae,Smerinthus
2215,Smerinthus jamaicensis,Insects,Animalia,Arthropoda,Insecta,Lepidoptera,Sphingidae,Smerinthus
2216,Smerinthus ocellata,Insects,Animalia,Arthropoda,Insecta,Lepidoptera,Sphingidae,Smerinthus
2217,Smerinthus ophthalmica,Insects,Animalia,Arthropoda,Insecta,Lepidoptera,Sphingidae,Smerinthus
2218,Sphecodina abbottii,Insects,Animalia,Arthropoda,Insecta,Lepidoptera,Sphingidae,Sphecodina
2219,Sphinx chersis,Insects,Animalia,Arthropoda,Insecta,Lepidoptera,Sphingidae,Sphinx
2220,Sphinx kalmiae,Insects,Animalia,Arthropoda,Insecta,Lepidoptera,Sphingidae,Sphinx
2221,Sphinx ligustri,Insects,Animalia,Arthropoda,Insecta,Lepidoptera,Sphingidae,Sphinx
2222,Sphinx pinastri,Insects,Animalia,Arthropoda,Insecta,Lepidoptera,Sphingidae,Sphinx
2223,Sphinx poecila,Insects,Animalia,Arthropoda,Insecta,Lepidoptera,Sphingidae,Sphinx
2224,Theretra nessus,Insects,Animalia,Arthropoda,Insecta,Lepidoptera,Sphingidae,Theretra
2225,Xylophanes tersa,Insects,Animalia,Arthropoda,Insecta,Lepidoptera,Sphingidae,Xylophanes
2226,Thyris maculata,Insects,Animalia,Arthropoda,Insecta,Lepidoptera,Thyrididae,Thyris
2227,Thyris sepulchralis,Insects,Animalia,Arthropoda,Insecta,Lepidoptera,Thyrididae,Thyris
2228,Acrolophus arcanella,Insects,Animalia,Arthropoda,Insecta,Lepidoptera,Tineidae,Acrolophus
2229,Acrolophus popeanella,Insects,Animalia,Arthropoda,Insecta,Lepidoptera,Tineidae,Acrolophus
2230,Acrolophus texanella,Insects,Animalia,Arthropoda,Insecta,Lepidoptera,Tineidae,Acrolophus
2231,Acleris forsskaleana,Insects,Animalia,Arthropoda,Insecta,Lepidoptera,Tortricidae,Acleris
2232,Archips argyrospila,Insects,Animalia,Arthropoda,Insecta,Lepidoptera,Tortricidae,Archips
2233,Archips purpurana,Insects,Animalia,Arthropoda,Insecta,Lepidoptera,Tortricidae,Archips
2234,Argyrotaenia quercifoliana,Insects,Animalia,Arthropoda,Insecta,Lepidoptera,Tortricidae,Argyrotaenia
2235,Argyrotaenia velutinana,Insects,Animalia,Arthropoda,Insecta,Lepidoptera,Tortricidae,Argyrotaenia
2236,Cenopis pettitana,Insects,Animalia,Arthropoda,Insecta,Lepidoptera,Tortricidae,Cenopis
2237,Cenopis reticulatana,Insects,Animalia,Arthropoda,Insecta,Lepidoptera,Tortricidae,Cenopis
2238,Choristoneura fumiferana,Insects,Animalia,Arthropoda,Insecta,Lepidoptera,Tortricidae,Choristoneura
2239,Choristoneura rosaceana,Insects,Animalia,Arthropoda,Insecta,Lepidoptera,Tortricidae,Choristoneura
2240,Clepsis melaleucana,Insects,Animalia,Arthropoda,Insecta,Lepidoptera,Tortricidae,Clepsis
2241,Clepsis peritana,Insects,Animalia,Arthropoda,Insecta,Lepidoptera,Tortricidae,Clepsis
2242,Clepsis persicana,Insects,Animalia,Arthropoda,Insecta,Lepidoptera,Tortricidae,Clepsis
2243,Clepsis virescana,Insects,Animalia,Arthropoda,Insecta,Lepidoptera,Tortricidae,Clepsis
2244,Coelostathma discopunctana,Insects,Animalia,Arthropoda,Insecta,Lepidoptera,Tortricidae,Coelostathma
2245,Crocidosema plebejana,Insects,Animalia,Arthropoda,Insecta,Lepidoptera,Tortricidae,Crocidosema
2246,Cydia latiferreana,Insects,Animalia,Arthropoda,Insecta,Lepidoptera,Tortricidae,Cydia
2247,Cydia pomonella,Insects,Animalia,Arthropoda,Insecta,Lepidoptera,Tortricidae,Cydia
2248,Endothenia hebesana,Insects,Animalia,Arthropoda,Insecta,Lepidoptera,Tortricidae,Endothenia
2249,Epiblema otiosana,Insects,Animalia,Arthropoda,Insecta,Lepidoptera,Tortricidae,Epiblema
2250,Epiblema scudderiana,Insects,Animalia,Arthropoda,Insecta,Lepidoptera,Tortricidae,Epiblema
2251,Epiblema strenuana,Insects,Animalia,Arthropoda,Insecta,Lepidoptera,Tortricidae,Epiblema
2252,Epiphyas postvittana,Insects,Animalia,Arthropoda,Insecta,Lepidoptera,Tortricidae,Epiphyas
2253,Eucopina tocullionana,Insects,Animalia,Arthropoda,Insecta,Lepidoptera,Tortricidae,Eucopina
2254,Eucosma parmatana,Insects,Animalia,Arthropoda,Insecta,Lepidoptera,Tortricidae,Eucosma
2255,Eumarozia malachitana,Insects,Animalia,Arthropoda,Insecta,Lepidoptera,Tortricidae,Eumarozia
2256,Gymnandrosoma punctidiscanum,Insects,Animalia,Arthropoda,Insecta,Lepidoptera,Tortricidae,Gymnandrosoma
2257,Isotenes miserana,Insects,Animalia,Arthropoda,Insecta,Lepidoptera,Tortricidae,Isotenes
2258,Pandemis limitata,Insects,Animalia,Arthropoda,Insecta,Lepidoptera,Tortricidae,Pandemis
2259,Platynota exasperatana,Insects,Animalia,Arthropoda,Insecta,Lepidoptera,Tortricidae,Platynota
2260,Platynota flavedana,Insects,Animalia,Arthropoda,Insecta,Lepidoptera,Tortricidae,Platynota
2261,Platynota idaeusalis,Insects,Animalia,Arthropoda,Insecta,Lepidoptera,Tortricidae,Platynota
2262,Platynota rostrana,Insects,Animalia,Arthropoda,Insecta,Lepidoptera,Tortricidae,Platynota
2263,Sparganothis sulfureana,Insects,Animalia,Arthropoda,Insecta,Lepidoptera,Tortricidae,Sparganothis
2264,Sparganothoides lentiginosana,Insects,Animalia,Arthropoda,Insecta,Lepidoptera,Tortricidae,Sparganothoides
2265,Syndemis afflictana,Insects,Animalia,Arthropoda,Insecta,Lepidoptera,Tortricidae,Syndemis
2266,Syricoris lacunana,Insects,Animalia,Arthropoda,Insecta,Lepidoptera,Tortricidae,Syricoris
2267,Calledapteryx dryopterata,Insects,Animalia,Arthropoda,Insecta,Lepidoptera,Uraniidae,Calledapteryx
2268,Callizzia amorata,Insects,Animalia,Arthropoda,Insecta,Lepidoptera,Uraniidae,Callizzia
2269,Lyssa zampa,Insects,Animalia,Arthropoda,Insecta,Lepidoptera,Uraniidae,Lyssa
2270,Micronia aculeata,Insects,Animalia,Arthropoda,Insecta,Lepidoptera,Uraniidae,Micronia
2271,Urania fulgens,Insects,Animalia,Arthropoda,Insecta,Lepidoptera,Uraniidae,Urania
2272,Ypsolopha dentella,Insects,Animalia,Arthropoda,Insecta,Lepidoptera,Ypsolophidae,Ypsolopha
2273,Harrisina americana,Insects,Animalia,Arthropoda,Insecta,Lepidoptera,Zygaenidae,Harrisina
2274,Pyromorpha dimidiata,Insects,Animalia,Arthropoda,Insecta,Lepidoptera,Zygaenidae,Pyromorpha
2275,Zygaena filipendulae,Insects,Animalia,Arthropoda,Insecta,Lepidoptera,Zygaenidae,Zygaena
2276,Zygaena lonicerae,Insects,Animalia,Arthropoda,Insecta,Lepidoptera,Zygaenidae,Zygaena
2277,Zygaena transalpina,Insects,Animalia,Arthropoda,Insecta,Lepidoptera,Zygaenidae,Zygaena
2278,Ameles spallanzania,Insects,Animalia,Arthropoda,Insecta,Mantodea,Amelidae,Ameles
2279,Empusa pennata,Insects,Animalia,Arthropoda,Insecta,Mantodea,Empusidae,Empusa
2280,Iris oratoria,Insects,Animalia,Arthropoda,Insecta,Mantodea,Eremiaphilidae,Iris
2281,Archimantis latistyla,Insects,Animalia,Arthropoda,Insecta,Mantodea,Mantidae,Archimantis
2282,Hierodula patellifera,Insects,Animalia,Arthropoda,Insecta,Mantodea,Mantidae,Hierodula
2283,Mantis religiosa,Insects,Animalia,Arthropoda,Insecta,Mantodea,Mantidae,Mantis
2284,Orthodera ministralis,Insects,Animalia,Arthropoda,Insecta,Mantodea,Mantidae,Orthodera
2285,Orthodera novaezealandiae,Insects,Animalia,Arthropoda,Insecta,Mantodea,Mantidae,Orthodera
2286,Pseudomantis albofimbriata,Insects,Animalia,Arthropoda,Insecta,Mantodea,Mantidae,Pseudomantis
2287,Stagmomantis carolina,Insects,Animalia,Arthropoda,Insecta,Mantodea,Mantidae,Stagmomantis
2288,Stagmomantis limbata,Insects,Animalia,Arthropoda,Insecta,Mantodea,Mantidae,Stagmomantis
2289,Tenodera sinensis,Insects,Animalia,Arthropoda,Insecta,Mantodea,Mantidae,Tenodera
2290,Miomantis caffra,Insects,Animalia,Arthropoda,Insecta,Mantodea,Miomantidae,Miomantis
2291,Thesprotia graminis,Insects,Animalia,Arthropoda,Insecta,Mantodea,Thespidae,Thesprotia
2292,Panorpa communis,Insects,Animalia,Arthropoda,Insecta,Mecoptera,Panorpidae,Panorpa
2293,Panorpa nuptialis,Insects,Animalia,Arthropoda,Insecta,Mecoptera,Panorpidae,Panorpa
2294,Chauliodes pectinicornis,Insects,Animalia,Arthropoda,Insecta,Megaloptera,Corydalidae,Chauliodes
2295,Chauliodes rastricornis,Insects,Animalia,Arthropoda,Insecta,Megaloptera,Corydalidae,Chauliodes
2296,Corydalus cornutus,Insects,Animalia,Arthropoda,Insecta,Megaloptera,Corydalidae,Corydalus
2297,Chrysopa oculata,Insects,Animalia,Arthropoda,Insecta,Neuroptera,Chrysopidae,Chrysopa
2298,Micromus tasmaniae,Insects,Animalia,Arthropoda,Insecta,Neuroptera,Hemerobiidae,Micromus
2299,Climaciella brunnea,Insects,Animalia,Arthropoda,Insecta,Neuroptera,Mantispidae,Climaciella
2300,Dicromantispa interrupta,Insects,Animalia,Arthropoda,Insecta,Neuroptera,Mantispidae,Dicromantispa
2301,Dicromantispa sayi,Insects,Animalia,Arthropoda,Insecta,Neuroptera,Mantispidae,Dicromantispa
2302,Zeugomantispa minuta,Insects,Animalia,Arthropoda,Insecta,Neuroptera,Mantispidae,Zeugomantispa
2303,Libelloides coccajus,Insects,Animalia,Arthropoda,Insecta,Neuroptera,Myrmeleontidae,Libelloides
2304,Adversaeschna brevistyla,Insects,Animalia,Arthropoda,Insecta,Odonata,Aeshnidae,Adversaeschna
2305,Aeshna canadensis,Insects,Animalia,Arthropoda,Insecta,Odonata,Aeshnidae,Aeshna
2306,Aeshna constricta,Insects,Animalia,Arthropoda,Insecta,Odonata,Aeshnidae,Aeshna
2307,Aeshna cyanea,Insects,Animalia,Arthropoda,Insecta,Odonata,Aeshnidae,Aeshna
2308,Aeshna eremita,Insects,Animalia,Arthropoda,Insecta,Odonata,Aeshnidae,Aeshna
2309,Aeshna grandis,Insects,Animalia,Arthropoda,Insecta,Odonata,Aeshnidae,Aeshna
2310,Aeshna interrupta,Insects,Animalia,Arthropoda,Insecta,Odonata,Aeshnidae,Aeshna
2311,Aeshna juncea,Insects,Animalia,Arthropoda,Insecta,Odonata,Aeshnidae,Aeshna
2312,Aeshna mixta,Insects,Animalia,Arthropoda,Insecta,Odonata,Aeshnidae,Aeshna
2313,Aeshna palmata,Insects,Animalia,Arthropoda,Insecta,Odonata,Aeshnidae,Aeshna
2314,Aeshna tuberculifera,Insects,Animalia,Arthropoda,Insecta,Odonata,Aeshnidae,Aeshna
2315,Aeshna umbrosa,Insects,Animalia,Arthropoda,Insecta,Odonata,Aeshnidae,Aeshna
2316,Aeshna verticalis,Insects,Animalia,Arthropoda,Insecta,Odonata,Aeshnidae,Aeshna
2317,Anax imperator,Insects,Animalia,Arthropoda,Insecta,Odonata,Aeshnidae,Anax
2318,Anax junius,Insects,Animalia,Arthropoda,Insecta,Odonata,Aeshnidae,Anax
2319,Anax longipes,Insects,Animalia,Arthropoda,Insecta,Odonata,Aeshnidae,Anax
2320,Anax parthenope,Insects,Animalia,Arthropoda,Insecta,Odonata,Aeshnidae,Anax
2321,Basiaeschna janata,Insects,Animalia,Arthropoda,Insecta,Odonata,Aeshnidae,Basiaeschna
2322,Boyeria vinosa,Insects,Animalia,Arthropoda,Insecta,Odonata,Aeshnidae,Boyeria
2323,Epiaeschna heros,Insects,Animalia,Arthropoda,Insecta,Odonata,Aeshnidae,Epiaeschna
2324,Gomphaeschna furcillata,Insects,Animalia,Arthropoda,Insecta,Odonata,Aeshnidae,Gomphaeschna
2325,Nasiaeschna pentacantha,Insects,Animalia,Arthropoda,Insecta,Odonata,Aeshnidae,Nasiaeschna
2326,Rhionaeschna californica,Insects,Animalia,Arthropoda,Insecta,Odonata,Aeshnidae,Rhionaeschna
2327,Rhionaeschna multicolor,Insects,Animalia,Arthropoda,Insecta,Odonata,Aeshnidae,Rhionaeschna
2328,Rhionaeschna mutata,Insects,Animalia,Arthropoda,Insecta,Odonata,Aeshnidae,Rhionaeschna
2329,Austroargiolestes icteromelas,Insects,Animalia,Arthropoda,Insecta,Odonata,Argiolestidae,Austroargiolestes
2330,Calopteryx aequabilis,Insects,Animalia,Arthropoda,Insecta,Odonata,Calopterygidae,Calopteryx
2331,Calopteryx haemorrhoidalis,Insects,Animalia,Arthropoda,Insecta,Odonata,Calopterygidae,Calopteryx
2332,Calopteryx maculata,Insects,Animalia,Arthropoda,Insecta,Odonata,Calopterygidae,Calopteryx
2333,Calopteryx splendens,Insects,Animalia,Arthropoda,Insecta,Odonata,Calopterygidae,Calopteryx
2334,Calopteryx virgo,Insects,Animalia,Arthropoda,Insecta,Odonata,Calopterygidae,Calopteryx
2335,Hetaerina americana,Insects,Animalia,Arthropoda,Insecta,Odonata,Calopterygidae,Hetaerina
2336,Hetaerina titia,Insects,Animalia,Arthropoda,Insecta,Odonata,Calopterygidae,Hetaerina
2337,Matrona cyanoptera,Insects,Animalia,Arthropoda,Insecta,Odonata,Calopterygidae,Matrona
2338,Heliocypha perforata,Insects,Animalia,Arthropoda,Insecta,Odonata,Chlorocyphidae,Heliocypha
2339,Libellago lineata,Insects,Animalia,Arthropoda,Insecta,Odonata,Chlorocyphidae,Libellago
2340,Agriocnemis femina,Insects,Animalia,Arthropoda,Insecta,Odonata,Coenagrionidae,Agriocnemis
2341,Agriocnemis pygmaea,Insects,Animalia,Arthropoda,Insecta,Odonata,Coenagrionidae,Agriocnemis
2342,Amphiagrion saucium,Insects,Animalia,Arthropoda,Insecta,Odonata,Coenagrionidae,Amphiagrion
2343,Argia alberta,Insects,Animalia,Arthropoda,Insecta,Odonata,Coenagrionidae,Argia
2344,Argia apicalis,Insects,Animalia,Arthropoda,Insecta,Odonata,Coenagrionidae,Argia
2345,Argia bipunctulata,Insects,Animalia,Arthropoda,Insecta,Odonata,Coenagrionidae,Argia
2346,Argia emma,Insects,Animalia,Arthropoda,Insecta,Odonata,Coenagrionidae,Argia
2347,Argia fumipennis,Insects,Animalia,Arthropoda,Insecta,Odonata,Coenagrionidae,Argia
2348,Argia immunda,Insects,Animalia,Arthropoda,Insecta,Odonata,Coenagrionidae,Argia
2349,Argia moesta,Insects,Animalia,Arthropoda,Insecta,Odonata,Coenagrionidae,Argia
2350,Argia nahuana,Insects,Animalia,Arthropoda,Insecta,Odonata,Coenagrionidae,Argia
2351,Argia plana,Insects,Animalia,Arthropoda,Insecta,Odonata,Coenagrionidae,Argia
2352,Argia sedula,Insects,Animalia,Arthropoda,Insecta,Odonata,Coenagrionidae,Argia
2353,Argia tibialis,Insects,Animalia,Arthropoda,Insecta,Odonata,Coenagrionidae,Argia
2354,Argia translata,Insects,Animalia,Arthropoda,Insecta,Odonata,Coenagrionidae,Argia
2355,Argia vivida,Insects,Animalia,Arthropoda,Insecta,Odonata,Coenagrionidae,Argia
2356,Austroagrion watsoni,Insects,Animalia,Arthropoda,Insecta,Odonata,Coenagrionidae,Austroagrion
2357,Ceriagrion auranticum,Insects,Animalia,Arthropoda,Insecta,Odonata,Coenagrionidae,Ceriagrion
2358,Ceriagrion cerinorubellum,Insects,Animalia,Arthropoda,Insecta,Odonata,Coenagrionidae,Ceriagrion
2359,Ceriagrion coromandelianum,Insects,Animalia,Arthropoda,Insecta,Odonata,Coenagrionidae,Ceriagrion
2360,Ceriagrion glabrum,Insects,Animalia,Arthropoda,Insecta,Odonata,Coenagrionidae,Ceriagrion
2361,Chromagrion conditum,Insects,Animalia,Arthropoda,Insecta,Odonata,Coenagrionidae,Chromagrion
2362,Coenagrion puella,Insects,Animalia,Arthropoda,Insecta,Odonata,Coenagrionidae,Coenagrion
2363,Coenagrion pulchellum,Insects,Animalia,Arthropoda,Insecta,Odonata,Coenagrionidae,Coenagrion
2364,Coenagrion resolutum,Insects,Animalia,Arthropoda,Insecta,Odonata,Coenagrionidae,Coenagrion
2365,Enallagma aspersum,Insects,Animalia,Arthropoda,Insecta,Odonata,Coenagrionidae,Enallagma
2366,Enallagma basidens,Insects,Animalia,Arthropoda,Insecta,Odonata,Coenagrionidae,Enallagma
2367,Enallagma carunculatum,Insects,Animalia,Arthropoda,Insecta,Odonata,Coenagrionidae,Enallagma
2368,Enallagma civile,Insects,Animalia,Arthropoda,Insecta,Odonata,Coenagrionidae,Enallagma
2369,Enallagma cyathigerum,Insects,Animalia,Arthropoda,Insecta,Odonata,Coenagrionidae,Enallagma
2370,Enallagma divagans,Insects,Animalia,Arthropoda,Insecta,Odonata,Coenagrionidae,Enallagma
2371,Enallagma doubledayi,Insects,Animalia,Arthropoda,Insecta,Odonata,Coenagrionidae,Enallagma
2372,Enallagma durum,Insects,Animalia,Arthropoda,Insecta,Odonata,Coenagrionidae,Enallagma
2373,Enallagma ebrium,Insects,Animalia,Arthropoda,Insecta,Odonata,Coenagrionidae,Enallagma
2374,Enallagma exsulans,Insects,Animalia,Arthropoda,Insecta,Odonata,Coenagrionidae,Enallagma
2375,Enallagma geminatum,Insects,Animalia,Arthropoda,Insecta,Odonata,Coenagrionidae,Enallagma
2376,Enallagma hageni,Insects,Animalia,Arthropoda,Insecta,Odonata,Coenagrionidae,Enallagma
2377,Enallagma praevarum,Insects,Animalia,Arthropoda,Insecta,Odonata,Coenagrionidae,Enallagma
2378,Enallagma signatum,Insects,Animalia,Arthropoda,Insecta,Odonata,Coenagrionidae,Enallagma
2379,Enallagma traviatum,Insects,Animalia,Arthropoda,Insecta,Odonata,Coenagrionidae,Enallagma
2380,Enallagma vesperum,Insects,Animalia,Arthropoda,Insecta,Odonata,Coenagrionidae,Enallagma
2381,Erythromma najas,Insects,Animalia,Arthropoda,Insecta,Odonata,Coenagrionidae,Erythromma
2382,Erythromma viridulum,Insects,Animalia,Arthropoda,Insecta,Odonata,Coenagrionidae,Erythromma
2383,Ischnura aurora,Insects,Animalia,Arthropoda,Insecta,Odonata,Coenagrionidae,Ischnura
2384,Ischnura cervula,Insects,Animalia,Arthropoda,Insecta,Odonata,Coenagrionidae,Ischnura
2385,Ischnura denticollis,Insects,Animalia,Arthropoda,Insecta,Odonata,Coenagrionidae,Ischnura
2386,Ischnura elegans,Insects,Animalia,Arthropoda,Insecta,Odonata,Coenagrionidae,Ischnura
2387,Ischnura hastata,Insects,Animalia,Arthropoda,Insecta,Odonata,Coenagrionidae,Ischnura
2388,Ischnura heterosticta,Insects,Animalia,Arthropoda,Insecta,Odonata,Coenagrionidae,Ischnura
2389,Ischnura kellicotti,Insects,Animalia,Arthropoda,Insecta,Odonata,Coenagrionidae,Ischnura
2390,Ischnura perparva,Insects,Animalia,Arthropoda,Insecta,Odonata,Coenagrionidae,Ischnura
2391,Ischnura posita,Insects,Animalia,Arthropoda,Insecta,Odonata,Coenagrionidae,Ischnura
2392,Ischnura ramburii,Insects,Animalia,Arthropoda,Insecta,Odonata,Coenagrionidae,Ischnura
2393,Ischnura senegalensis,Insects,Animalia,Arthropoda,Insecta,Odonata,Coenagrionidae,Ischnura
2394,Ischnura verticalis,Insects,Animalia,Arthropoda,Insecta,Odonata,Coenagrionidae,Ischnura
2395,Nehalennia gracilis,Insects,Animalia,Arthropoda,Insecta,Odonata,Coenagrionidae,Nehalennia
2396,Nehalennia irene,Insects,Animalia,Arthropoda,Insecta,Odonata,Coenagrionidae,Nehalennia
2397,Pseudagrion microcephalum,Insects,Animalia,Arthropoda,Insecta,Odonata,Coenagrionidae,Pseudagrion
2398,Pseudagrion pilidorsum,Insects,Animalia,Arthropoda,Insecta,Odonata,Coenagrionidae,Pseudagrion
2399,Pyrrhosoma nymphula,Insects,Animalia,Arthropoda,Insecta,Odonata,Coenagrionidae,Pyrrhosoma
2400,Telebasis salva,Insects,Animalia,Arthropoda,Insecta,Odonata,Coenagrionidae,Telebasis
2401,Xanthagrion erythroneurum,Insects,Animalia,Arthropoda,Insecta,Odonata,Coenagrionidae,Xanthagrion
2402,Xanthocnemis zealandica,Insects,Animalia,Arthropoda,Insecta,Odonata,Coenagrionidae,Xanthocnemis
2403,Cordulegaster boltonii,Insects,Animalia,Arthropoda,Insecta,Odonata,Cordulegastridae,Cordulegaster
2404,Cordulegaster diastatops,Insects,Animalia,Arthropoda,Insecta,Odonata,Cordulegastridae,Cordulegaster
2405,Cordulegaster dorsalis,Insects,Animalia,Arthropoda,Insecta,Odonata,Cordulegastridae,Cordulegaster
2406,Cordulegaster maculata,Insects,Animalia,Arthropoda,Insecta,Odonata,Cordulegastridae,Cordulegaster
2407,Cordulegaster obliqua,Insects,Animalia,Arthropoda,Insecta,Odonata,Cordulegastridae,Cordulegaster
2408,Cordulia aenea,Insects,Animalia,Arthropoda,Insecta,Odonata,Corduliidae,Cordulia
2409,Cordulia shurtleffii,Insects,Animalia,Arthropoda,Insecta,Odonata,Corduliidae,Cordulia
2410,Dorocordulia libera,Insects,Animalia,Arthropoda,Insecta,Odonata,Corduliidae,Dorocordulia
2411,Epitheca canis,Insects,Animalia,Arthropoda,Insecta,Odonata,Corduliidae,Epitheca
2412,Epitheca cynosura,Insects,Animalia,Arthropoda,Insecta,Odonata,Corduliidae,Epitheca
2413,Epitheca petechialis,Insects,Animalia,Arthropoda,Insecta,Odonata,Corduliidae,Epitheca
2414,Epitheca princeps,Insects,Animalia,Arthropoda,Insecta,Odonata,Corduliidae,Epitheca
2415,Epitheca spinigera,Insects,Animalia,Arthropoda,Insecta,Odonata,Corduliidae,Epitheca
2416,Hemicordulia australiae,Insects,Animalia,Arthropoda,Insecta,Odonata,Corduliidae,Hemicordulia
2417,Hemicordulia tau,Insects,Animalia,Arthropoda,Insecta,Odonata,Corduliidae,Hemicordulia
2418,Somatochlora tenebrosa,Insects,Animalia,Arthropoda,Insecta,Odonata,Corduliidae,Somatochlora
2419,Euphaea decorata,Insects,Animalia,Arthropoda,Insecta,Odonata,Euphaeidae,Euphaea
2420,Euphaea formosa,Insects,Animalia,Arthropoda,Insecta,Odonata,Euphaeidae,Euphaea
2421,Aphylla angustifolia,Insects,Animalia,Arthropoda,Insecta,Odonata,Gomphidae,Aphylla
2422,Arigomphus furcifer,Insects,Animalia,Arthropoda,Insecta,Odonata,Gomphidae,Arigomphus
2423,Arigomphus submedianus,Insects,Animalia,Arthropoda,Insecta,Odonata,Gomphidae,Arigomphus
2424,Arigomphus villosipes,Insects,Animalia,Arthropoda,Insecta,Odonata,Gomphidae,Arigomphus
2425,Dromogomphus spinosus,Insects,Animalia,Arthropoda,Insecta,Odonata,Gomphidae,Dromogomphus
2426,Dromogomphus spoliatus,Insects,Animalia,Arthropoda,Insecta,Odonata,Gomphidae,Dromogomphus
2427,Erpetogomphus designatus,Insects,Animalia,Arthropoda,Insecta,Odonata,Gomphidae,Erpetogomphus
2428,Gomphurus externus,Insects,Animalia,Arthropoda,Insecta,Odonata,Gomphidae,Gomphurus
2429,Gomphurus fraternus,Insects,Animalia,Arthropoda,Insecta,Odonata,Gomphidae,Gomphurus
2430,Gomphurus vastus,Insects,Animalia,Arthropoda,Insecta,Odonata,Gomphidae,Gomphurus
2431,Gomphus vulgatissimus,Insects,Animalia,Arthropoda,Insecta,Odonata,Gomphidae,Gomphus
2432,Hagenius brevistylus,Insects,Animalia,Arthropoda,Insecta,Odonata,Gomphidae,Hagenius
2433,Ictinogomphus rapax,Insects,Animalia,Arthropoda,Insecta,Odonata,Gomphidae,Ictinogomphus
2434,Onychogomphus forcipatus,Insects,Animalia,Arthropoda,Insecta,Odonata,Gomphidae,Onychogomphus
2435,Phanogomphus exilis,Insects,Animalia,Arthropoda,Insecta,Odonata,Gomphidae,Phanogomphus
2436,Phanogomphus lividus,Insects,Animalia,Arthropoda,Insecta,Odonata,Gomphidae,Phanogomphus
2437,Phanogomphus militaris,Insects,Animalia,Arthropoda,Insecta,Odonata,Gomphidae,Phanogomphus
2438,Phanogomphus spicatus,Insects,Animalia,Arthropoda,Insecta,Odonata,Gomphidae,Phanogomphus
2439,Phyllogomphoides albrighti,Insects,Animalia,Arthropoda,Insecta,Odonata,Gomphidae,Phyllogomphoides
2440,Phyllogomphoides stigmatus,Insects,Animalia,Arthropoda,Insecta,Odonata,Gomphidae,Phyllogomphoides
2441,Progomphus obscurus,Insects,Animalia,Arthropoda,Insecta,Odonata,Gomphidae,Progomphus
2442,Stylogomphus albistylus,Insects,Animalia,Arthropoda,Insecta,Odonata,Gomphidae,Stylogomphus
2443,Stylurus plagiatus,Insects,Animalia,Arthropoda,Insecta,Odonata,Gomphidae,Stylurus
2444,Archilestes californicus,Insects,Animalia,Arthropoda,Insecta,Odonata,Lestidae,Archilestes
2445,Archilestes grandis,Insects,Animalia,Arthropoda,Insecta,Odonata,Lestidae,Archilestes
2446,Austrolestes analis,Insects,Animalia,Arthropoda,Insecta,Odonata,Lestidae,Austrolestes
2447,Austrolestes colensonis,Insects,Animalia,Arthropoda,Insecta,Odonata,Lestidae,Austrolestes
2448,Austrolestes leda,Insects,Animalia,Arthropoda,Insecta,Odonata,Lestidae,Austrolestes
2449,Chalcolestes viridis,Insects,Animalia,Arthropoda,Insecta,Odonata,Lestidae,Chalcolestes
2450,Lestes alacer,Insects,Animalia,Arthropoda,Insecta,Odonata,Lestidae,Lestes
2451,Lestes australis,Insects,Animalia,Arthropoda,Insecta,Odonata,Lestidae,Lestes
2452,Lestes barbarus,Insects,Animalia,Arthropoda,Insecta,Odonata,Lestidae,Lestes
2453,Lestes congener,Insects,Animalia,Arthropoda,Insecta,Odonata,Lestidae,Lestes
2454,Lestes disjunctus,Insects,Animalia,Arthropoda,Insecta,Odonata,Lestidae,Lestes
2455,Lestes dryas,Insects,Animalia,Arthropoda,Insecta,Odonata,Lestidae,Lestes
2456,Lestes eurinus,Insects,Animalia,Arthropoda,Insecta,Odonata,Lestidae,Lestes
2457,Lestes forcipatus,Insects,Animalia,Arthropoda,Insecta,Odonata,Lestidae,Lestes
2458,Lestes inaequalis,Insects,Animalia,Arthropoda,Insecta,Odonata,Lestidae,Lestes
2459,Lestes rectangularis,Insects,Animalia,Arthropoda,Insecta,Odonata,Lestidae,Lestes
2460,Lestes sponsa,Insects,Animalia,Arthropoda,Insecta,Odonata,Lestidae,Lestes
2461,Lestes unguiculatus,Insects,Animalia,Arthropoda,Insecta,Odonata,Lestidae,Lestes
2462,Lestes vigilax,Insects,Animalia,Arthropoda,Insecta,Odonata,Lestidae,Lestes
2463,Lestes virens,Insects,Animalia,Arthropoda,Insecta,Odonata,Lestidae,Lestes
2464,Sympecma fusca,Insects,Animalia,Arthropoda,Insecta,Odonata,Lestidae,Sympecma
2465,Sympecma paedisca,Insects,Animalia,Arthropoda,Insecta,Odonata,Lestidae,Sympecma
2466,Acisoma panorpoides,Insects,Animalia,Arthropoda,Insecta,Odonata,Libellulidae,Acisoma
2467,Agrionoptera insignis,Insects,Animalia,Arthropoda,Insecta,Odonata,Libellulidae,Agrionoptera
2468,Brachydiplax chalybea,Insects,Animalia,Arthropoda,Insecta,Odonata,Libellulidae,Brachydiplax
2469,Brachymesia furcata,Insects,Animalia,Arthropoda,Insecta,Odonata,Libellulidae,Brachymesia
2470,Brachymesia gravida,Insects,Animalia,Arthropoda,Insecta,Odonata,Libellulidae,Brachymesia
2471,Brachythemis contaminata,Insects,Animalia,Arthropoda,Insecta,Odonata,Libellulidae,Brachythemis
2472,Brachythemis leucosticta,Insects,Animalia,Arthropoda,Insecta,Odonata,Libellulidae,Brachythemis
2473,Brechmorhoga mendax,Insects,Animalia,Arthropoda,Insecta,Odonata,Libellulidae,Brechmorhoga
2474,Celithemis elisa,Insects,Animalia,Arthropoda,Insecta,Odonata,Libellulidae,Celithemis
2475,Celithemis eponina,Insects,Animalia,Arthropoda,Insecta,Odonata,Libellulidae,Celithemis
2476,Celithemis fasciata,Insects,Animalia,Arthropoda,Insecta,Odonata,Libellulidae,Celithemis
2477,Celithemis martha,Insects,Animalia,Arthropoda,Insecta,Odonata,Libellulidae,Celithemis
2478,Crocothemis erythraea,Insects,Animalia,Arthropoda,Insecta,Odonata,Libellulidae,Crocothemis
2479,Crocothemis servilia,Insects,Animalia,Arthropoda,Insecta,Odonata,Libellulidae,Crocothemis
2480,Diplacodes bipunctata,Insects,Animalia,Arthropoda,Insecta,Odonata,Libellulidae,Diplacodes
2481,Diplacodes haematodes,Insects,Animalia,Arthropoda,Insecta,Odonata,Libellulidae,Diplacodes
2482,Diplacodes trivialis,Insects,Animalia,Arthropoda,Insecta,Odonata,Libellulidae,Diplacodes
2483,Dythemis fugax,Insects,Animalia,Arthropoda,Insecta,Odonata,Libellulidae,Dythemis
2484,Dythemis nigrescens,Insects,Animalia,Arthropoda,Insecta,Odonata,Libellulidae,Dythemis
2485,Dythemis velox,Insects,Animalia,Arthropoda,Insecta,Odonata,Libellulidae,Dythemis
2486,Erythemis collocata,Insects,Animalia,Arthropoda,Insecta,Odonata,Libellulidae,Erythemis
2487,Erythemis plebeja,Insects,Animalia,Arthropoda,Insecta,Odonata,Libellulidae,Erythemis
2488,Erythemis simplicicollis,Insects,Animalia,Arthropoda,Insecta,Odonata,Libellulidae,Erythemis
2489,Erythemis vesiculosa,Insects,Animalia,Arthropoda,Insecta,Odonata,Libellulidae,Erythemis
2490,Erythrodiplax basifusca,Insects,Animalia,Arthropoda,Insecta,Odonata,Libellulidae,Erythrodiplax
2491,Erythrodiplax berenice,Insects,Animalia,Arthropoda,Insecta,Odonata,Libellulidae,Erythrodiplax
2492,Erythrodiplax funerea,Insects,Animalia,Arthropoda,Insecta,Odonata,Libellulidae,Erythrodiplax
2493,Erythrodiplax minuscula,Insects,Animalia,Arthropoda,Insecta,Odonata,Libellulidae,Erythrodiplax
2494,Erythrodiplax umbrata,Insects,Animalia,Arthropoda,Insecta,Odonata,Libellulidae,Erythrodiplax
2495,Ladona deplanata,Insects,Animalia,Arthropoda,Insecta,Odonata,Libellulidae,Ladona
2496,Ladona julia,Insects,Animalia,Arthropoda,Insecta,Odonata,Libellulidae,Ladona
2497,Lathrecista asiatica,Insects,Animalia,Arthropoda,Insecta,Odonata,Libellulidae,Lathrecista
2498,Leucorrhinia frigida,Insects,Animalia,Arthropoda,Insecta,Odonata,Libellulidae,Leucorrhinia
2499,Leucorrhinia glacialis,Insects,Animalia,Arthropoda,Insecta,Odonata,Libellulidae,Leucorrhinia
2500,Leucorrhinia hudsonica,Insects,Animalia,Arthropoda,Insecta,Odonata,Libellulidae,Leucorrhinia
2501,Leucorrhinia intacta,Insects,Animalia,Arthropoda,Insecta,Odonata,Libellulidae,Leucorrhinia
2502,Leucorrhinia proxima,Insects,Animalia,Arthropoda,Insecta,Odonata,Libellulidae,Leucorrhinia
2503,Libellula auripennis,Insects,Animalia,Arthropoda,Insecta,Odonata,Libellulidae,Libellula
2504,Libellula axilena,Insects,Animalia,Arthropoda,Insecta,Odonata,Libellulidae,Libellula
2505,Libellula comanche,Insects,Animalia,Arthropoda,Insecta,Odonata,Libellulidae,Libellula
2506,Libellula croceipennis,Insects,Animalia,Arthropoda,Insecta,Odonata,Libellulidae,Libellula
2507,Libellula cyanea,Insects,Animalia,Arthropoda,Insecta,Odonata,Libellulidae,Libellula
2508,Libellula depressa,Insects,Animalia,Arthropoda,Insecta,Odonata,Libellulidae,Libellula
2509,Libellula flavida,Insects,Animalia,Arthropoda,Insecta,Odonata,Libellulidae,Libellula
2510,Libellula forensis,Insects,Animalia,Arthropoda,Insecta,Odonata,Libellulidae,Libellula
2511,Libellula fulva,Insects,Animalia,Arthropoda,Insecta,Odonata,Libellulidae,Libellula
2512,Libellula incesta,Insects,Animalia,Arthropoda,Insecta,Odonata,Libellulidae,Libellula
2513,Libellula luctuosa,Insects,Animalia,Arthropoda,Insecta,Odonata,Libellulidae,Libellula
2514,Libellula needhami,Insects,Animalia,Arthropoda,Insecta,Odonata,Libellulidae,Libellula
2515,Libellula pulchella,Insects,Animalia,Arthropoda,Insecta,Odonata,Libellulidae,Libellula
2516,Libellula quadrimaculata,Insects,Animalia,Arthropoda,Insecta,Odonata,Libellulidae,Libellula
2517,Libellula saturata,Insects,Animalia,Arthropoda,Insecta,Odonata,Libellulidae,Libellula
2518,Libellula semifasciata,Insects,Animalia,Arthropoda,Insecta,Odonata,Libellulidae,Libellula
2519,Libellula vibrans,Insects,Animalia,Arthropoda,Insecta,Odonata,Libellulidae,Libellula
2520,Macrodiplax balteata,Insects,Animalia,Arthropoda,Insecta,Odonata,Libellulidae,Macrodiplax
2521,Macrodiplax cora,Insects,Animalia,Arthropoda,Insecta,Odonata,Libellulidae,Macrodiplax
2522,Micrathyria hagenii,Insects,Animalia,Arthropoda,Insecta,Odonata,Libellulidae,Micrathyria
2523,Nannodiplax rubra,Insects,Animalia,Arthropoda,Insecta,Odonata,Libellulidae,Nannodiplax
2524,Nannothemis bella,Insects,Animalia,Arthropoda,Insecta,Odonata,Libellulidae,Nannothemis
2525,Neurothemis fluctuans,Insects,Animalia,Arthropoda,Insecta,Odonata,Libellulidae,Neurothemis
2526,Neurothemis fulvia,Insects,Animalia,Arthropoda,Insecta,Odonata,Libellulidae,Neurothemis
2527,Neurothemis taiwanensis,Insects,Animalia,Arthropoda,Insecta,Odonata,Libellulidae,Neurothemis
2528,Neurothemis tullia,Insects,Animalia,Arthropoda,Insecta,Odonata,Libellulidae,Neurothemis
2529,Orthemis discolor,Insects,Animalia,Arthropoda,Insecta,Odonata,Libellulidae,Orthemis
2530,Orthemis ferruginea,Insects,Animalia,Arthropoda,Insecta,Odonata,Libellulidae,Orthemis
2531,Orthetrum albistylum,Insects,Animalia,Arthropoda,Insecta,Odonata,Libellulidae,Orthetrum
2532,Orthetrum brunneum,Insects,Animalia,Arthropoda,Insecta,Odonata,Libellulidae,Orthetrum
2533,Orthetrum caledonicum,Insects,Animalia,Arthropoda,Insecta,Odonata,Libellulidae,Orthetrum
2534,Orthetrum cancellatum,Insects,Animalia,Arthropoda,Insecta,Odonata,Libellulidae,Orthetrum
2535,Orthetrum chrysis,Insects,Animalia,Arthropoda,Insecta,Odonata,Libellulidae,Orthetrum
2536,Orthetrum chrysostigma,Insects,Animalia,Arthropoda,Insecta,Odonata,Libellulidae,Orthetrum
2537,Orthetrum coerulescens,Insects,Animalia,Arthropoda,Insecta,Odonata,Libellulidae,Orthetrum
2538,Orthetrum glaucum,Insects,Animalia,Arthropoda,Insecta,Odonata,Libellulidae,Orthetrum
2539,Orthetrum julia,Insects,Animalia,Arthropoda,Insecta,Odonata,Libellulidae,Orthetrum
2540,Orthetrum luzonicum,Insects,Animalia,Arthropoda,Insecta,Odonata,Libellulidae,Orthetrum
2541,Orthetrum pruinosum,Insects,Animalia,Arthropoda,Insecta,Odonata,Libellulidae,Orthetrum
2542,Orthetrum sabina,Insects,Animalia,Arthropoda,Insecta,Odonata,Libellulidae,Orthetrum
2543,Orthetrum testaceum,Insects,Animalia,Arthropoda,Insecta,Odonata,Libellulidae,Orthetrum
2544,Orthetrum triangulare,Insects,Animalia,Arthropoda,Insecta,Odonata,Libellulidae,Orthetrum
2545,Orthetrum villosovittatum,Insects,Animalia,Arthropoda,Insecta,Odonata,Libellulidae,Orthetrum
2546,Pachydiplax longipennis,Insects,Animalia,Arthropoda,Insecta,Odonata,Libellulidae,Pachydiplax
2547,Palpopleura lucia,Insects,Animalia,Arthropoda,Insecta,Odonata,Libellulidae,Palpopleura
2548,Paltothemis lineatipes,Insects,Animalia,Arthropoda,Insecta,Odonata,Libellulidae,Paltothemis
2549,Pantala flavescens,Insects,Animalia,Arthropoda,Insecta,Odonata,Libellulidae,Pantala
2550,Pantala hymenaea,Insects,Animalia,Arthropoda,Insecta,Odonata,Libellulidae,Pantala
2551,Perithemis intensa,Insects,Animalia,Arthropoda,Insecta,Odonata,Libellulidae,Perithemis
2552,Perithemis tenera,Insects,Animalia,Arthropoda,Insecta,Odonata,Libellulidae,Perithemis
2553,Plathemis lydia,Insects,Animalia,Arthropoda,Insecta,Odonata,Libellulidae,Plathemis
2554,Potamarcha congener,Insects,Animalia,Arthropoda,Insecta,Odonata,Libellulidae,Potamarcha
2555,Pseudoleon superbus,Insects,Animalia,Arthropoda,Insecta,Odonata,Libellulidae,Pseudoleon
2556,Pseudothemis zonata,Insects,Animalia,Arthropoda,Insecta,Odonata,Libellulidae,Pseudothemis
2557,Rhyothemis graphiptera,Insects,Animalia,Arthropoda,Insecta,Odonata,Libellulidae,Rhyothemis
2558,Rhyothemis phyllis,Insects,Animalia,Arthropoda,Insecta,Odonata,Libellulidae,Rhyothemis
2559,Rhyothemis variegata,Insects,Animalia,Arthropoda,Insecta,Odonata,Libellulidae,Rhyothemis
2560,Sympetrum ambiguum,Insects,Animalia,Arthropoda,Insecta,Odonata,Libellulidae,Sympetrum
2561,Sympetrum corruptum,Insects,Animalia,Arthropoda,Insecta,Odonata,Libellulidae,Sympetrum
2562,Sympetrum costiferum,Insects,Animalia,Arthropoda,Insecta,Odonata,Libellulidae,Sympetrum
2563,Sympetrum danae,Insects,Animalia,Arthropoda,Insecta,Odonata,Libellulidae,Sympetrum
2564,Sympetrum flaveolum,Insects,Animalia,Arthropoda,Insecta,Odonata,Libellulidae,Sympetrum
2565,Sympetrum fonscolombii,Insects,Animalia,Arthropoda,Insecta,Odonata,Libellulidae,Sympetrum
2566,Sympetrum illotum,Insects,Animalia,Arthropoda,Insecta,Odonata,Libellulidae,Sympetrum
2567,Sympetrum internum,Insects,Animalia,Arthropoda,Insecta,Odonata,Libellulidae,Sympetrum
2568,Sympetrum meridionale,Insects,Animalia,Arthropoda,Insecta,Odonata,Libellulidae,Sympetrum
2569,Sympetrum obtrusum,Insects,Animalia,Arthropoda,Insecta,Odonata,Libellulidae,Sympetrum
2570,Sympetrum pallipes,Insects,Animalia,Arthropoda,Insecta,Odonata,Libellulidae,Sympetrum
2571,Sympetrum pedemontanum,Insects,Animalia,Arthropoda,Insecta,Odonata,Libellulidae,Sympetrum
2572,Sympetrum sanguineum,Insects,Animalia,Arthropoda,Insecta,Odonata,Libellulidae,Sympetrum
2573,Sympetrum semicinctum,Insects,Animalia,Arthropoda,Insecta,Odonata,Libellulidae,Sympetrum
2574,Sympetrum striolatum,Insects,Animalia,Arthropoda,Insecta,Odonata,Libellulidae,Sympetrum
2575,Sympetrum vicinum,Insects,Animalia,Arthropoda,Insecta,Odonata,Libellulidae,Sympetrum
2576,Sympetrum vulgatum,Insects,Animalia,Arthropoda,Insecta,Odonata,Libellulidae,Sympetrum
2577,Tholymis tillarga,Insects,Animalia,Arthropoda,Insecta,Odonata,Libellulidae,Tholymis
2578,Tramea carolina,Insects,Animalia,Arthropoda,Insecta,Odonata,Libellulidae,Tramea
2579,Tramea lacerata,Insects,Animalia,Arthropoda,Insecta,Odonata,Libellulidae,Tramea
2580,Tramea onusta,Insects,Animalia,Arthropoda,Insecta,Odonata,Libellulidae,Tramea
2581,Trithemis annulata,Insects,Animalia,Arthropoda,Insecta,Odonata,Libellulidae,Trithemis
2582,Trithemis arteriosa,Insects,Animalia,Arthropoda,Insecta,Odonata,Libellulidae,Trithemis
2583,Trithemis aurora,Insects,Animalia,Arthropoda,Insecta,Odonata,Libellulidae,Trithemis
2584,Trithemis festiva,Insects,Animalia,Arthropoda,Insecta,Odonata,Libellulidae,Trithemis
2585,Trithemis kirbyi,Insects,Animalia,Arthropoda,Insecta,Odonata,Libellulidae,Trithemis
2586,Trithemis pallidinervis,Insects,Animalia,Arthropoda,Insecta,Odonata,Libellulidae,Trithemis
2587,Urothemis signata,Insects,Animalia,Arthropoda,Insecta,Odonata,Libellulidae,Urothemis
2588,Didymops transversa,Insects,Animalia,Arthropoda,Insecta,Odonata,Macromiidae,Didymops
2589,Macromia illinoiensis,Insects,Animalia,Arthropoda,Insecta,Odonata,Macromiidae,Macromia
2590,Macromia taeniolata,Insects,Animalia,Arthropoda,Insecta,Odonata,Macromiidae,Macromia
2591,Tachopteryx thoreyi,Insects,Animalia,Arthropoda,Insecta,Odonata,Petaluridae,Tachopteryx
2592,Copera marginipes,Insects,Animalia,Arthropoda,Insecta,Odonata,Platycnemididae,Copera
2593,Nososticta solida,Insects,Animalia,Arthropoda,Insecta,Odonata,Platycnemididae,Nososticta
2594,Platycnemis pennipes,Insects,Animalia,Arthropoda,Insecta,Odonata,Platycnemididae,Platycnemis
2595,Abracris flavolineata,Insects,Animalia,Arthropoda,Insecta,Orthoptera,Acrididae,Abracris
2596,Acanthacris ruficornis,Insects,Animalia,Arthropoda,Insecta,Orthoptera,Acrididae,Acanthacris
2597,Acrida cinerea,Insects,Animalia,Arthropoda,Insecta,Orthoptera,Acrididae,Acrida
2598,Acrida conica,Insects,Animalia,Arthropoda,Insecta,Orthoptera,Acrididae,Acrida
2599,Acrida ungarica,Insects,Animalia,Arthropoda,Insecta,Orthoptera,Acrididae,Acrida
2600,Aidemona azteca,Insects,Animalia,Arthropoda,Insecta,Orthoptera,Acrididae,Aidemona
2601,Aiolopus strepens,Insects,Animalia,Arthropoda,Insecta,Orthoptera,Acrididae,Aiolopus
2602,Anacridium aegyptium,Insects,Animalia,Arthropoda,Insecta,Orthoptera,Acrididae,Anacridium
2603,Camnula pellucida,Insects,Animalia,Arthropoda,Insecta,Orthoptera,Acrididae,Camnula
2604,Chimarocephala pacifica,Insects,Animalia,Arthropoda,Insecta,Orthoptera,Acrididae,Chimarocephala
2605,Chorthippus brunneus,Insects,Animalia,Arthropoda,Insecta,Orthoptera,Acrididae,Chorthippus
2606,Chortophaga australior,Insects,Animalia,Arthropoda,Insecta,Orthoptera,Acrididae,Chortophaga
2607,Chortophaga viridifasciata,Insects,Animalia,Arthropoda,Insecta,Orthoptera,Acrididae,Chortophaga
2608,Chrysochraon dispar,Insects,Animalia,Arthropoda,Insecta,Orthoptera,Acrididae,Chrysochraon
2609,Dactylotum bicolor,Insects,Animalia,Arthropoda,Insecta,Orthoptera,Acrididae,Dactylotum
2610,Dichromorpha viridis,Insects,Animalia,Arthropoda,Insecta,Orthoptera,Acrididae,Dichromorpha
2611,Dissosteira carolina,Insects,Animalia,Arthropoda,Insecta,Orthoptera,Acrididae,Dissosteira
2612,Euthystira brachyptera,Insects,Animalia,Arthropoda,Insecta,Orthoptera,Acrididae,Euthystira
2613,Gomphocerippus rufus,Insects,Animalia,Arthropoda,Insecta,Orthoptera,Acrididae,Gomphocerippus
2614,Hesperotettix viridis,Insects,Animalia,Arthropoda,Insecta,Orthoptera,Acrididae,Hesperotettix
2615,Leptysma marginicollis,Insects,Animalia,Arthropoda,Insecta,Orthoptera,Acrididae,Leptysma
2616,Locusta migratoria,Insects,Animalia,Arthropoda,Insecta,Orthoptera,Acrididae,Locusta
2617,Melanoplus bivittatus,Insects,Animalia,Arthropoda,Insecta,Orthoptera,Acrididae,Melanoplus
2618,Melanoplus differentialis,Insects,Animalia,Arthropoda,Insecta,Orthoptera,Acrididae,Melanoplus
2619,Melanoplus femurrubrum,Insects,Animalia,Arthropoda,Insecta,Orthoptera,Acrididae,Melanoplus
2620,Melanoplus punctulatus,Insects,Animalia,Arthropoda,Insecta,Orthoptera,Acrididae,Melanoplus
2621,Mermiria bivittata,Insects,Animalia,Arthropoda,Insecta,Orthoptera,Acrididae,Mermiria
2622,Oedipoda caerulescens,Insects,Animalia,Arthropoda,Insecta,Orthoptera,Acrididae,Oedipoda
2623,Omocestus rufipes,Insects,Animalia,Arthropoda,Insecta,Orthoptera,Acrididae,Omocestus
2624,Omocestus viridulus,Insects,Animalia,Arthropoda,Insecta,Orthoptera,Acrididae,Omocestus
2625,Pezotettix giornae,Insects,Animalia,Arthropoda,Insecta,Orthoptera,Acrididae,Pezotettix
2626,Phaulacridium marginale,Insects,Animalia,Arthropoda,Insecta,Orthoptera,Acrididae,Phaulacridium
2627,Phaulacridium vittatum,Insects,Animalia,Arthropoda,Insecta,Orthoptera,Acrididae,Phaulacridium
2628,Pseudochorthippus curtipennis,Insects,Animalia,Arthropoda,Insecta,Orthoptera,Acrididae,Pseudochorthippus
2629,Pseudochorthippus parallelus,Insects,Animalia,Arthropoda,Insecta,Orthoptera,Acrididae,Pseudochorthippus
2630,Schistocerca americana,Insects,Animalia,Arthropoda,Insecta,Orthoptera,Acrididae,Schistocerca
2631,Schistocerca lineata,Insects,Animalia,Arthropoda,Insecta,Orthoptera,Acrididae,Schistocerca
2632,Schistocerca nitens,Insects,Animalia,Arthropoda,Insecta,Orthoptera,Acrididae,Schistocerca
2633,Schistocerca obscura,Insects,Animalia,Arthropoda,Insecta,Orthoptera,Acrididae,Schistocerca
2634,Stethophyma grossum,Insects,Animalia,Arthropoda,Insecta,Orthoptera,Acrididae,Stethophyma
2635,Syrbula admirabilis,Insects,Animalia,Arthropoda,Insecta,Orthoptera,Acrididae,Syrbula
2636,Trimerotropis maritima,Insects,Animalia,Arthropoda,Insecta,Orthoptera,Acrididae,Trimerotropis
2637,Trimerotropis pallidipennis,Insects,Animalia,Arthropoda,Insecta,Orthoptera,Acrididae,Trimerotropis
2638,Trimerotropis verruculata,Insects,Animalia,Arthropoda,Insecta,Orthoptera,Acrididae,Trimerotropis
2639,Valanga irregularis,Insects,Animalia,Arthropoda,Insecta,Orthoptera,Acrididae,Valanga
2640,Valanga nigricornis,Insects,Animalia,Arthropoda,Insecta,Orthoptera,Acrididae,Valanga
2641,Xenocatantops humilis,Insects,Animalia,Arthropoda,Insecta,Orthoptera,Acrididae,Xenocatantops
2642,Hemideina crassidens,Insects,Animalia,Arthropoda,Insecta,Orthoptera,Anostostomatidae,Hemideina
2643,Hemideina thoracica,Insects,Animalia,Arthropoda,Insecta,Orthoptera,Anostostomatidae,Hemideina
2644,Gryllodes sigillatus,Insects,Animalia,Arthropoda,Insecta,Orthoptera,Gryllidae,Gryllodes
2645,Gryllus bimaculatus,Insects,Animalia,Arthropoda,Insecta,Orthoptera,Gryllidae,Gryllus
2646,Gryllus campestris,Insects,Animalia,Arthropoda,Insecta,Orthoptera,Gryllidae,Gryllus
2647,Gryllus pennsylvanicus,Insects,Animalia,Arthropoda,Insecta,Orthoptera,Gryllidae,Gryllus
2648,Hapithus agitator,Insects,Animalia,Arthropoda,Insecta,Orthoptera,Gryllidae,Hapithus
2649,Hapithus saltator,Insects,Animalia,Arthropoda,Insecta,Orthoptera,Gryllidae,Hapithus
2650,Neoxabea bipunctata,Insects,Animalia,Arthropoda,Insecta,Orthoptera,Gryllidae,Neoxabea
2651,Nisitrus vittatus,Insects,Animalia,Arthropoda,Insecta,Orthoptera,Gryllidae,Nisitrus
2652,Oecanthus nigricornis,Insects,Animalia,Arthropoda,Insecta,Orthoptera,Gryllidae,Oecanthus
2653,Oecanthus niveus,Insects,Animalia,Arthropoda,Insecta,Orthoptera,Gryllidae,Oecanthus
2654,Teleogryllus commodus,Insects,Animalia,Arthropoda,Insecta,Orthoptera,Gryllidae,Teleogryllus
2655,Velarifictorus micado,Insects,Animalia,Arthropoda,Insecta,Orthoptera,Gryllidae,Velarifictorus
2656,Dictyophorus spumans,Insects,Animalia,Arthropoda,Insecta,Orthoptera,Pyrgomorphidae,Dictyophorus
2657,Zonocerus elegans,Insects,Animalia,Arthropoda,Insecta,Orthoptera,Pyrgomorphidae,Zonocerus
2658,Tachycines asynamorus,Insects,Animalia,Arthropoda,Insecta,Orthoptera,Rhaphidophoridae,Tachycines
2659,Brachystola magna,Insects,Animalia,Arthropoda,Insecta,Orthoptera,Romaleidae,Brachystola
2660,Romalea microptera,Insects,Animalia,Arthropoda,Insecta,Orthoptera,Romaleidae,Romalea
2661,Taeniopoda eques,Insects,Animalia,Arthropoda,Insecta,Orthoptera,Romaleidae,Taeniopoda
2662,Tropidacris collaris,Insects,Animalia,Arthropoda,Insecta,Orthoptera,Romaleidae,Tropidacris
2663,Tropidacris cristata,Insects,Animalia,Arthropoda,Insecta,Orthoptera,Romaleidae,Tropidacris
2664,Anabrus simplex,Insects,Animalia,Arthropoda,Insecta,Orthoptera,Tettigoniidae,Anabrus
2665,Caedicia simplex,Insects,Animalia,Arthropoda,Insecta,Orthoptera,Tettigoniidae,Caedicia
2666,Conocephalus brevipennis,Insects,Animalia,Arthropoda,Insecta,Orthoptera,Tettigoniidae,Conocephalus
2667,Conocephalus fasciatus,Insects,Animalia,Arthropoda,Insecta,Orthoptera,Tettigoniidae,Conocephalus
2668,Conocephalus fuscus,Insects,Animalia,Arthropoda,Insecta,Orthoptera,Tettigoniidae,Conocephalus
2669,Conocephalus melaenus,Insects,Animalia,Arthropoda,Insecta,Orthoptera,Tettigoniidae,Conocephalus
2670,Decticus albifrons,Insects,Animalia,Arthropoda,Insecta,Orthoptera,Tettigoniidae,Decticus
2671,Decticus verrucivorus,Insects,Animalia,Arthropoda,Insecta,Orthoptera,Tettigoniidae,Decticus
2672,Leptophyes punctatissima,Insects,Animalia,Arthropoda,Insecta,Orthoptera,Tettigoniidae,Leptophyes
2673,Meconema meridionale,Insects,Animalia,Arthropoda,Insecta,Orthoptera,Tettigoniidae,Meconema
2674,Meconema thalassinum,Insects,Animalia,Arthropoda,Insecta,Orthoptera,Tettigoniidae,Meconema
2675,Microcentrum retinerve,Insects,Animalia,Arthropoda,Insecta,Orthoptera,Tettigoniidae,Microcentrum
2676,Microcentrum rhombifolium,Insects,Animalia,Arthropoda,Insecta,Orthoptera,Tettigoniidae,Microcentrum
2677,Neoconocephalus triops,Insects,Animalia,Arthropoda,Insecta,Orthoptera,Tettigoniidae,Neoconocephalus
2678,Orchelimum nigripes,Insects,Animalia,Arthropoda,Insecta,Orthoptera,Tettigoniidae,Orchelimum
2679,Phaneroptera falcata,Insects,Animalia,Arthropoda,Insecta,Orthoptera,Tettigoniidae,Phaneroptera
2680,Phaneroptera nana,Insects,Animalia,Arthropoda,Insecta,Orthoptera,Tettigoniidae,Phaneroptera
2681,Pholidoptera griseoaptera,Insects,Animalia,Arthropoda,Insecta,Orthoptera,Tettigoniidae,Pholidoptera
2682,Pterophylla camellifolia,Insects,Animalia,Arthropoda,Insecta,Orthoptera,Tettigoniidae,Pterophylla
2683,Roeseliana roeselii,Insects,Animalia,Arthropoda,Insecta,Orthoptera,Tettigoniidae,Roeseliana
2684,Ruspolia nitidula,Insects,Animalia,Arthropoda,Insecta,Orthoptera,Tettigoniidae,Ruspolia
2685,Scudderia furcata,Insects,Animalia,Arthropoda,Insecta,Orthoptera,Tettigoniidae,Scudderia
2686,Scudderia mexicana,Insects,Animalia,Arthropoda,Insecta,Orthoptera,Tettigoniidae,Scudderia
2687,Scudderia septentrionalis,Insects,Animalia,Arthropoda,Insecta,Orthoptera,Tettigoniidae,Scudderia
2688,Stilpnochlora couloniana,Insects,Animalia,Arthropoda,Insecta,Orthoptera,Tettigoniidae,Stilpnochlora
2689,Tessellana tessellata,Insects,Animalia,Arthropoda,Insecta,Orthoptera,Tettigoniidae,Tessellana
2690,Tettigonia cantans,Insects,Animalia,Arthropoda,Insecta,Orthoptera,Tettigoniidae,Tettigonia
2691,Tettigonia viridissima,Insects,Animalia,Arthropoda,Insecta,Orthoptera,Tettigoniidae,Tettigonia
2692,Phyllopalpus pulchellus,Insects,Animalia,Arthropoda,Insecta,Orthoptera,Trigonidiidae,Phyllopalpus
2693,Diapheromera femorata,Insects,Animalia,Arthropoda,Insecta,Phasmida,Diapheromeridae,Diapheromera
2694,Megaphasma denticrus,Insects,Animalia,Arthropoda,Insecta,Phasmida,Diapheromeridae,Megaphasma
2695,Clitarchus hookeri,Insects,Animalia,Arthropoda,Insecta,Phasmida,Phasmatidae,Clitarchus
2696,Anisomorpha buprestoides,Insects,Animalia,Arthropoda,Insecta,Phasmida,Pseudophasmatidae,Anisomorpha
2697,Cerastipsocus venosus,Insects,Animalia,Arthropoda,Insecta,Psocodea,Psocidae,Cerastipsocus
2698,Ctenolepisma lineata,Insects,Animalia,Arthropoda,Insecta,Zygentoma,Lepismatidae,Ctenolepisma
2699,Ctenolepisma longicaudata,Insects,Animalia,Arthropoda,Insecta,Zygentoma,Lepismatidae,Ctenolepisma
2700,Lepisma saccharina,Insects,Animalia,Arthropoda,Insecta,Zygentoma,Lepismatidae,Lepisma
2701,Pacifastacus leniusculus,Animalia,Animalia,Arthropoda,Malacostraca,Decapoda,Astacidae,Pacifastacus
2702,Faxonius virilis,Animalia,Animalia,Arthropoda,Malacostraca,Decapoda,Cambaridae,Faxonius
2703,Procambarus clarkii,Animalia,Animalia,Arthropoda,Malacostraca,Decapoda,Cambaridae,Procambarus
2704,Cancer borealis,Animalia,Animalia,Arthropoda,Malacostraca,Decapoda,Cancridae,Cancer
2705,Cancer irroratus,Animalia,Animalia,Arthropoda,Malacostraca,Decapoda,Cancridae,Cancer
2706,Cancer productus,Animalia,Animalia,Arthropoda,Malacostraca,Decapoda,Cancridae,Cancer
2707,Metacarcinus magister,Animalia,Animalia,Arthropoda,Malacostraca,Decapoda,Cancridae,Metacarcinus
2708,Romaleon antennarium,Animalia,Animalia,Arthropoda,Malacostraca,Decapoda,Cancridae,Romaleon
2709,Carcinus maenas,Animalia,Animalia,Arthropoda,Malacostraca,Decapoda,Carcinidae,Carcinus
2710,Coenobita clypeatus,Animalia,Animalia,Arthropoda,Malacostraca,Decapoda,Coenobitidae,Coenobita
2711,Coenobita compressus,Animalia,Animalia,Arthropoda,Malacostraca,Decapoda,Coenobitidae,Coenobita
2712,Pugettia producta,Animalia,Animalia,Arthropoda,Malacostraca,Decapoda,Epialtidae,Pugettia
2713,Cardisoma guanhumi,Animalia,Animalia,Arthropoda,Malacostraca,Decapoda,Gecarcinidae,Cardisoma
2714,Ovalipes ocellatus,Animalia,Animalia,Arthropoda,Malacostraca,Decapoda,Geryonidae,Ovalipes
2715,Grapsus grapsus,Animalia,Animalia,Arthropoda,Malacostraca,Decapoda,Grapsidae,Grapsus
2716,Grapsus tenuicrustatus,Animalia,Animalia,Arthropoda,Malacostraca,Decapoda,Grapsidae,Grapsus
2717,Leptograpsus variegatus,Animalia,Animalia,Arthropoda,Malacostraca,Decapoda,Grapsidae,Leptograpsus
2718,Pachygrapsus crassipes,Animalia,Animalia,Arthropoda,Malacostraca,Decapoda,Grapsidae,Pachygrapsus
2719,Pachygrapsus marmoratus,Animalia,Animalia,Arthropoda,Malacostraca,Decapoda,Grapsidae,Pachygrapsus
2720,Emerita analoga,Animalia,Animalia,Arthropoda,Malacostraca,Decapoda,Hippidae,Emerita
2721,Emerita talpoida,Animalia,Animalia,Arthropoda,Malacostraca,Decapoda,Hippidae,Emerita
2722,Homarus americanus,Animalia,Animalia,Arthropoda,Malacostraca,Decapoda,Nephropidae,Homarus
2723,Leptuca crenulata,Animalia,Animalia,Arthropoda,Malacostraca,Decapoda,Ocypodidae,Leptuca
2724,Leptuca pugilator,Animalia,Animalia,Arthropoda,Malacostraca,Decapoda,Ocypodidae,Leptuca
2725,Minuca pugnax,Animalia,Animalia,Arthropoda,Malacostraca,Decapoda,Ocypodidae,Minuca
2726,Ocypode ceratophthalmus,Animalia,Animalia,Arthropoda,Malacostraca,Decapoda,Ocypodidae,Ocypode
2727,Ocypode gaudichaudii,Animalia,Animalia,Arthropoda,Malacostraca,Decapoda,Ocypodidae,Ocypode
2728,Ocypode quadrata,Animalia,Animalia,Arthropoda,Malacostraca,Decapoda,Ocypodidae,Ocypode
2729,Tubuca arcuata,Animalia,Animalia,Arthropoda,Malacostraca,Decapoda,Ocypodidae,Tubuca
2730,Pagurus granosimanus,Animalia,Animalia,Arthropoda,Malacostraca,Decapoda,Paguridae,Pagurus
2731,Pagurus samuelis,Animalia,Animalia,Arthropoda,Malacostraca,Decapoda,Paguridae,Pagurus
2732,Palaemon affinis,Animalia,Animalia,Arthropoda,Malacostraca,Decapoda,Palaemonidae,Palaemon
2733,Panulirus argus,Animalia,Animalia,Arthropoda,Malacostraca,Decapoda,Palinuridae,Panulirus
2734,Panulirus interruptus,Animalia,Animalia,Arthropoda,Malacostraca,Decapoda,Palinuridae,Panulirus
2735,Guinusia chabrus,Animalia,Animalia,Arthropoda,Malacostraca,Decapoda,Plagusiidae,Guinusia
2736,Petrolisthes elongatus,Animalia,Animalia,Arthropoda,Malacostraca,Decapoda,Porcellanidae,Petrolisthes
2737,Arenaeus cribrarius,Animalia,Animalia,Arthropoda,Malacostraca,Decapoda,Portunidae,Arenaeus
2738,Callinectes sapidus,Animalia,Animalia,Arthropoda,Malacostraca,Decapoda,Portunidae,Callinectes
2739,Aratus pisonii,Animalia,Animalia,Arthropoda,Malacostraca,Decapoda,Sesarmidae,Aratus
2740,Armases cinereum,Animalia,Animalia,Arthropoda,Malacostraca,Decapoda,Sesarmidae,Armases
2741,Stenopus hispidus,Animalia,Animalia,Arthropoda,Malacostraca,Decapoda,Stenopodidae,Stenopus
2742,Hemigrapsus nudus,Animalia,Animalia,Arthropoda,Malacostraca,Decapoda,Varunidae,Hemigrapsus
2743,Hemigrapsus oregonensis,Animalia,Animalia,Arthropoda,Malacostraca,Decapoda,Varunidae,Hemigrapsus
2744,Hemigrapsus sanguineus,Animalia,Animalia,Arthropoda,Malacostraca,Decapoda,Varunidae,Hemigrapsus
2745,Armadillidium nasatum,Animalia,Animalia,Arthropoda,Malacostraca,Isopoda,Armadillidiidae,Armadillidium
2746,Armadillidium vulgare,Animalia,Animalia,Arthropoda,Malacostraca,Isopoda,Armadillidiidae,Armadillidium
2747,Ligia exotica,Animalia,Animalia,Arthropoda,Malacostraca,Isopoda,Ligiidae,Ligia
2748,Ligia occidentalis,Animalia,Animalia,Arthropoda,Malacostraca,Isopoda,Ligiidae,Ligia
2749,Oniscus asellus,Animalia,Animalia,Arthropoda,Malacostraca,Isopoda,Oniscidae,Oniscus
2750,Philoscia muscorum,Animalia,Animalia,Arthropoda,Malacostraca,Isopoda,Philosciidae,Philoscia
2751,Porcellio laevis,Animalia,Animalia,Arthropoda,Malacostraca,Isopoda,Porcellionidae,Porcellio
2752,Porcellio scaber,Animalia,Animalia,Arthropoda,Malacostraca,Isopoda,Porcellionidae,Porcellio
2753,Porcellio spinicornis,Animalia,Animalia,Arthropoda,Malacostraca,Isopoda,Porcellionidae,Porcellio
2754,Trachelipus rathkii,Animalia,Animalia,Arthropoda,Malacostraca,Isopoda,Trachelipodidae,Trachelipus
2755,Limulus polyphemus,Animalia,Animalia,Arthropoda,Merostomata,Xiphosurida,Limulidae,Limulus
2756,Amia calva,Ray-finned Fishes,Animalia,Chordata,Actinopterygii,Amiiformes,Amiidae,Amia
2757,Anguilla rostrata,Ray-finned Fishes,Animalia,Chordata,Actinopterygii,Anguilliformes,Anguillidae,Anguilla
2758,Gymnothorax prasinus,Ray-finned Fishes,Animalia,Chordata,Actinopterygii,Anguilliformes,Muraenidae,Gymnothorax
2759,Latropiscis purpurissatus,Ray-finned Fishes,Animalia,Chordata,Actinopterygii,Aulopiformes,Aulopidae,Latropiscis
2760,Dorosoma cepedianum,Ray-finned Fishes,Animalia,Chordata,Actinopterygii,Clupeiformes,Clupeidae,Dorosoma
2761,Catostomus commersonii,Ray-finned Fishes,Animalia,Chordata,Actinopterygii,Cypriniformes,Catostomidae,Catostomus
2762,Campostoma anomalum,Ray-finned Fishes,Animalia,Chordata,Actinopterygii,Cypriniformes,Cyprinidae,Campostoma
2763,Carassius auratus,Ray-finned Fishes,Animalia,Chordata,Actinopterygii,Cypriniformes,Cyprinidae,Carassius
2764,Cyprinus carpio,Ray-finned Fishes,Animalia,Chordata,Actinopterygii,Cypriniformes,Cyprinidae,Cyprinus
2765,Cyprinus rubrofuscus,Ray-finned Fishes,Animalia,Chordata,Actinopterygii,Cypriniformes,Cyprinidae,Cyprinus
2766,Luxilus chrysocephalus,Ray-finned Fishes,Animalia,Chordata,Actinopterygii,Cypriniformes,Cyprinidae,Luxilus
2767,Luxilus cornutus,Ray-finned Fishes,Animalia,Chordata,Actinopterygii,Cypriniformes,Cyprinidae,Luxilus
2768,Notemigonus crysoleucas,Ray-finned Fishes,Animalia,Chordata,Actinopterygii,Cypriniformes,Cyprinidae,Notemigonus
2769,Pimephales notatus,Ray-finned Fishes,Animalia,Chordata,Actinopterygii,Cypriniformes,Cyprinidae,Pimephales
2770,Rhinichthys atratulus,Ray-finned Fishes,Animalia,Chordata,Actinopterygii,Cypriniformes,Cyprinidae,Rhinichthys
2771,Scardinius erythrophthalmus,Ray-finned Fishes,Animalia,Chordata,Actinopterygii,Cypriniformes,Cyprinidae,Scardinius
2772,Semotilus atromaculatus,Ray-finned Fishes,Animalia,Chordata,Actinopterygii,Cypriniformes,Cyprinidae,Semotilus
2773,Squalius cephalus,Ray-finned Fishes,Animalia,Chordata,Actinopterygii,Cypriniformes,Cyprinidae,Squalius
2774,Cyprinodon variegatus,Ray-finned Fishes,Animalia,Chordata,Actinopterygii,Cyprinodontiformes,Cyprinodontidae,Cyprinodon
2775,Fundulus diaphanus,Ray-finned Fishes,Animalia,Chordata,Actinopterygii,Cyprinodontiformes,Fundulidae,Fundulus
2776,Fundulus heteroclitus,Ray-finned Fishes,Animalia,Chordata,Actinopterygii,Cyprinodontiformes,Fundulidae,Fundulus
2777,Fundulus notatus,Ray-finned Fishes,Animalia,Chordata,Actinopterygii,Cyprinodontiformes,Fundulidae,Fundulus
2778,Gambusia affinis,Ray-finned Fishes,Animalia,Chordata,Actinopterygii,Cyprinodontiformes,Poeciliidae,Gambusia
2779,Gambusia holbrooki,Ray-finned Fishes,Animalia,Chordata,Actinopterygii,Cyprinodontiformes,Poeciliidae,Gambusia
2780,Megalops atlanticus,Ray-finned Fishes,Animalia,Chordata,Actinopterygii,Elopiformes,Megalopidae,Megalops
2781,Esox lucius,Ray-finned Fishes,Animalia,Chordata,Actinopterygii,Esociformes,Esocidae,Esox
2782,Esox niger,Ray-finned Fishes,Animalia,Chordata,Actinopterygii,Esociformes,Esocidae,Esox
2783,Culaea inconstans,Ray-finned Fishes,Animalia,Chordata,Actinopterygii,Gasterosteiformes,Gasterosteidae,Culaea
2784,Gasterosteus aculeatus,Ray-finned Fishes,Animalia,Chordata,Actinopterygii,Gasterosteiformes,Gasterosteidae,Gasterosteus
2785,Gobiesox maeandricus,Ray-finned Fishes,Animalia,Chordata,Actinopterygii,Gobiesociformes,Gobiesocidae,Gobiesox
2786,Lepisosteus oculatus,Ray-finned Fishes,Animalia,Chordata,Actinopterygii,Lepisosteiformes,Lepisosteidae,Lepisosteus
2787,Lepisosteus osseus,Ray-finned Fishes,Animalia,Chordata,Actinopterygii,Lepisosteiformes,Lepisosteidae,Lepisosteus
2788,Lepisosteus platyrhincus,Ray-finned Fishes,Animalia,Chordata,Actinopterygii,Lepisosteiformes,Lepisosteidae,Lepisosteus
2789,Mugil cephalus,Ray-finned Fishes,Animalia,Chordata,Actinopterygii,Mugiliformes,Mugilidae,Mugil
2790,Acanthurus coeruleus,Ray-finned Fishes,Animalia,Chordata,Actinopterygii,Perciformes,Acanthuridae,Acanthurus
2791,Acanthurus nigrofuscus,Ray-finned Fishes,Animalia,Chordata,Actinopterygii,Perciformes,Acanthuridae,Acanthurus
2792,Acanthurus olivaceus,Ray-finned Fishes,Animalia,Chordata,Actinopterygii,Perciformes,Acanthuridae,Acanthurus
2793,Acanthurus triostegus,Ray-finned Fishes,Animalia,Chordata,Actinopterygii,Perciformes,Acanthuridae,Acanthurus
2794,Naso lituratus,Ray-finned Fishes,Animalia,Chordata,Actinopterygii,Perciformes,Acanthuridae,Naso
2795,Zebrasoma flavescens,Ray-finned Fishes,Animalia,Chordata,Actinopterygii,Perciformes,Acanthuridae,Zebrasoma
2796,Ostorhinchus limenus,Ray-finned Fishes,Animalia,Chordata,Actinopterygii,Perciformes,Apogonidae,Ostorhinchus
2797,Pseudocaranx georgianus,Ray-finned Fishes,Animalia,Chordata,Actinopterygii,Perciformes,Carangidae,Pseudocaranx
2798,Trachurus novaezelandiae,Ray-finned Fishes,Animalia,Chordata,Actinopterygii,Perciformes,Carangidae,Trachurus
2799,Ambloplites rupestris,Ray-finned Fishes,Animalia,Chordata,Actinopterygii,Perciformes,Centrarchidae,Ambloplites
2800,Lepomis auritus,Ray-finned Fishes,Animalia,Chordata,Actinopterygii,Perciformes,Centrarchidae,Lepomis
2801,Lepomis cyanellus,Ray-finned Fishes,Animalia,Chordata,Actinopterygii,Perciformes,Centrarchidae,Lepomis
2802,Lepomis gibbosus,Ray-finned Fishes,Animalia,Chordata,Actinopterygii,Perciformes,Centrarchidae,Lepomis
2803,Lepomis gulosus,Ray-finned Fishes,Animalia,Chordata,Actinopterygii,Perciformes,Centrarchidae,Lepomis
2804,Lepomis macrochirus,Ray-finned Fishes,Animalia,Chordata,Actinopterygii,Perciformes,Centrarchidae,Lepomis
2805,Lepomis megalotis,Ray-finned Fishes,Animalia,Chordata,Actinopterygii,Perciformes,Centrarchidae,Lepomis
2806,Lepomis microlophus,Ray-finned Fishes,Animalia,Chordata,Actinopterygii,Perciformes,Centrarchidae,Lepomis
2807,Micropterus dolomieu,Ray-finned Fishes,Animalia,Chordata,Actinopterygii,Perciformes,Centrarchidae,Micropterus
2808,Micropterus salmoides,Ray-finned Fishes,Animalia,Chordata,Actinopterygii,Perciformes,Centrarchidae,Micropterus
2809,Pomoxis annularis,Ray-finned Fishes,Animalia,Chordata,Actinopterygii,Perciformes,Centrarchidae,Pomoxis
2810,Pomoxis nigromaculatus,Ray-finned Fishes,Animalia,Chordata,Actinopterygii,Perciformes,Centrarchidae,Pomoxis
2811,Chaetodon auriga,Ray-finned Fishes,Animalia,Chordata,Actinopterygii,Perciformes,Chaetodontidae,Chaetodon
2812,Chaetodon capistratus,Ray-finned Fishes,Animalia,Chordata,Actinopterygii,Perciformes,Chaetodontidae,Chaetodon
2813,Cheilodactylus fuscus,Ray-finned Fishes,Animalia,Chordata,Actinopterygii,Perciformes,Cheilodactylidae,Cheilodactylus
2814,Cheilodactylus nigripes,Ray-finned Fishes,Animalia,Chordata,Actinopterygii,Perciformes,Cheilodactylidae,Cheilodactylus
2815,Cheilodactylus vestitus,Ray-finned Fishes,Animalia,Chordata,Actinopterygii,Perciformes,Cheilodactylidae,Cheilodactylus
2816,Herichthys cyanoguttatus,Ray-finned Fishes,Animalia,Chordata,Actinopterygii,Perciformes,Cichlidae,Herichthys
2817,Mayaheros urophthalmus,Ray-finned Fishes,Animalia,Chordata,Actinopterygii,Perciformes,Cichlidae,Mayaheros
2818,Oreochromis mossambicus,Ray-finned Fishes,Animalia,Chordata,Actinopterygii,Perciformes,Cichlidae,Oreochromis
2819,Oreochromis niloticus,Ray-finned Fishes,Animalia,Chordata,Actinopterygii,Perciformes,Cichlidae,Oreochromis
2820,Cirrhitichthys aprinus,Ray-finned Fishes,Animalia,Chordata,Actinopterygii,Perciformes,Cirrhitidae,Cirrhitichthys
2821,Dinolestes lewini,Ray-finned Fishes,Animalia,Chordata,Actinopterygii,Perciformes,Dinolestidae,Dinolestes
2822,Enoplosus armatus,Ray-finned Fishes,Animalia,Chordata,Actinopterygii,Perciformes,Enoplosidae,Enoplosus
2823,Girella nigricans,Ray-finned Fishes,Animalia,Chordata,Actinopterygii,Perciformes,Girellidae,Girella
2824,Girella tricuspidata,Ray-finned Fishes,Animalia,Chordata,Actinopterygii,Perciformes,Girellidae,Girella
2825,Girella zebra,Ray-finned Fishes,Animalia,Chordata,Actinopterygii,Perciformes,Girellidae,Girella
2826,Neogobius melanostomus,Ray-finned Fishes,Animalia,Chordata,Actinopterygii,Perciformes,Gobiidae,Neogobius
2827,Haemulon flavolineatum,Ray-finned Fishes,Animalia,Chordata,Actinopterygii,Perciformes,Haemulidae,Haemulon
2828,Haemulon sciurus,Ray-finned Fishes,Animalia,Chordata,Actinopterygii,Perciformes,Haemulidae,Haemulon
2829,Atypichthys strigatus,Ray-finned Fishes,Animalia,Chordata,Actinopterygii,Perciformes,Kyphosidae,Atypichthys
2830,Microcanthus strigatus,Ray-finned Fishes,Animalia,Chordata,Actinopterygii,Perciformes,Kyphosidae,Microcanthus
2831,Scorpis lineolata,Ray-finned Fishes,Animalia,Chordata,Actinopterygii,Perciformes,Kyphosidae,Scorpis
2832,Tilodon sexfasciatus,Ray-finned Fishes,Animalia,Chordata,Actinopterygii,Perciformes,Kyphosidae,Tilodon
2833,Achoerodus viridis,Ray-finned Fishes,Animalia,Chordata,Actinopterygii,Perciformes,Labridae,Achoerodus
2834,Bodianus diplotaenia,Ray-finned Fishes,Animalia,Chordata,Actinopterygii,Perciformes,Labridae,Bodianus
2835,Coris julis,Ray-finned Fishes,Animalia,Chordata,Actinopterygii,Perciformes,Labridae,Coris
2836,Eupetrichthys angustipes,Ray-finned Fishes,Animalia,Chordata,Actinopterygii,Perciformes,Labridae,Eupetrichthys
2837,Halichoeres bivittatus,Ray-finned Fishes,Animalia,Chordata,Actinopterygii,Perciformes,Labridae,Halichoeres
2838,Labroides dimidiatus,Ray-finned Fishes,Animalia,Chordata,Actinopterygii,Perciformes,Labridae,Labroides
2839,Notolabrus gymnogenis,Ray-finned Fishes,Animalia,Chordata,Actinopterygii,Perciformes,Labridae,Notolabrus
2840,Ophthalmolepis lineolata,Ray-finned Fishes,Animalia,Chordata,Actinopterygii,Perciformes,Labridae,Ophthalmolepis
2841,Pictilabrus laticlavius,Ray-finned Fishes,Animalia,Chordata,Actinopterygii,Perciformes,Labridae,Pictilabrus
2842,Pseudolabrus guentheri,Ray-finned Fishes,Animalia,Chordata,Actinopterygii,Perciformes,Labridae,Pseudolabrus
2843,Thalassoma bifasciatum,Ray-finned Fishes,Animalia,Chordata,Actinopterygii,Perciformes,Labridae,Thalassoma
2844,Thalassoma hardwicke,Ray-finned Fishes,Animalia,Chordata,Actinopterygii,Perciformes,Labridae,Thalassoma
2845,Thalassoma lucasanum,Ray-finned Fishes,Animalia,Chordata,Actinopterygii,Perciformes,Labridae,Thalassoma
2846,Thalassoma lunare,Ray-finned Fishes,Animalia,Chordata,Actinopterygii,Perciformes,Labridae,Thalassoma
2847,Thalassoma pavo,Ray-finned Fishes,Animalia,Chordata,Actinopterygii,Perciformes,Labridae,Thalassoma
2848,Lutjanus apodus,Ray-finned Fishes,Animalia,Chordata,Actinopterygii,Perciformes,Lutjanidae,Lutjanus
2849,Lutjanus griseus,Ray-finned Fishes,Animalia,Chordata,Actinopterygii,Perciformes,Lutjanidae,Lutjanus
2850,Ocyurus chrysurus,Ray-finned Fishes,Animalia,Chordata,Actinopterygii,Perciformes,Lutjanidae,Ocyurus
2851,Schuettea scalaripinnis,Ray-finned Fishes,Animalia,Chordata,Actinopterygii,Perciformes,Monodactylidae,Schuettea
2852,Morone americana,Ray-finned Fishes,Animalia,Chordata,Actinopterygii,Perciformes,Moronidae,Morone
2853,Morone saxatilis,Ray-finned Fishes,Animalia,Chordata,Actinopterygii,Perciformes,Moronidae,Morone
2854,Mullus surmuletus,Ray-finned Fishes,Animalia,Chordata,Actinopterygii,Perciformes,Mullidae,Mullus
2855,Parupeneus spilurus,Ray-finned Fishes,Animalia,Chordata,Actinopterygii,Perciformes,Mullidae,Parupeneus
2856,Upeneichthys lineatus,Ray-finned Fishes,Animalia,Chordata,Actinopterygii,Perciformes,Mullidae,Upeneichthys
2857,Etheostoma caeruleum,Ray-finned Fishes,Animalia,Chordata,Actinopterygii,Perciformes,Percidae,Etheostoma
2858,Perca flavescens,Ray-finned Fishes,Animalia,Chordata,Actinopterygii,Perciformes,Percidae,Perca
2859,Perca fluviatilis,Ray-finned Fishes,Animalia,Chordata,Actinopterygii,Perciformes,Percidae,Perca
2860,Sander vitreus,Ray-finned Fishes,Animalia,Chordata,Actinopterygii,Perciformes,Percidae,Sander
2861,Trachinops taeniatus,Ray-finned Fishes,Animalia,Chordata,Actinopterygii,Perciformes,Plesiopidae,Trachinops
2862,Pomacanthus paru,Ray-finned Fishes,Animalia,Chordata,Actinopterygii,Perciformes,Pomacanthidae,Pomacanthus
2863,Abudefduf saxatilis,Ray-finned Fishes,Animalia,Chordata,Actinopterygii,Perciformes,Pomacentridae,Abudefduf
2864,Abudefduf sexfasciatus,Ray-finned Fishes,Animalia,Chordata,Actinopterygii,Perciformes,Pomacentridae,Abudefduf
2865,Abudefduf troschelii,Ray-finned Fishes,Animalia,Chordata,Actinopterygii,Perciformes,Pomacentridae,Abudefduf
2866,Abudefduf vaigiensis,Ray-finned Fishes,Animalia,Chordata,Actinopterygii,Perciformes,Pomacentridae,Abudefduf
2867,Amphiprion clarkii,Ray-finned Fishes,Animalia,Chordata,Actinopterygii,Perciformes,Pomacentridae,Amphiprion
2868,Chromis chromis,Ray-finned Fishes,Animalia,Chordata,Actinopterygii,Perciformes,Pomacentridae,Chromis
2869,Dascyllus trimaculatus,Ray-finned Fishes,Animalia,Chordata,Actinopterygii,Perciformes,Pomacentridae,Dascyllus
2870,Hypsypops rubicundus,Ray-finned Fishes,Animalia,Chordata,Actinopterygii,Perciformes,Pomacentridae,Hypsypops
2871,Mecaenichthys immaculatus,Ray-finned Fishes,Animalia,Chordata,Actinopterygii,Perciformes,Pomacentridae,Mecaenichthys
2872,Microspathodon chrysurus,Ray-finned Fishes,Animalia,Chordata,Actinopterygii,Perciformes,Pomacentridae,Microspathodon
2873,Parma microlepis,Ray-finned Fishes,Animalia,Chordata,Actinopterygii,Perciformes,Pomacentridae,Parma
2874,Pomatomus saltatrix,Ray-finned Fishes,Animalia,Chordata,Actinopterygii,Perciformes,Pomatomidae,Pomatomus
2875,Scarus ghobban,Ray-finned Fishes,Animalia,Chordata,Actinopterygii,Perciformes,Scaridae,Scarus
2876,Sparisoma aurofrenatum,Ray-finned Fishes,Animalia,Chordata,Actinopterygii,Perciformes,Scaridae,Sparisoma
2877,Sparisoma viride,Ray-finned Fishes,Animalia,Chordata,Actinopterygii,Perciformes,Scaridae,Sparisoma
2878,Aplodinotus grunniens,Ray-finned Fishes,Animalia,Chordata,Actinopterygii,Perciformes,Sciaenidae,Aplodinotus
2879,Cynoscion nebulosus,Ray-finned Fishes,Animalia,Chordata,Actinopterygii,Perciformes,Sciaenidae,Cynoscion
2880,Micropogonias undulatus,Ray-finned Fishes,Animalia,Chordata,Actinopterygii,Perciformes,Sciaenidae,Micropogonias
2881,Pogonias cromis,Ray-finned Fishes,Animalia,Chordata,Actinopterygii,Perciformes,Sciaenidae,Pogonias
2882,Sciaenops ocellatus,Ray-finned Fishes,Animalia,Chordata,Actinopterygii,Perciformes,Sciaenidae,Sciaenops
2883,Hypoplectrodes maccullochi,Ray-finned Fishes,Animalia,Chordata,Actinopterygii,Perciformes,Serranidae,Hypoplectrodes
2884,Paralabrax clathratus,Ray-finned Fishes,Animalia,Chordata,Actinopterygii,Perciformes,Serranidae,Paralabrax
2885,Serranus scriba,Ray-finned Fishes,Animalia,Chordata,Actinopterygii,Perciformes,Serranidae,Serranus
2886,Acanthopagrus australis,Ray-finned Fishes,Animalia,Chordata,Actinopterygii,Perciformes,Sparidae,Acanthopagrus
2887,Archosargus probatocephalus,Ray-finned Fishes,Animalia,Chordata,Actinopterygii,Perciformes,Sparidae,Archosargus
2888,Chrysophrys auratus,Ray-finned Fishes,Animalia,Chordata,Actinopterygii,Perciformes,Sparidae,Chrysophrys
2889,Diplodus sargus,Ray-finned Fishes,Animalia,Chordata,Actinopterygii,Perciformes,Sparidae,Diplodus
2890,Diplodus vulgaris,Ray-finned Fishes,Animalia,Chordata,Actinopterygii,Perciformes,Sparidae,Diplodus
2891,Lagodon rhomboides,Ray-finned Fishes,Animalia,Chordata,Actinopterygii,Perciformes,Sparidae,Lagodon
2892,Oblada melanura,Ray-finned Fishes,Animalia,Chordata,Actinopterygii,Perciformes,Sparidae,Oblada
2893,Sarpa salpa,Ray-finned Fishes,Animalia,Chordata,Actinopterygii,Perciformes,Sparidae,Sarpa
2894,Sphyraena barracuda,Ray-finned Fishes,Animalia,Chordata,Actinopterygii,Perciformes,Sphyraenidae,Sphyraena
2895,Enneapterygius atrogulare,Ray-finned Fishes,Animalia,Chordata,Actinopterygii,Perciformes,Tripterygiidae,Enneapterygius
2896,Forsterygion lapillum,Ray-finned Fishes,Animalia,Chordata,Actinopterygii,Perciformes,Tripterygiidae,Forsterygion
2897,Zanclus cornutus,Ray-finned Fishes,Animalia,Chordata,Actinopterygii,Perciformes,Zanclidae,Zanclus
2898,Oncorhynchus clarkii,Ray-finned Fishes,Animalia,Chordata,Actinopterygii,Salmoniformes,Salmonidae,Oncorhynchus
2899,Oncorhynchus kisutch,Ray-finned Fishes,Animalia,Chordata,Actinopterygii,Salmoniformes,Salmonidae,Oncorhynchus
2900,Oncorhynchus mykiss,Ray-finned Fishes,Animalia,Chordata,Actinopterygii,Salmoniformes,Salmonidae,Oncorhynchus
2901,Oncorhynchus nerka,Ray-finned Fishes,Animalia,Chordata,Actinopterygii,Salmoniformes,Salmonidae,Oncorhynchus
2902,Oncorhynchus tshawytscha,Ray-finned Fishes,Animalia,Chordata,Actinopterygii,Salmoniformes,Salmonidae,Oncorhynchus
2903,Salmo trutta,Ray-finned Fishes,Animalia,Chordata,Actinopterygii,Salmoniformes,Salmonidae,Salmo
2904,Salvelinus fontinalis,Ray-finned Fishes,Animalia,Chordata,Actinopterygii,Salmoniformes,Salmonidae,Salvelinus
2905,Oligocottus maculosus,Ray-finned Fishes,Animalia,Chordata,Actinopterygii,Scorpaeniformes,Cottidae,Oligocottus
2906,Platycephalus fuscus,Ray-finned Fishes,Animalia,Chordata,Actinopterygii,Scorpaeniformes,Platycephalidae,Platycephalus
2907,Pterois volitans,Ray-finned Fishes,Animalia,Chordata,Actinopterygii,Scorpaeniformes,Scorpaenidae,Pterois
2908,Scorpaena jacksoniensis,Ray-finned Fishes,Animalia,Chordata,Actinopterygii,Scorpaeniformes,Scorpaenidae,Scorpaena
2909,Ariopsis felis,Ray-finned Fishes,Animalia,Chordata,Actinopterygii,Siluriformes,Ariidae,Ariopsis
2910,Ameiurus melas,Ray-finned Fishes,Animalia,Chordata,Actinopterygii,Siluriformes,Ictaluridae,Ameiurus
2911,Ameiurus natalis,Ray-finned Fishes,Animalia,Chordata,Actinopterygii,Siluriformes,Ictaluridae,Ameiurus
2912,Ameiurus nebulosus,Ray-finned Fishes,Animalia,Chordata,Actinopterygii,Siluriformes,Ictaluridae,Ameiurus
2913,Ictalurus punctatus,Ray-finned Fishes,Animalia,Chordata,Actinopterygii,Siluriformes,Ictaluridae,Ictalurus
2914,Plotosus lineatus,Ray-finned Fishes,Animalia,Chordata,Actinopterygii,Siluriformes,Plotosidae,Plotosus
2915,Aulostomus chinensis,Ray-finned Fishes,Animalia,Chordata,Actinopterygii,Syngnathiformes,Aulostomidae,Aulostomus
2916,Aulostomus maculatus,Ray-finned Fishes,Animalia,Chordata,Actinopterygii,Syngnathiformes,Aulostomidae,Aulostomus
2917,Fistularia commersonii,Ray-finned Fishes,Animalia,Chordata,Actinopterygii,Syngnathiformes,Fistulariidae,Fistularia
2918,Hippocampus abdominalis,Ray-finned Fishes,Animalia,Chordata,Actinopterygii,Syngnathiformes,Syngnathidae,Hippocampus
2919,Hippocampus histrix,Ray-finned Fishes,Animalia,Chordata,Actinopterygii,Syngnathiformes,Syngnathidae,Hippocampus
2920,Hippocampus whitei,Ray-finned Fishes,Animalia,Chordata,Actinopterygii,Syngnathiformes,Syngnathidae,Hippocampus
2921,Phycodurus eques,Ray-finned Fishes,Animalia,Chordata,Actinopterygii,Syngnathiformes,Syngnathidae,Phycodurus
2922,Phyllopteryx taeniolatus,Ray-finned Fishes,Animalia,Chordata,Actinopterygii,Syngnathiformes,Syngnathidae,Phyllopteryx
2923,Anoplocapros inermis,Ray-finned Fishes,Animalia,Chordata,Actinopterygii,Tetraodontiformes,Aracanidae,Anoplocapros
2924,Chilomycterus schoepfii,Ray-finned Fishes,Animalia,Chordata,Actinopterygii,Tetraodontiformes,Diodontidae,Chilomycterus
2925,Dicotylichthys punctulatus,Ray-finned Fishes,Animalia,Chordata,Actinopterygii,Tetraodontiformes,Diodontidae,Dicotylichthys
2926,Diodon holocanthus,Ray-finned Fishes,Animalia,Chordata,Actinopterygii,Tetraodontiformes,Diodontidae,Diodon
2927,Diodon hystrix,Ray-finned Fishes,Animalia,Chordata,Actinopterygii,Tetraodontiformes,Diodontidae,Diodon
2928,Mola mola,Ray-finned Fishes,Animalia,Chordata,Actinopterygii,Tetraodontiformes,Molidae,Mola
2929,Brachaluteres jacksonianus,Ray-finned Fishes,Animalia,Chordata,Actinopterygii,Tetraodontiformes,Monacanthidae,Brachaluteres
2930,Meuschenia freycineti,Ray-finned Fishes,Animalia,Chordata,Actinopterygii,Tetraodontiformes,Monacanthidae,Meuschenia
2931,Meuschenia trachylepis,Ray-finned Fishes,Animalia,Chordata,Actinopterygii,Tetraodontiformes,Monacanthidae,Meuschenia
2932,Monacanthus chinensis,Ray-finned Fishes,Animalia,Chordata,Actinopterygii,Tetraodontiformes,Monacanthidae,Monacanthus
2933,Lactophrys triqueter,Ray-finned Fishes,Animalia,Chordata,Actinopterygii,Tetraodontiformes,Ostraciidae,Lactophrys
2934,Ostracion cubicus,Ray-finned Fishes,Animalia,Chordata,Actinopterygii,Tetraodontiformes,Ostraciidae,Ostracion
2935,Ostracion meleagris,Ray-finned Fishes,Animalia,Chordata,Actinopterygii,Tetraodontiformes,Ostraciidae,Ostracion
2936,Arothron hispidus,Ray-finned Fishes,Animalia,Chordata,Actinopterygii,Tetraodontiformes,Tetraodontidae,Arothron
2937,Arothron meleagris,Ray-finned Fishes,Animalia,Chordata,Actinopterygii,Tetraodontiformes,Tetraodontidae,Arothron
2938,Tetractenos glaber,Ray-finned Fishes,Animalia,Chordata,Actinopterygii,Tetraodontiformes,Tetraodontidae,Tetractenos
2939,Ascaphus truei,Amphibians,Animalia,Chordata,Amphibia,Anura,Ascaphidae,Ascaphus
2940,Bombina orientalis,Amphibians,Animalia,Chordata,Amphibia,Anura,Bombinatoridae,Bombina
2941,Bombina variegata,Amphibians,Animalia,Chordata,Amphibia,Anura,Bombinatoridae,Bombina
2942,Anaxyrus americanus,Amphibians,Animalia,Chordata,Amphibia,Anura,Bufonidae,Anaxyrus
2943,Anaxyrus boreas,Amphibians,Animalia,Chordata,Amphibia,Anura,Bufonidae,Anaxyrus
2944,Anaxyrus cognatus,Amphibians,Animalia,Chordata,Amphibia,Anura,Bufonidae,Anaxyrus
2945,Anaxyrus fowleri,Amphibians,Animalia,Chordata,Amphibia,Anura,Bufonidae,Anaxyrus
2946,Anaxyrus punctatus,Amphibians,Animalia,Chordata,Amphibia,Anura,Bufonidae,Anaxyrus
2947,Anaxyrus quercicus,Amphibians,Animalia,Chordata,Amphibia,Anura,Bufonidae,Anaxyrus
2948,Anaxyrus speciosus,Amphibians,Animalia,Chordata,Amphibia,Anura,Bufonidae,Anaxyrus
2949,Anaxyrus terrestris,Amphibians,Animalia,Chordata,Amphibia,Anura,Bufonidae,Anaxyrus
2950,Anaxyrus woodhousii,Amphibians,Animalia,Chordata,Amphibia,Anura,Bufonidae,Anaxyrus
2951,Bufo bankorensis,Amphibians,Animalia,Chordata,Amphibia,Anura,Bufonidae,Bufo
2952,Bufo bufo,Amphibians,Animalia,Chordata,Amphibia,Anura,Bufonidae,Bufo
2953,Bufo gargarizans,Amphibians,Animalia,Chordata,Amphibia,Anura,Bufonidae,Bufo
2954,Bufo spinosus,Amphibians,Animalia,Chordata,Amphibia,Anura,Bufonidae,Bufo
2955,Bufotes balearicus,Amphibians,Animalia,Chordata,Amphibia,Anura,Bufonidae,Bufotes
2956,Bufotes sitibundus,Amphibians,Animalia,Chordata,Amphibia,Anura,Bufonidae,Bufotes
2957,Bufotes viridis,Amphibians,Animalia,Chordata,Amphibia,Anura,Bufonidae,Bufotes
2958,Duttaphrynus melanostictus,Amphibians,Animalia,Chordata,Amphibia,Anura,Bufonidae,Duttaphrynus
2959,Epidalea calamita,Amphibians,Animalia,Chordata,Amphibia,Anura,Bufonidae,Epidalea
2960,Incilius alvarius,Amphibians,Animalia,Chordata,Amphibia,Anura,Bufonidae,Incilius
2961,Incilius nebulifer,Amphibians,Animalia,Chordata,Amphibia,Anura,Bufonidae,Incilius
2962,Incilius valliceps,Amphibians,Animalia,Chordata,Amphibia,Anura,Bufonidae,Incilius
2963,Phrynoidis asper,Amphibians,Animalia,Chordata,Amphibia,Anura,Bufonidae,Phrynoidis
2964,Rhaebo haematiticus,Amphibians,Animalia,Chordata,Amphibia,Anura,Bufonidae,Rhaebo
2965,Rhinella arenarum,Amphibians,Animalia,Chordata,Amphibia,Anura,Bufonidae,Rhinella
2966,Rhinella diptycha,Amphibians,Animalia,Chordata,Amphibia,Anura,Bufonidae,Rhinella
2967,Rhinella horribilis,Amphibians,Animalia,Chordata,Amphibia,Anura,Bufonidae,Rhinella
2968,Rhinella margaritifera,Amphibians,Animalia,Chordata,Amphibia,Anura,Bufonidae,Rhinella
2969,Rhinella marina,Amphibians,Animalia,Chordata,Amphibia,Anura,Bufonidae,Rhinella
2970,Sclerophrys capensis,Amphibians,Animalia,Chordata,Amphibia,Anura,Bufonidae,Sclerophrys
2971,Sclerophrys gutturalis,Amphibians,Animalia,Chordata,Amphibia,Anura,Bufonidae,Sclerophrys
2972,Sclerophrys pantherina,Amphibians,Animalia,Chordata,Amphibia,Anura,Bufonidae,Sclerophrys
2973,Pristimantis achatinus,Amphibians,Animalia,Chordata,Amphibia,Anura,Craugastoridae,Pristimantis
2974,Dendrobates auratus,Amphibians,Animalia,Chordata,Amphibia,Anura,Dendrobatidae,Dendrobates
2975,Oophaga pumilio,Amphibians,Animalia,Chordata,Amphibia,Anura,Dendrobatidae,Oophaga
2976,Fejervarya limnocharis,Amphibians,Animalia,Chordata,Amphibia,Anura,Dicroglossidae,Fejervarya
2977,Eleutherodactylus cystignathoides,Amphibians,Animalia,Chordata,Amphibia,Anura,Eleutherodactylidae,Eleutherodactylus
2978,Eleutherodactylus planirostris,Amphibians,Animalia,Chordata,Amphibia,Anura,Eleutherodactylidae,Eleutherodactylus
2979,Acris blanchardi,Amphibians,Animalia,Chordata,Amphibia,Anura,Hylidae,Acris
2980,Acris crepitans,Amphibians,Animalia,Chordata,Amphibia,Anura,Hylidae,Acris
2981,Acris gryllus,Amphibians,Animalia,Chordata,Amphibia,Anura,Hylidae,Acris
2982,Boana rosenbergi,Amphibians,Animalia,Chordata,Amphibia,Anura,Hylidae,Boana
2983,Hyla arborea,Amphibians,Animalia,Chordata,Amphibia,Anura,Hylidae,Hyla
2984,Hyla arenicolor,Amphibians,Animalia,Chordata,Amphibia,Anura,Hylidae,Hyla
2985,Hyla chrysoscelis,Amphibians,Animalia,Chordata,Amphibia,Anura,Hylidae,Hyla
2986,Hyla cinerea,Amphibians,Animalia,Chordata,Amphibia,Anura,Hylidae,Hyla
2987,Hyla eximia,Amphibians,Animalia,Chordata,Amphibia,Anura,Hylidae,Hyla
2988,Hyla femoralis,Amphibians,Animalia,Chordata,Amphibia,Anura,Hylidae,Hyla
2989,Hyla gratiosa,Amphibians,Animalia,Chordata,Amphibia,Anura,Hylidae,Hyla
2990,Hyla intermedia,Amphibians,Animalia,Chordata,Amphibia,Anura,Hylidae,Hyla
2991,Hyla japonica,Amphibians,Animalia,Chordata,Amphibia,Anura,Hylidae,Hyla
2992,Hyla meridionalis,Amphibians,Animalia,Chordata,Amphibia,Anura,Hylidae,Hyla
2993,Hyla squirella,Amphibians,Animalia,Chordata,Amphibia,Anura,Hylidae,Hyla
2994,Hyla versicolor,Amphibians,Animalia,Chordata,Amphibia,Anura,Hylidae,Hyla
2995,Osteopilus septentrionalis,Amphibians,Animalia,Chordata,Amphibia,Anura,Hylidae,Osteopilus
2996,Pseudacris cadaverina,Amphibians,Animalia,Chordata,Amphibia,Anura,Hylidae,Pseudacris
2997,Pseudacris crucifer,Amphibians,Animalia,Chordata,Amphibia,Anura,Hylidae,Pseudacris
2998,Pseudacris hypochondriaca,Amphibians,Animalia,Chordata,Amphibia,Anura,Hylidae,Pseudacris
2999,Pseudacris maculata,Amphibians,Animalia,Chordata,Amphibia,Anura,Hylidae,Pseudacris
3000,Pseudacris regilla,Amphibians,Animalia,Chordata,Amphibia,Anura,Hylidae,Pseudacris
3001,Pseudacris sierra,Amphibians,Animalia,Chordata,Amphibia,Anura,Hylidae,Pseudacris
3002,Scinax ruber,Amphibians,Animalia,Chordata,Amphibia,Anura,Hylidae,Scinax
3003,Smilisca baudinii,Amphibians,Animalia,Chordata,Amphibia,Anura,Hylidae,Smilisca
3004,Smilisca phaeota,Amphibians,Animalia,Chordata,Amphibia,Anura,Hylidae,Smilisca
3005,Trachycephalus typhonius,Amphibians,Animalia,Chordata,Amphibia,Anura,Hylidae,Trachycephalus
3006,Hyperolius marmoratus,Amphibians,Animalia,Chordata,Amphibia,Anura,Hyperoliidae,Hyperolius
3007,Engystomops pustulosus,Amphibians,Animalia,Chordata,Amphibia,Anura,Leptodactylidae,Engystomops
3008,Leptodactylus savagei,Amphibians,Animalia,Chordata,Amphibia,Anura,Leptodactylidae,Leptodactylus
3009,Gastrophryne carolinensis,Amphibians,Animalia,Chordata,Amphibia,Anura,Microhylidae,Gastrophryne
3010,Gastrophryne olivacea,Amphibians,Animalia,Chordata,Amphibia,Anura,Microhylidae,Gastrophryne
3011,Kaloula pulchra,Amphibians,Animalia,Chordata,Amphibia,Anura,Microhylidae,Kaloula
3012,Microhyla fissipes,Amphibians,Animalia,Chordata,Amphibia,Anura,Microhylidae,Microhyla
3013,Litoria ewingii,Amphibians,Animalia,Chordata,Amphibia,Anura,Pelodryadidae,Litoria
3014,Litoria fallax,Amphibians,Animalia,Chordata,Amphibia,Anura,Pelodryadidae,Litoria
3015,Litoria peronii,Amphibians,Animalia,Chordata,Amphibia,Anura,Pelodryadidae,Litoria
3016,Ranoidea caerulea,Amphibians,Animalia,Chordata,Amphibia,Anura,Pelodryadidae,Ranoidea
3017,Ranoidea moorei,Amphibians,Animalia,Chordata,Amphibia,Anura,Pelodryadidae,Ranoidea
3018,Agalychnis callidryas,Amphibians,Animalia,Chordata,Amphibia,Anura,Phyllomedusidae,Agalychnis
3019,Agalychnis dacnicolor,Amphibians,Animalia,Chordata,Amphibia,Anura,Phyllomedusidae,Agalychnis
3020,Xenopus laevis,Amphibians,Animalia,Chordata,Amphibia,Anura,Pipidae,Xenopus
3021,Amietia fuscigula,Amphibians,Animalia,Chordata,Amphibia,Anura,Pyxicephalidae,Amietia
3022,Strongylopus grayii,Amphibians,Animalia,Chordata,Amphibia,Anura,Pyxicephalidae,Strongylopus
3023,Chalcorana chalconota,Amphibians,Animalia,Chordata,Amphibia,Anura,Ranidae,Chalcorana
3024,Hylarana latouchii,Amphibians,Animalia,Chordata,Amphibia,Anura,Ranidae,Hylarana
3025,Lithobates berlandieri,Amphibians,Animalia,Chordata,Amphibia,Anura,Ranidae,Lithobates
3026,Lithobates blairi,Amphibians,Animalia,Chordata,Amphibia,Anura,Ranidae,Lithobates
3027,Lithobates catesbeianus,Amphibians,Animalia,Chordata,Amphibia,Anura,Ranidae,Lithobates
3028,Lithobates clamitans,Amphibians,Animalia,Chordata,Amphibia,Anura,Ranidae,Lithobates
3029,Lithobates grylio,Amphibians,Animalia,Chordata,Amphibia,Anura,Ranidae,Lithobates
3030,Lithobates palustris,Amphibians,Animalia,Chordata,Amphibia,Anura,Ranidae,Lithobates
3031,Lithobates pipiens,Amphibians,Animalia,Chordata,Amphibia,Anura,Ranidae,Lithobates
3032,Lithobates septentrionalis,Amphibians,Animalia,Chordata,Amphibia,Anura,Ranidae,Lithobates
3033,Lithobates sphenocephalus,Amphibians,Animalia,Chordata,Amphibia,Anura,Ranidae,Lithobates
3034,Lithobates sylvaticus,Amphibians,Animalia,Chordata,Amphibia,Anura,Ranidae,Lithobates
3035,Odorrana swinhoana,Amphibians,Animalia,Chordata,Amphibia,Anura,Ranidae,Odorrana
3036,Pelophylax nigromaculatus,Amphibians,Animalia,Chordata,Amphibia,Anura,Ranidae,Pelophylax
3037,Pelophylax perezi,Amphibians,Animalia,Chordata,Amphibia,Anura,Ranidae,Pelophylax
3038,Pelophylax ridibundus,Amphibians,Animalia,Chordata,Amphibia,Anura,Ranidae,Pelophylax
3039,Rana arvalis,Amphibians,Animalia,Chordata,Amphibia,Anura,Ranidae,Rana
3040,Rana aurora,Amphibians,Animalia,Chordata,Amphibia,Anura,Ranidae,Rana
3041,Rana boylii,Amphibians,Animalia,Chordata,Amphibia,Anura,Ranidae,Rana
3042,Rana cascadae,Amphibians,Animalia,Chordata,Amphibia,Anura,Ranidae,Rana
3043,Rana dalmatina,Amphibians,Animalia,Chordata,Amphibia,Anura,Ranidae,Rana
3044,Rana draytonii,Amphibians,Animalia,Chordata,Amphibia,Anura,Ranidae,Rana
3045,Rana italica,Amphibians,Animalia,Chordata,Amphibia,Anura,Ranidae,Rana
3046,Rana latastei,Amphibians,Animalia,Chordata,Amphibia,Anura,Ranidae,Rana
3047,Rana luteiventris,Amphibians,Animalia,Chordata,Amphibia,Anura,Ranidae,Rana
3048,Rana temporaria,Amphibians,Animalia,Chordata,Amphibia,Anura,Ranidae,Rana
3049,Sylvirana guentheri,Amphibians,Animalia,Chordata,Amphibia,Anura,Ranidae,Sylvirana
3050,Buergeria robusta,Amphibians,Animalia,Chordata,Amphibia,Anura,Rhacophoridae,Buergeria
3051,Kurixalus idiootocus,Amphibians,Animalia,Chordata,Amphibia,Anura,Rhacophoridae,Kurixalus
3052,Polypedates leucomystax,Amphibians,Animalia,Chordata,Amphibia,Anura,Rhacophoridae,Polypedates
3053,Polypedates megacephalus,Amphibians,Animalia,Chordata,Amphibia,Anura,Rhacophoridae,Polypedates
3054,Scaphiopus couchii,Amphibians,Animalia,Chordata,Amphibia,Anura,Scaphiopodidae,Scaphiopus
3055,Scaphiopus holbrookii,Amphibians,Animalia,Chordata,Amphibia,Anura,Scaphiopodidae,Scaphiopus
3056,Spea hammondii,Amphibians,Animalia,Chordata,Amphibia,Anura,Scaphiopodidae,Spea
3057,Spea multiplicata,Amphibians,Animalia,Chordata,Amphibia,Anura,Scaphiopodidae,Spea
3058,Ambystoma gracile,Amphibians,Animalia,Chordata,Amphibia,Caudata,Ambystomatidae,Ambystoma
3059,Ambystoma jeffersonianum,Amphibians,Animalia,Chordata,Amphibia,Caudata,Ambystomatidae,Ambystoma
3060,Ambystoma laterale,Amphibians,Animalia,Chordata,Amphibia,Caudata,Ambystomatidae,Ambystoma
3061,Ambystoma macrodactylum,Amphibians,Animalia,Chordata,Amphibia,Caudata,Ambystomatidae,Ambystoma
3062,Ambystoma maculatum,Amphibians,Animalia,Chordata,Amphibia,Caudata,Ambystomatidae,Ambystoma
3063,Ambystoma mavortium,Amphibians,Animalia,Chordata,Amphibia,Caudata,Ambystomatidae,Ambystoma
3064,Ambystoma opacum,Amphibians,Animalia,Chordata,Amphibia,Caudata,Ambystomatidae,Ambystoma
3065,Ambystoma texanum,Amphibians,Animalia,Chordata,Amphibia,Caudata,Ambystomatidae,Ambystoma
3066,Ambystoma tigrinum,Amphibians,Animalia,Chordata,Amphibia,Caudata,Ambystomatidae,Ambystoma
3067,Dicamptodon ensatus,Amphibians,Animalia,Chordata,Amphibia,Caudata,Ambystomatidae,Dicamptodon
3068,Dicamptodon tenebrosus,Amphibians,Animalia,Chordata,Amphibia,Caudata,Ambystomatidae,Dicamptodon
3069,Hynobius leechii,Amphibians,Animalia,Chordata,Amphibia,Caudata,Hynobiidae,Hynobius
3070,Aneides aeneus,Amphibians,Animalia,Chordata,Amphibia,Caudata,Plethodontidae,Aneides
3071,Aneides flavipunctatus,Amphibians,Animalia,Chordata,Amphibia,Caudata,Plethodontidae,Aneides
3072,Aneides lugubris,Amphibians,Animalia,Chordata,Amphibia,Caudata,Plethodontidae,Aneides
3073,Batrachoseps attenuatus,Amphibians,Animalia,Chordata,Amphibia,Caudata,Plethodontidae,Batrachoseps
3074,Batrachoseps major,Amphibians,Animalia,Chordata,Amphibia,Caudata,Plethodontidae,Batrachoseps
3075,Batrachoseps nigriventris,Amphibians,Animalia,Chordata,Amphibia,Caudata,Plethodontidae,Batrachoseps
3076,Desmognathus conanti,Amphibians,Animalia,Chordata,Amphibia,Caudata,Plethodontidae,Desmognathus
3077,Desmognathus fuscus,Amphibians,Animalia,Chordata,Amphibia,Caudata,Plethodontidae,Desmognathus
3078,Desmognathus monticola,Amphibians,Animalia,Chordata,Amphibia,Caudata,Plethodontidae,Desmognathus
3079,Desmognathus ochrophaeus,Amphibians,Animalia,Chordata,Amphibia,Caudata,Plethodontidae,Desmognathus
3080,Desmognathus quadramaculatus,Amphibians,Animalia,Chordata,Amphibia,Caudata,Plethodontidae,Desmognathus
3081,Ensatina eschscholtzii,Amphibians,Animalia,Chordata,Amphibia,Caudata,Plethodontidae,Ensatina
3082,Eurycea bislineata,Amphibians,Animalia,Chordata,Amphibia,Caudata,Plethodontidae,Eurycea
3083,Eurycea cirrigera,Amphibians,Animalia,Chordata,Amphibia,Caudata,Plethodontidae,Eurycea
3084,Eurycea longicauda,Amphibians,Animalia,Chordata,Amphibia,Caudata,Plethodontidae,Eurycea
3085,Eurycea lucifuga,Amphibians,Animalia,Chordata,Amphibia,Caudata,Plethodontidae,Eurycea
3086,Eurycea wilderae,Amphibians,Animalia,Chordata,Amphibia,Caudata,Plethodontidae,Eurycea
3087,Gyrinophilus porphyriticus,Amphibians,Animalia,Chordata,Amphibia,Caudata,Plethodontidae,Gyrinophilus
3088,Hemidactylium scutatum,Amphibians,Animalia,Chordata,Amphibia,Caudata,Plethodontidae,Hemidactylium
3089,Plethodon albagula,Amphibians,Animalia,Chordata,Amphibia,Caudata,Plethodontidae,Plethodon
3090,Plethodon cinereus,Amphibians,Animalia,Chordata,Amphibia,Caudata,Plethodontidae,Plethodon
3091,Plethodon cylindraceus,Amphibians,Animalia,Chordata,Amphibia,Caudata,Plethodontidae,Plethodon
3092,Plethodon dorsalis,Amphibians,Animalia,Chordata,Amphibia,Caudata,Plethodontidae,Plethodon
3093,Plethodon glutinosus,Amphibians,Animalia,Chordata,Amphibia,Caudata,Plethodontidae,Plethodon
3094,Plethodon serratus,Amphibians,Animalia,Chordata,Amphibia,Caudata,Plethodontidae,Plethodon
3095,Plethodon vehiculum,Amphibians,Animalia,Chordata,Amphibia,Caudata,Plethodontidae,Plethodon
3096,Pseudotriton ruber,Amphibians,Animalia,Chordata,Amphibia,Caudata,Plethodontidae,Pseudotriton
3097,Ichthyosaura alpestris,Amphibians,Animalia,Chordata,Amphibia,Caudata,Salamandridae,Ichthyosaura
3098,Lissotriton vulgaris,Amphibians,Animalia,Chordata,Amphibia,Caudata,Salamandridae,Lissotriton
3099,Notophthalmus viridescens,Amphibians,Animalia,Chordata,Amphibia,Caudata,Salamandridae,Notophthalmus
3100,Salamandra atra,Amphibians,Animalia,Chordata,Amphibia,Caudata,Salamandridae,Salamandra
3101,Salamandra lanzai,Amphibians,Animalia,Chordata,Amphibia,Caudata,Salamandridae,Salamandra
3102,Salamandra salamandra,Amphibians,Animalia,Chordata,Amphibia,Caudata,Salamandridae,Salamandra
3103,Salamandrina perspicillata,Amphibians,Animalia,Chordata,Amphibia,Caudata,Salamandridae,Salamandrina
3104,Taricha granulosa,Amphibians,Animalia,Chordata,Amphibia,Caudata,Salamandridae,Taricha
3105,Taricha sierrae,Amphibians,Animalia,Chordata,Amphibia,Caudata,Salamandridae,Taricha
3106,Taricha torosa,Amphibians,Animalia,Chordata,Amphibia,Caudata,Salamandridae,Taricha
3107,Triturus carnifex,Amphibians,Animalia,Chordata,Amphibia,Caudata,Salamandridae,Triturus
3108,Triturus cristatus,Amphibians,Animalia,Chordata,Amphibia,Caudata,Salamandridae,Triturus
3109,Botrylloides violaceus,Animalia,Animalia,Chordata,Ascidiacea,Stolidobranchia,Styelidae,Botrylloides
3110,Botryllus schlosseri,Animalia,Animalia,Chordata,Ascidiacea,Stolidobranchia,Styelidae,Botryllus
3111,Accipiter badius,Birds,Animalia,Chordata,Aves,Accipitriformes,Accipitridae,Accipiter
3112,Accipiter cooperii,Birds,Animalia,Chordata,Aves,Accipitriformes,Accipitridae,Accipiter
3113,Accipiter gentilis,Birds,Animalia,Chordata,Aves,Accipitriformes,Accipitridae,Accipiter
3114,Accipiter nisus,Birds,Animalia,Chordata,Aves,Accipitriformes,Accipitridae,Accipiter
3115,Accipiter striatus,Birds,Animalia,Chordata,Aves,Accipitriformes,Accipitridae,Accipiter
3116,Accipiter trivirgatus,Birds,Animalia,Chordata,Aves,Accipitriformes,Accipitridae,Accipiter
3117,Aegypius monachus,Birds,Animalia,Chordata,Aves,Accipitriformes,Accipitridae,Aegypius
3118,Aquila audax,Birds,Animalia,Chordata,Aves,Accipitriformes,Accipitridae,Aquila
3119,Aquila chrysaetos,Birds,Animalia,Chordata,Aves,Accipitriformes,Accipitridae,Aquila
3120,Aquila heliaca,Birds,Animalia,Chordata,Aves,Accipitriformes,Accipitridae,Aquila
3121,Aquila nipalensis,Birds,Animalia,Chordata,Aves,Accipitriformes,Accipitridae,Aquila
3122,Aquila rapax,Birds,Animalia,Chordata,Aves,Accipitriformes,Accipitridae,Aquila
3123,Busarellus nigricollis,Birds,Animalia,Chordata,Aves,Accipitriformes,Accipitridae,Busarellus
3124,Buteo albonotatus,Birds,Animalia,Chordata,Aves,Accipitriformes,Accipitridae,Buteo
3125,Buteo brachyurus,Birds,Animalia,Chordata,Aves,Accipitriformes,Accipitridae,Buteo
3126,Buteo buteo,Birds,Animalia,Chordata,Aves,Accipitriformes,Accipitridae,Buteo
3127,Buteo jamaicensis,Birds,Animalia,Chordata,Aves,Accipitriformes,Accipitridae,Buteo
3128,Buteo lagopus,Birds,Animalia,Chordata,Aves,Accipitriformes,Accipitridae,Buteo
3129,Buteo lineatus,Birds,Animalia,Chordata,Aves,Accipitriformes,Accipitridae,Buteo
3130,Buteo plagiatus,Birds,Animalia,Chordata,Aves,Accipitriformes,Accipitridae,Buteo
3131,Buteo platypterus,Birds,Animalia,Chordata,Aves,Accipitriformes,Accipitridae,Buteo
3132,Buteo regalis,Birds,Animalia,Chordata,Aves,Accipitriformes,Accipitridae,Buteo
3133,Buteo rufinus,Birds,Animalia,Chordata,Aves,Accipitriformes,Accipitridae,Buteo
3134,Buteo rufofuscus,Birds,Animalia,Chordata,Aves,Accipitriformes,Accipitridae,Buteo
3135,Buteo swainsoni,Birds,Animalia,Chordata,Aves,Accipitriformes,Accipitridae,Buteo
3136,Buteogallus anthracinus,Birds,Animalia,Chordata,Aves,Accipitriformes,Accipitridae,Buteogallus
3137,Buteogallus meridionalis,Birds,Animalia,Chordata,Aves,Accipitriformes,Accipitridae,Buteogallus
3138,Buteogallus urubitinga,Birds,Animalia,Chordata,Aves,Accipitriformes,Accipitridae,Buteogallus
3139,Chondrohierax uncinatus,Birds,Animalia,Chordata,Aves,Accipitriformes,Accipitridae,Chondrohierax
3140,Circaetus cinereus,Birds,Animalia,Chordata,Aves,Accipitriformes,Accipitridae,Circaetus
3141,Circaetus gallicus,Birds,Animalia,Chordata,Aves,Accipitriformes,Accipitridae,Circaetus
3142,Circus aeruginosus,Birds,Animalia,Chordata,Aves,Accipitriformes,Accipitridae,Circus
3143,Circus approximans,Birds,Animalia,Chordata,Aves,Accipitriformes,Accipitridae,Circus
3144,Circus cyaneus,Birds,Animalia,Chordata,Aves,Accipitriformes,Accipitridae,Circus
3145,Circus hudsonius,Birds,Animalia,Chordata,Aves,Accipitriformes,Accipitridae,Circus
3146,Circus macrourus,Birds,Animalia,Chordata,Aves,Accipitriformes,Accipitridae,Circus
3147,Circus pygargus,Birds,Animalia,Chordata,Aves,Accipitriformes,Accipitridae,Circus
3148,Clanga clanga,Birds,Animalia,Chordata,Aves,Accipitriformes,Accipitridae,Clanga
3149,Elanoides forficatus,Birds,Animalia,Chordata,Aves,Accipitriformes,Accipitridae,Elanoides
3150,Elanus axillaris,Birds,Animalia,Chordata,Aves,Accipitriformes,Accipitridae,Elanus
3151,Elanus caeruleus,Birds,Animalia,Chordata,Aves,Accipitriformes,Accipitridae,Elanus
3152,Elanus leucurus,Birds,Animalia,Chordata,Aves,Accipitriformes,Accipitridae,Elanus
3153,Geranoaetus albicaudatus,Birds,Animalia,Chordata,Aves,Accipitriformes,Accipitridae,Geranoaetus
3154,Geranoaetus melanoleucus,Birds,Animalia,Chordata,Aves,Accipitriformes,Accipitridae,Geranoaetus
3155,Geranoaetus polyosoma,Birds,Animalia,Chordata,Aves,Accipitriformes,Accipitridae,Geranoaetus
3156,Geranospiza caerulescens,Birds,Animalia,Chordata,Aves,Accipitriformes,Accipitridae,Geranospiza
3157,Gypaetus barbatus,Birds,Animalia,Chordata,Aves,Accipitriformes,Accipitridae,Gypaetus
3158,Gyps africanus,Birds,Animalia,Chordata,Aves,Accipitriformes,Accipitridae,Gyps
3159,Gyps fulvus,Birds,Animalia,Chordata,Aves,Accipitriformes,Accipitridae,Gyps
3160,Haliaeetus albicilla,Birds,Animalia,Chordata,Aves,Accipitriformes,Accipitridae,Haliaeetus
3161,Haliaeetus leucocephalus,Birds,Animalia,Chordata,Aves,Accipitriformes,Accipitridae,Haliaeetus
3162,Haliaeetus leucogaster,Birds,Animalia,Chordata,Aves,Accipitriformes,Accipitridae,Haliaeetus
3163,Haliaeetus vocifer,Birds,Animalia,Chordata,Aves,Accipitriformes,Accipitridae,Haliaeetus
3164,Haliastur indus,Birds,Animalia,Chordata,Aves,Accipitriformes,Accipitridae,Haliastur
3165,Haliastur sphenurus,Birds,Animalia,Chordata,Aves,Accipitriformes,Accipitridae,Haliastur
3166,Hieraaetus pennatus,Birds,Animalia,Chordata,Aves,Accipitriformes,Accipitridae,Hieraaetus
3167,Ictinia mississippiensis,Birds,Animalia,Chordata,Aves,Accipitriformes,Accipitridae,Ictinia
3168,Ictinia plumbea,Birds,Animalia,Chordata,Aves,Accipitriformes,Accipitridae,Ictinia
3169,Lophaetus occipitalis,Birds,Animalia,Chordata,Aves,Accipitriformes,Accipitridae,Lophaetus
3170,Melierax canorus,Birds,Animalia,Chordata,Aves,Accipitriformes,Accipitridae,Melierax
3171,Milvus migrans,Birds,Animalia,Chordata,Aves,Accipitriformes,Accipitridae,Milvus
3172,Milvus milvus,Birds,Animalia,Chordata,Aves,Accipitriformes,Accipitridae,Milvus
3173,Necrosyrtes monachus,Birds,Animalia,Chordata,Aves,Accipitriformes,Accipitridae,Necrosyrtes
3174,Neophron percnopterus,Birds,Animalia,Chordata,Aves,Accipitriformes,Accipitridae,Neophron
3175,Nisaetus cirrhatus,Birds,Animalia,Chordata,Aves,Accipitriformes,Accipitridae,Nisaetus
3176,Parabuteo unicinctus,Birds,Animalia,Chordata,Aves,Accipitriformes,Accipitridae,Parabuteo
3177,Pernis apivorus,Birds,Animalia,Chordata,Aves,Accipitriformes,Accipitridae,Pernis
3178,Pernis ptilorhynchus,Birds,Animalia,Chordata,Aves,Accipitriformes,Accipitridae,Pernis
3179,Polemaetus bellicosus,Birds,Animalia,Chordata,Aves,Accipitriformes,Accipitridae,Polemaetus
3180,Polyboroides typus,Birds,Animalia,Chordata,Aves,Accipitriformes,Accipitridae,Polyboroides
3181,Rostrhamus sociabilis,Birds,Animalia,Chordata,Aves,Accipitriformes,Accipitridae,Rostrhamus
3182,Rupornis magnirostris,Birds,Animalia,Chordata,Aves,Accipitriformes,Accipitridae,Rupornis
3183,Spilornis cheela,Birds,Animalia,Chordata,Aves,Accipitriformes,Accipitridae,Spilornis
3184,Terathopius ecaudatus,Birds,Animalia,Chordata,Aves,Accipitriformes,Accipitridae,Terathopius
3185,Pandion haliaetus,Birds,Animalia,Chordata,Aves,Accipitriformes,Pandionidae,Pandion
3186,Sagittarius serpentarius,Birds,Animalia,Chordata,Aves,Accipitriformes,Sagittariidae,Sagittarius
3187,Aix galericulata,Birds,Animalia,Chordata,Aves,Anseriformes,Anatidae,Aix
3188,Aix sponsa,Birds,Animalia,Chordata,Aves,Anseriformes,Anatidae,Aix
3189,Alopochen aegyptiaca,Birds,Animalia,Chordata,Aves,Anseriformes,Anatidae,Alopochen
3190,Amazonetta brasiliensis,Birds,Animalia,Chordata,Aves,Anseriformes,Anatidae,Amazonetta
3191,Anas acuta,Birds,Animalia,Chordata,Aves,Anseriformes,Anatidae,Anas
3192,Anas bahamensis,Birds,Animalia,Chordata,Aves,Anseriformes,Anatidae,Anas
3193,Anas castanea,Birds,Animalia,Chordata,Aves,Anseriformes,Anatidae,Anas
3194,Anas crecca,Birds,Animalia,Chordata,Aves,Anseriformes,Anatidae,Anas
3195,Anas diazi,Birds,Animalia,Chordata,Aves,Anseriformes,Anatidae,Anas
3196,Anas erythrorhyncha,Birds,Animalia,Chordata,Aves,Anseriformes,Anatidae,Anas
3197,Anas flavirostris,Birds,Animalia,Chordata,Aves,Anseriformes,Anatidae,Anas
3198,Anas fulvigula,Birds,Animalia,Chordata,Aves,Anseriformes,Anatidae,Anas
3199,Anas georgica,Birds,Animalia,Chordata,Aves,Anseriformes,Anatidae,Anas
3200,Anas gracilis,Birds,Animalia,Chordata,Aves,Anseriformes,Anatidae,Anas
3201,Anas platyrhynchos,Birds,Animalia,Chordata,Aves,Anseriformes,Anatidae,Anas
3202,Anas poecilorhyncha,Birds,Animalia,Chordata,Aves,Anseriformes,Anatidae,Anas
3203,Anas rubripes,Birds,Animalia,Chordata,Aves,Anseriformes,Anatidae,Anas
3204,Anas superciliosa,Birds,Animalia,Chordata,Aves,Anseriformes,Anatidae,Anas
3205,Anas undulata,Birds,Animalia,Chordata,Aves,Anseriformes,Anatidae,Anas
3206,Anas zonorhyncha,Birds,Animalia,Chordata,Aves,Anseriformes,Anatidae,Anas
3207,Anser albifrons,Birds,Animalia,Chordata,Aves,Anseriformes,Anatidae,Anser
3208,Anser anser,Birds,Animalia,Chordata,Aves,Anseriformes,Anatidae,Anser
3209,Anser brachyrhynchus,Birds,Animalia,Chordata,Aves,Anseriformes,Anatidae,Anser
3210,Anser caerulescens,Birds,Animalia,Chordata,Aves,Anseriformes,Anatidae,Anser
3211,Anser cygnoides,Birds,Animalia,Chordata,Aves,Anseriformes,Anatidae,Anser
3212,Anser fabalis,Birds,Animalia,Chordata,Aves,Anseriformes,Anatidae,Anser
3213,Anser indicus,Birds,Animalia,Chordata,Aves,Anseriformes,Anatidae,Anser
3214,Anser rossii,Birds,Animalia,Chordata,Aves,Anseriformes,Anatidae,Anser
3215,Aythya affinis,Birds,Animalia,Chordata,Aves,Anseriformes,Anatidae,Aythya
3216,Aythya americana,Birds,Animalia,Chordata,Aves,Anseriformes,Anatidae,Aythya
3217,Aythya australis,Birds,Animalia,Chordata,Aves,Anseriformes,Anatidae,Aythya
3218,Aythya collaris,Birds,Animalia,Chordata,Aves,Anseriformes,Anatidae,Aythya
3219,Aythya ferina,Birds,Animalia,Chordata,Aves,Anseriformes,Anatidae,Aythya
3220,Aythya fuligula,Birds,Animalia,Chordata,Aves,Anseriformes,Anatidae,Aythya
3221,Aythya marila,Birds,Animalia,Chordata,Aves,Anseriformes,Anatidae,Aythya
3222,Aythya novaeseelandiae,Birds,Animalia,Chordata,Aves,Anseriformes,Anatidae,Aythya
3223,Aythya nyroca,Birds,Animalia,Chordata,Aves,Anseriformes,Anatidae,Aythya
3224,Aythya valisineria,Birds,Animalia,Chordata,Aves,Anseriformes,Anatidae,Aythya
3225,Branta bernicla,Birds,Animalia,Chordata,Aves,Anseriformes,Anatidae,Branta
3226,Branta canadensis,Birds,Animalia,Chordata,Aves,Anseriformes,Anatidae,Branta
3227,Branta hutchinsii,Birds,Animalia,Chordata,Aves,Anseriformes,Anatidae,Branta
3228,Branta leucopsis,Birds,Animalia,Chordata,Aves,Anseriformes,Anatidae,Branta
3229,Branta sandvicensis,Birds,Animalia,Chordata,Aves,Anseriformes,Anatidae,Branta
3230,Bucephala albeola,Birds,Animalia,Chordata,Aves,Anseriformes,Anatidae,Bucephala
3231,Bucephala clangula,Birds,Animalia,Chordata,Aves,Anseriformes,Anatidae,Bucephala
3232,Bucephala islandica,Birds,Animalia,Chordata,Aves,Anseriformes,Anatidae,Bucephala
3233,Cairina moschata,Birds,Animalia,Chordata,Aves,Anseriformes,Anatidae,Cairina
3234,Cereopsis novaehollandiae,Birds,Animalia,Chordata,Aves,Anseriformes,Anatidae,Cereopsis
3235,Chenonetta jubata,Birds,Animalia,Chordata,Aves,Anseriformes,Anatidae,Chenonetta
3236,Chloephaga picta,Birds,Animalia,Chordata,Aves,Anseriformes,Anatidae,Chloephaga
3237,Clangula hyemalis,Birds,Animalia,Chordata,Aves,Anseriformes,Anatidae,Clangula
3238,Coscoroba coscoroba,Birds,Animalia,Chordata,Aves,Anseriformes,Anatidae,Coscoroba
3239,Cygnus atratus,Birds,Animalia,Chordata,Aves,Anseriformes,Anatidae,Cygnus
3240,Cygnus buccinator,Birds,Animalia,Chordata,Aves,Anseriformes,Anatidae,Cygnus
3241,Cygnus columbianus,Birds,Animalia,Chordata,Aves,Anseriformes,Anatidae,Cygnus
3242,Cygnus cygnus,Birds,Animalia,Chordata,Aves,Anseriformes,Anatidae,Cygnus
3243,Cygnus melancoryphus,Birds,Animalia,Chordata,Aves,Anseriformes,Anatidae,Cygnus
3244,Cygnus olor,Birds,Animalia,Chordata,Aves,Anseriformes,Anatidae,Cygnus
3245,Dendrocygna autumnalis,Birds,Animalia,Chordata,Aves,Anseriformes,Anatidae,Dendrocygna
3246,Dendrocygna bicolor,Birds,Animalia,Chordata,Aves,Anseriformes,Anatidae,Dendrocygna
3247,Dendrocygna javanica,Birds,Animalia,Chordata,Aves,Anseriformes,Anatidae,Dendrocygna
3248,Dendrocygna viduata,Birds,Animalia,Chordata,Aves,Anseriformes,Anatidae,Dendrocygna
3249,Histrionicus histrionicus,Birds,Animalia,Chordata,Aves,Anseriformes,Anatidae,Histrionicus
3250,Lophodytes cucullatus,Birds,Animalia,Chordata,Aves,Anseriformes,Anatidae,Lophodytes
3251,Lophonetta specularioides,Birds,Animalia,Chordata,Aves,Anseriformes,Anatidae,Lophonetta
3252,Malacorhynchus membranaceus,Birds,Animalia,Chordata,Aves,Anseriformes,Anatidae,Malacorhynchus
3253,Mareca americana,Birds,Animalia,Chordata,Aves,Anseriformes,Anatidae,Mareca
3254,Mareca penelope,Birds,Animalia,Chordata,Aves,Anseriformes,Anatidae,Mareca
3255,Mareca strepera,Birds,Animalia,Chordata,Aves,Anseriformes,Anatidae,Mareca
3256,Melanitta americana,Birds,Animalia,Chordata,Aves,Anseriformes,Anatidae,Melanitta
3257,Melanitta deglandi,Birds,Animalia,Chordata,Aves,Anseriformes,Anatidae,Melanitta
3258,Melanitta perspicillata,Birds,Animalia,Chordata,Aves,Anseriformes,Anatidae,Melanitta
3259,Mergellus albellus,Birds,Animalia,Chordata,Aves,Anseriformes,Anatidae,Mergellus
3260,Mergus merganser,Birds,Animalia,Chordata,Aves,Anseriformes,Anatidae,Mergus
3261,Mergus serrator,Birds,Animalia,Chordata,Aves,Anseriformes,Anatidae,Mergus
3262,Netta peposaca,Birds,Animalia,Chordata,Aves,Anseriformes,Anatidae,Netta
3263,Netta rufina,Birds,Animalia,Chordata,Aves,Anseriformes,Anatidae,Netta
3264,Oxyura jamaicensis,Birds,Animalia,Chordata,Aves,Anseriformes,Anatidae,Oxyura
3265,Plectropterus gambensis,Birds,Animalia,Chordata,Aves,Anseriformes,Anatidae,Plectropterus
3266,Sarkidiornis melanotos,Birds,Animalia,Chordata,Aves,Anseriformes,Anatidae,Sarkidiornis
3267,Somateria mollissima,Birds,Animalia,Chordata,Aves,Anseriformes,Anatidae,Somateria
3268,Spatula clypeata,Birds,Animalia,Chordata,Aves,Anseriformes,Anatidae,Spatula
3269,Spatula cyanoptera,Birds,Animalia,Chordata,Aves,Anseriformes,Anatidae,Spatula
3270,Spatula discors,Birds,Animalia,Chordata,Aves,Anseriformes,Anatidae,Spatula
3271,Spatula querquedula,Birds,Animalia,Chordata,Aves,Anseriformes,Anatidae,Spatula
3272,Spatula rhynchotis,Birds,Animalia,Chordata,Aves,Anseriformes,Anatidae,Spatula
3273,Tadorna ferruginea,Birds,Animalia,Chordata,Aves,Anseriformes,Anatidae,Tadorna
3274,Tadorna tadorna,Birds,Animalia,Chordata,Aves,Anseriformes,Anatidae,Tadorna
3275,Tadorna tadornoides,Birds,Animalia,Chordata,Aves,Anseriformes,Anatidae,Tadorna
3276,Tadorna variegata,Birds,Animalia,Chordata,Aves,Anseriformes,Anatidae,Tadorna
3277,Chauna torquata,Birds,Animalia,Chordata,Aves,Anseriformes,Anhimidae,Chauna
3278,Anseranas semipalmata,Birds,Animalia,Chordata,Aves,Anseriformes,Anseranatidae,Anseranas
3279,Anthracoceros albirostris,Birds,Animalia,Chordata,Aves,Bucerotiformes,Bucerotidae,Anthracoceros
3280,Lophoceros alboterminatus,Birds,Animalia,Chordata,Aves,Bucerotiformes,Bucerotidae,Lophoceros
3281,Lophoceros nasutus,Birds,Animalia,Chordata,Aves,Bucerotiformes,Bucerotidae,Lophoceros
3282,Tockus leucomelas,Birds,Animalia,Chordata,Aves,Bucerotiformes,Bucerotidae,Tockus
3283,Bucorvus leadbeateri,Birds,Animalia,Chordata,Aves,Bucerotiformes,Bucorvidae,Bucorvus
3284,Phoeniculus purpureus,Birds,Animalia,Chordata,Aves,Bucerotiformes,Phoeniculidae,Phoeniculus
3285,Upupa epops,Birds,Animalia,Chordata,Aves,Bucerotiformes,Upupidae,Upupa
3286,Aeronautes saxatalis,Birds,Animalia,Chordata,Aves,Caprimulgiformes,Apodidae,Aeronautes
3287,Apus apus,Birds,Animalia,Chordata,Aves,Caprimulgiformes,Apodidae,Apus
3288,Chaetura pelagica,Birds,Animalia,Chordata,Aves,Caprimulgiformes,Apodidae,Chaetura
3289,Chaetura vauxi,Birds,Animalia,Chordata,Aves,Caprimulgiformes,Apodidae,Chaetura
3290,Caprimulgus europaeus,Birds,Animalia,Chordata,Aves,Caprimulgiformes,Caprimulgidae,Caprimulgus
3291,Chordeiles acutipennis,Birds,Animalia,Chordata,Aves,Caprimulgiformes,Caprimulgidae,Chordeiles
3292,Chordeiles minor,Birds,Animalia,Chordata,Aves,Caprimulgiformes,Caprimulgidae,Chordeiles
3293,Nyctidromus albicollis,Birds,Animalia,Chordata,Aves,Caprimulgiformes,Caprimulgidae,Nyctidromus
3294,Phalaenoptilus nuttallii,Birds,Animalia,Chordata,Aves,Caprimulgiformes,Caprimulgidae,Phalaenoptilus
3295,Nyctibius griseus,Birds,Animalia,Chordata,Aves,Caprimulgiformes,Nyctibiidae,Nyctibius
3296,Nyctibius jamaicensis,Birds,Animalia,Chordata,Aves,Caprimulgiformes,Nyctibiidae,Nyctibius
3297,Podargus strigoides,Birds,Animalia,Chordata,Aves,Caprimulgiformes,Podargidae,Podargus
3298,Amazilia beryllina,Birds,Animalia,Chordata,Aves,Caprimulgiformes,Trochilidae,Amazilia
3299,Amazilia cyanocephala,Birds,Animalia,Chordata,Aves,Caprimulgiformes,Trochilidae,Amazilia
3300,Amazilia rutila,Birds,Animalia,Chordata,Aves,Caprimulgiformes,Trochilidae,Amazilia
3301,Amazilia tzacatl,Birds,Animalia,Chordata,Aves,Caprimulgiformes,Trochilidae,Amazilia
3302,Amazilia violiceps,Birds,Animalia,Chordata,Aves,Caprimulgiformes,Trochilidae,Amazilia
3303,Amazilia yucatanensis,Birds,Animalia,Chordata,Aves,Caprimulgiformes,Trochilidae,Amazilia
3304,Anthracothorax nigricollis,Birds,Animalia,Chordata,Aves,Caprimulgiformes,Trochilidae,Anthracothorax
3305,Anthracothorax prevostii,Birds,Animalia,Chordata,Aves,Caprimulgiformes,Trochilidae,Anthracothorax
3306,Archilochus alexandri,Birds,Animalia,Chordata,Aves,Caprimulgiformes,Trochilidae,Archilochus
3307,Archilochus colubris,Birds,Animalia,Chordata,Aves,Caprimulgiformes,Trochilidae,Archilochus
3308,Boissonneaua flavescens,Birds,Animalia,Chordata,Aves,Caprimulgiformes,Trochilidae,Boissonneaua
3309,Calothorax lucifer,Birds,Animalia,Chordata,Aves,Caprimulgiformes,Trochilidae,Calothorax
3310,Calypte anna,Birds,Animalia,Chordata,Aves,Caprimulgiformes,Trochilidae,Calypte
3311,Calypte costae,Birds,Animalia,Chordata,Aves,Caprimulgiformes,Trochilidae,Calypte
3312,Campylopterus hemileucurus,Birds,Animalia,Chordata,Aves,Caprimulgiformes,Trochilidae,Campylopterus
3313,Chlorostilbon canivetii,Birds,Animalia,Chordata,Aves,Caprimulgiformes,Trochilidae,Chlorostilbon
3314,Chlorostilbon lucidus,Birds,Animalia,Chordata,Aves,Caprimulgiformes,Trochilidae,Chlorostilbon
3315,Colibri coruscans,Birds,Animalia,Chordata,Aves,Caprimulgiformes,Trochilidae,Colibri
3316,Colibri cyanotus,Birds,Animalia,Chordata,Aves,Caprimulgiformes,Trochilidae,Colibri
3317,Cynanthus latirostris,Birds,Animalia,Chordata,Aves,Caprimulgiformes,Trochilidae,Cynanthus
3318,Eugenes fulgens,Birds,Animalia,Chordata,Aves,Caprimulgiformes,Trochilidae,Eugenes
3319,Eupetomena macroura,Birds,Animalia,Chordata,Aves,Caprimulgiformes,Trochilidae,Eupetomena
3320,Florisuga mellivora,Birds,Animalia,Chordata,Aves,Caprimulgiformes,Trochilidae,Florisuga
3321,Heliodoxa jacula,Birds,Animalia,Chordata,Aves,Caprimulgiformes,Trochilidae,Heliodoxa
3322,Hylocharis leucotis,Birds,Animalia,Chordata,Aves,Caprimulgiformes,Trochilidae,Hylocharis
3323,Lampornis clemenciae,Birds,Animalia,Chordata,Aves,Caprimulgiformes,Trochilidae,Lampornis
3324,Ocreatus underwoodii,Birds,Animalia,Chordata,Aves,Caprimulgiformes,Trochilidae,Ocreatus
3325,Selasphorus calliope,Birds,Animalia,Chordata,Aves,Caprimulgiformes,Trochilidae,Selasphorus
3326,Selasphorus platycercus,Birds,Animalia,Chordata,Aves,Caprimulgiformes,Trochilidae,Selasphorus
3327,Selasphorus rufus,Birds,Animalia,Chordata,Aves,Caprimulgiformes,Trochilidae,Selasphorus
3328,Selasphorus sasin,Birds,Animalia,Chordata,Aves,Caprimulgiformes,Trochilidae,Selasphorus
3329,Thalurania colombica,Birds,Animalia,Chordata,Aves,Caprimulgiformes,Trochilidae,Thalurania
3330,Dromaius novaehollandiae,Birds,Animalia,Chordata,Aves,Casuariiformes,Casuariidae,Dromaius
3331,Cathartes aura,Birds,Animalia,Chordata,Aves,Cathartiformes,Cathartidae,Cathartes
3332,Cathartes burrovianus,Birds,Animalia,Chordata,Aves,Cathartiformes,Cathartidae,Cathartes
3333,Coragyps atratus,Birds,Animalia,Chordata,Aves,Cathartiformes,Cathartidae,Coragyps
3334,Gymnogyps californianus,Birds,Animalia,Chordata,Aves,Cathartiformes,Cathartidae,Gymnogyps
3335,Sarcoramphus papa,Birds,Animalia,Chordata,Aves,Cathartiformes,Cathartidae,Sarcoramphus
3336,Vultur gryphus,Birds,Animalia,Chordata,Aves,Cathartiformes,Cathartidae,Vultur
3337,Alca torda,Birds,Animalia,Chordata,Aves,Charadriiformes,Alcidae,Alca
3338,Brachyramphus marmoratus,Birds,Animalia,Chordata,Aves,Charadriiformes,Alcidae,Brachyramphus
3339,Cepphus columba,Birds,Animalia,Chordata,Aves,Charadriiformes,Alcidae,Cepphus
3340,Cepphus grylle,Birds,Animalia,Chordata,Aves,Charadriiformes,Alcidae,Cepphus
3341,Cerorhinca monocerata,Birds,Animalia,Chordata,Aves,Charadriiformes,Alcidae,Cerorhinca
3342,Fratercula arctica,Birds,Animalia,Chordata,Aves,Charadriiformes,Alcidae,Fratercula
3343,Uria aalge,Birds,Animalia,Chordata,Aves,Charadriiformes,Alcidae,Uria
3344,Burhinus bistriatus,Birds,Animalia,Chordata,Aves,Charadriiformes,Burhinidae,Burhinus
3345,Burhinus capensis,Birds,Animalia,Chordata,Aves,Charadriiformes,Burhinidae,Burhinus
3346,Burhinus grallarius,Birds,Animalia,Chordata,Aves,Charadriiformes,Burhinidae,Burhinus
3347,Burhinus vermiculatus,Birds,Animalia,Chordata,Aves,Charadriiformes,Burhinidae,Burhinus
3348,Charadrius alexandrinus,Birds,Animalia,Chordata,Aves,Charadriiformes,Charadriidae,Charadrius
3349,Charadrius bicinctus,Birds,Animalia,Chordata,Aves,Charadriiformes,Charadriidae,Charadrius
3350,Charadrius collaris,Birds,Animalia,Chordata,Aves,Charadriiformes,Charadriidae,Charadrius
3351,Charadrius dubius,Birds,Animalia,Chordata,Aves,Charadriiformes,Charadriidae,Charadrius
3352,Charadrius hiaticula,Birds,Animalia,Chordata,Aves,Charadriiformes,Charadriidae,Charadrius
3353,Charadrius leschenaultii,Birds,Animalia,Chordata,Aves,Charadriiformes,Charadriidae,Charadrius
3354,Charadrius marginatus,Birds,Animalia,Chordata,Aves,Charadriiformes,Charadriidae,Charadrius
3355,Charadrius melodus,Birds,Animalia,Chordata,Aves,Charadriiformes,Charadriidae,Charadrius
3356,Charadrius mongolus,Birds,Animalia,Chordata,Aves,Charadriiformes,Charadriidae,Charadrius
3357,Charadrius nivosus,Birds,Animalia,Chordata,Aves,Charadriiformes,Charadriidae,Charadrius
3358,Charadrius obscurus,Birds,Animalia,Chordata,Aves,Charadriiformes,Charadriidae,Charadrius
3359,Charadrius pecuarius,Birds,Animalia,Chordata,Aves,Charadriiformes,Charadriidae,Charadrius
3360,Charadrius ruficapillus,Birds,Animalia,Chordata,Aves,Charadriiformes,Charadriidae,Charadrius
3361,Charadrius semipalmatus,Birds,Animalia,Chordata,Aves,Charadriiformes,Charadriidae,Charadrius
3362,Charadrius tricollaris,Birds,Animalia,Chordata,Aves,Charadriiformes,Charadriidae,Charadrius
3363,Charadrius vociferus,Birds,Animalia,Chordata,Aves,Charadriiformes,Charadriidae,Charadrius
3364,Charadrius wilsonia,Birds,Animalia,Chordata,Aves,Charadriiformes,Charadriidae,Charadrius
3365,Elseyornis melanops,Birds,Animalia,Chordata,Aves,Charadriiformes,Charadriidae,Elseyornis
3366,Pluvialis apricaria,Birds,Animalia,Chordata,Aves,Charadriiformes,Charadriidae,Pluvialis
3367,Pluvialis dominica,Birds,Animalia,Chordata,Aves,Charadriiformes,Charadriidae,Pluvialis
3368,Pluvialis fulva,Birds,Animalia,Chordata,Aves,Charadriiformes,Charadriidae,Pluvialis
3369,Pluvialis squatarola,Birds,Animalia,Chordata,Aves,Charadriiformes,Charadriidae,Pluvialis
3370,Vanellus armatus,Birds,Animalia,Chordata,Aves,Charadriiformes,Charadriidae,Vanellus
3371,Vanellus chilensis,Birds,Animalia,Chordata,Aves,Charadriiformes,Charadriidae,Vanellus
3372,Vanellus coronatus,Birds,Animalia,Chordata,Aves,Charadriiformes,Charadriidae,Vanellus
3373,Vanellus indicus,Birds,Animalia,Chordata,Aves,Charadriiformes,Charadriidae,Vanellus
3374,Vanellus miles,Birds,Animalia,Chordata,Aves,Charadriiformes,Charadriidae,Vanellus
3375,Vanellus senegallus,Birds,Animalia,Chordata,Aves,Charadriiformes,Charadriidae,Vanellus
3376,Vanellus spinosus,Birds,Animalia,Chordata,Aves,Charadriiformes,Charadriidae,Vanellus
3377,Vanellus vanellus,Birds,Animalia,Chordata,Aves,Charadriiformes,Charadriidae,Vanellus
3378,Glareola pratincola,Birds,Animalia,Chordata,Aves,Charadriiformes,Glareolidae,Glareola
3379,Haematopus bachmani,Birds,Animalia,Chordata,Aves,Charadriiformes,Haematopodidae,Haematopus
3380,Haematopus finschi,Birds,Animalia,Chordata,Aves,Charadriiformes,Haematopodidae,Haematopus
3381,Haematopus fuliginosus,Birds,Animalia,Chordata,Aves,Charadriiformes,Haematopodidae,Haematopus
3382,Haematopus longirostris,Birds,Animalia,Chordata,Aves,Charadriiformes,Haematopodidae,Haematopus
3383,Haematopus moquini,Birds,Animalia,Chordata,Aves,Charadriiformes,Haematopodidae,Haematopus
3384,Haematopus ostralegus,Birds,Animalia,Chordata,Aves,Charadriiformes,Haematopodidae,Haematopus
3385,Haematopus palliatus,Birds,Animalia,Chordata,Aves,Charadriiformes,Haematopodidae,Haematopus
3386,Haematopus unicolor,Birds,Animalia,Chordata,Aves,Charadriiformes,Haematopodidae,Haematopus
3387,Actophilornis africanus,Birds,Animalia,Chordata,Aves,Charadriiformes,Jacanidae,Actophilornis
3388,Hydrophasianus chirurgus,Birds,Animalia,Chordata,Aves,Charadriiformes,Jacanidae,Hydrophasianus
3389,Irediparra gallinacea,Birds,Animalia,Chordata,Aves,Charadriiformes,Jacanidae,Irediparra
3390,Jacana jacana,Birds,Animalia,Chordata,Aves,Charadriiformes,Jacanidae,Jacana
3391,Jacana spinosa,Birds,Animalia,Chordata,Aves,Charadriiformes,Jacanidae,Jacana
3392,Chlidonias hybrida,Birds,Animalia,Chordata,Aves,Charadriiformes,Laridae,Chlidonias
3393,Chlidonias leucopterus,Birds,Animalia,Chordata,Aves,Charadriiformes,Laridae,Chlidonias
3394,Chlidonias niger,Birds,Animalia,Chordata,Aves,Charadriiformes,Laridae,Chlidonias
3395,Chroicocephalus bulleri,Birds,Animalia,Chordata,Aves,Charadriiformes,Laridae,Chroicocephalus
3396,Chroicocephalus cirrocephalus,Birds,Animalia,Chordata,Aves,Charadriiformes,Laridae,Chroicocephalus
3397,Chroicocephalus genei,Birds,Animalia,Chordata,Aves,Charadriiformes,Laridae,Chroicocephalus
3398,Chroicocephalus hartlaubii,Birds,Animalia,Chordata,Aves,Charadriiformes,Laridae,Chroicocephalus
3399,Chroicocephalus maculipennis,Birds,Animalia,Chordata,Aves,Charadriiformes,Laridae,Chroicocephalus
3400,Chroicocephalus novaehollandiae,Birds,Animalia,Chordata,Aves,Charadriiformes,Laridae,Chroicocephalus
3401,Chroicocephalus philadelphia,Birds,Animalia,Chordata,Aves,Charadriiformes,Laridae,Chroicocephalus
3402,Chroicocephalus ridibundus,Birds,Animalia,Chordata,Aves,Charadriiformes,Laridae,Chroicocephalus
3403,Chroicocephalus serranus,Birds,Animalia,Chordata,Aves,Charadriiformes,Laridae,Chroicocephalus
3404,Gelochelidon nilotica,Birds,Animalia,Chordata,Aves,Charadriiformes,Laridae,Gelochelidon
3405,Hydrocoloeus minutus,Birds,Animalia,Chordata,Aves,Charadriiformes,Laridae,Hydrocoloeus
3406,Hydroprogne caspia,Birds,Animalia,Chordata,Aves,Charadriiformes,Laridae,Hydroprogne
3407,Ichthyaetus ichthyaetus,Birds,Animalia,Chordata,Aves,Charadriiformes,Laridae,Ichthyaetus
3408,Ichthyaetus melanocephalus,Birds,Animalia,Chordata,Aves,Charadriiformes,Laridae,Ichthyaetus
3409,Larus argentatus,Birds,Animalia,Chordata,Aves,Charadriiformes,Laridae,Larus
3410,Larus cachinnans,Birds,Animalia,Chordata,Aves,Charadriiformes,Laridae,Larus
3411,Larus californicus,Birds,Animalia,Chordata,Aves,Charadriiformes,Laridae,Larus
3412,Larus canus,Birds,Animalia,Chordata,Aves,Charadriiformes,Laridae,Larus
3413,Larus crassirostris,Birds,Animalia,Chordata,Aves,Charadriiformes,Laridae,Larus
3414,Larus delawarensis,Birds,Animalia,Chordata,Aves,Charadriiformes,Laridae,Larus
3415,Larus dominicanus,Birds,Animalia,Chordata,Aves,Charadriiformes,Laridae,Larus
3416,Larus fuscus,Birds,Animalia,Chordata,Aves,Charadriiformes,Laridae,Larus
3417,Larus glaucescens,Birds,Animalia,Chordata,Aves,Charadriiformes,Laridae,Larus
3418,Larus glaucoides,Birds,Animalia,Chordata,Aves,Charadriiformes,Laridae,Larus
3419,Larus heermanni,Birds,Animalia,Chordata,Aves,Charadriiformes,Laridae,Larus
3420,Larus hyperboreus,Birds,Animalia,Chordata,Aves,Charadriiformes,Laridae,Larus
3421,Larus livens,Birds,Animalia,Chordata,Aves,Charadriiformes,Laridae,Larus
3422,Larus marinus,Birds,Animalia,Chordata,Aves,Charadriiformes,Laridae,Larus
3423,Larus michahellis,Birds,Animalia,Chordata,Aves,Charadriiformes,Laridae,Larus
3424,Larus occidentalis,Birds,Animalia,Chordata,Aves,Charadriiformes,Laridae,Larus
3425,Larus pacificus,Birds,Animalia,Chordata,Aves,Charadriiformes,Laridae,Larus
3426,Leucophaeus atricilla,Birds,Animalia,Chordata,Aves,Charadriiformes,Laridae,Leucophaeus
3427,Leucophaeus pipixcan,Birds,Animalia,Chordata,Aves,Charadriiformes,Laridae,Leucophaeus
3428,Phaetusa simplex,Birds,Animalia,Chordata,Aves,Charadriiformes,Laridae,Phaetusa
3429,Rissa tridactyla,Birds,Animalia,Chordata,Aves,Charadriiformes,Laridae,Rissa
3430,Rynchops niger,Birds,Animalia,Chordata,Aves,Charadriiformes,Laridae,Rynchops
3431,Sterna forsteri,Birds,Animalia,Chordata,Aves,Charadriiformes,Laridae,Sterna
3432,Sterna hirundo,Birds,Animalia,Chordata,Aves,Charadriiformes,Laridae,Sterna
3433,Sterna paradisaea,Birds,Animalia,Chordata,Aves,Charadriiformes,Laridae,Sterna
3434,Sterna striata,Birds,Animalia,Chordata,Aves,Charadriiformes,Laridae,Sterna
3435,Sternula albifrons,Birds,Animalia,Chordata,Aves,Charadriiformes,Laridae,Sternula
3436,Sternula antillarum,Birds,Animalia,Chordata,Aves,Charadriiformes,Laridae,Sternula
3437,Thalasseus bergii,Birds,Animalia,Chordata,Aves,Charadriiformes,Laridae,Thalasseus
3438,Thalasseus elegans,Birds,Animalia,Chordata,Aves,Charadriiformes,Laridae,Thalasseus
3439,Thalasseus maximus,Birds,Animalia,Chordata,Aves,Charadriiformes,Laridae,Thalasseus
3440,Thalasseus sandvicensis,Birds,Animalia,Chordata,Aves,Charadriiformes,Laridae,Thalasseus
3441,Himantopus himantopus,Birds,Animalia,Chordata,Aves,Charadriiformes,Recurvirostridae,Himantopus
3442,Himantopus leucocephalus,Birds,Animalia,Chordata,Aves,Charadriiformes,Recurvirostridae,Himantopus
3443,Himantopus mexicanus,Birds,Animalia,Chordata,Aves,Charadriiformes,Recurvirostridae,Himantopus
3444,Recurvirostra americana,Birds,Animalia,Chordata,Aves,Charadriiformes,Recurvirostridae,Recurvirostra
3445,Recurvirostra avosetta,Birds,Animalia,Chordata,Aves,Charadriiformes,Recurvirostridae,Recurvirostra
3446,Rostratula benghalensis,Birds,Animalia,Chordata,Aves,Charadriiformes,Rostratulidae,Rostratula
3447,Actitis hypoleucos,Birds,Animalia,Chordata,Aves,Charadriiformes,Scolopacidae,Actitis
3448,Actitis macularius,Birds,Animalia,Chordata,Aves,Charadriiformes,Scolopacidae,Actitis
3449,Arenaria interpres,Birds,Animalia,Chordata,Aves,Charadriiformes,Scolopacidae,Arenaria
3450,Arenaria melanocephala,Birds,Animalia,Chordata,Aves,Charadriiformes,Scolopacidae,Arenaria
3451,Bartramia longicauda,Birds,Animalia,Chordata,Aves,Charadriiformes,Scolopacidae,Bartramia
3452,Calidris acuminata,Birds,Animalia,Chordata,Aves,Charadriiformes,Scolopacidae,Calidris
3453,Calidris alba,Birds,Animalia,Chordata,Aves,Charadriiformes,Scolopacidae,Calidris
3454,Calidris alpina,Birds,Animalia,Chordata,Aves,Charadriiformes,Scolopacidae,Calidris
3455,Calidris bairdii,Birds,Animalia,Chordata,Aves,Charadriiformes,Scolopacidae,Calidris
3456,Calidris canutus,Birds,Animalia,Chordata,Aves,Charadriiformes,Scolopacidae,Calidris
3457,Calidris ferruginea,Birds,Animalia,Chordata,Aves,Charadriiformes,Scolopacidae,Calidris
3458,Calidris fuscicollis,Birds,Animalia,Chordata,Aves,Charadriiformes,Scolopacidae,Calidris
3459,Calidris himantopus,Birds,Animalia,Chordata,Aves,Charadriiformes,Scolopacidae,Calidris
3460,Calidris maritima,Birds,Animalia,Chordata,Aves,Charadriiformes,Scolopacidae,Calidris
3461,Calidris mauri,Birds,Animalia,Chordata,Aves,Charadriiformes,Scolopacidae,Calidris
3462,Calidris melanotos,Birds,Animalia,Chordata,Aves,Charadriiformes,Scolopacidae,Calidris
3463,Calidris minuta,Birds,Animalia,Chordata,Aves,Charadriiformes,Scolopacidae,Calidris
3464,Calidris minutilla,Birds,Animalia,Chordata,Aves,Charadriiformes,Scolopacidae,Calidris
3465,Calidris pugnax,Birds,Animalia,Chordata,Aves,Charadriiformes,Scolopacidae,Calidris
3466,Calidris pusilla,Birds,Animalia,Chordata,Aves,Charadriiformes,Scolopacidae,Calidris
3467,Calidris ruficollis,Birds,Animalia,Chordata,Aves,Charadriiformes,Scolopacidae,Calidris
3468,Calidris subruficollis,Birds,Animalia,Chordata,Aves,Charadriiformes,Scolopacidae,Calidris
3469,Calidris temminckii,Birds,Animalia,Chordata,Aves,Charadriiformes,Scolopacidae,Calidris
3470,Calidris virgata,Birds,Animalia,Chordata,Aves,Charadriiformes,Scolopacidae,Calidris
3471,Gallinago delicata,Birds,Animalia,Chordata,Aves,Charadriiformes,Scolopacidae,Gallinago
3472,Gallinago gallinago,Birds,Animalia,Chordata,Aves,Charadriiformes,Scolopacidae,Gallinago
3473,Limnodromus griseus,Birds,Animalia,Chordata,Aves,Charadriiformes,Scolopacidae,Limnodromus
3474,Limnodromus scolopaceus,Birds,Animalia,Chordata,Aves,Charadriiformes,Scolopacidae,Limnodromus
3475,Limosa fedoa,Birds,Animalia,Chordata,Aves,Charadriiformes,Scolopacidae,Limosa
3476,Limosa haemastica,Birds,Animalia,Chordata,Aves,Charadriiformes,Scolopacidae,Limosa
3477,Limosa lapponica,Birds,Animalia,Chordata,Aves,Charadriiformes,Scolopacidae,Limosa
3478,Limosa limosa,Birds,Animalia,Chordata,Aves,Charadriiformes,Scolopacidae,Limosa
3479,Numenius americanus,Birds,Animalia,Chordata,Aves,Charadriiformes,Scolopacidae,Numenius
3480,Numenius arquata,Birds,Animalia,Chordata,Aves,Charadriiformes,Scolopacidae,Numenius
3481,Numenius madagascariensis,Birds,Animalia,Chordata,Aves,Charadriiformes,Scolopacidae,Numenius
3482,Numenius phaeopus,Birds,Animalia,Chordata,Aves,Charadriiformes,Scolopacidae,Numenius
3483,Phalaropus fulicarius,Birds,Animalia,Chordata,Aves,Charadriiformes,Scolopacidae,Phalaropus
3484,Phalaropus lobatus,Birds,Animalia,Chordata,Aves,Charadriiformes,Scolopacidae,Phalaropus
3485,Phalaropus tricolor,Birds,Animalia,Chordata,Aves,Charadriiformes,Scolopacidae,Phalaropus
3486,Scolopax minor,Birds,Animalia,Chordata,Aves,Charadriiformes,Scolopacidae,Scolopax
3487,Tringa brevipes,Birds,Animalia,Chordata,Aves,Charadriiformes,Scolopacidae,Tringa
3488,Tringa erythropus,Birds,Animalia,Chordata,Aves,Charadriiformes,Scolopacidae,Tringa
3489,Tringa flavipes,Birds,Animalia,Chordata,Aves,Charadriiformes,Scolopacidae,Tringa
3490,Tringa glareola,Birds,Animalia,Chordata,Aves,Charadriiformes,Scolopacidae,Tringa
3491,Tringa incana,Birds,Animalia,Chordata,Aves,Charadriiformes,Scolopacidae,Tringa
3492,Tringa melanoleuca,Birds,Animalia,Chordata,Aves,Charadriiformes,Scolopacidae,Tringa
3493,Tringa nebularia,Birds,Animalia,Chordata,Aves,Charadriiformes,Scolopacidae,Tringa
3494,Tringa ochropus,Birds,Animalia,Chordata,Aves,Charadriiformes,Scolopacidae,Tringa
3495,Tringa semipalmata,Birds,Animalia,Chordata,Aves,Charadriiformes,Scolopacidae,Tringa
3496,Tringa solitaria,Birds,Animalia,Chordata,Aves,Charadriiformes,Scolopacidae,Tringa
3497,Tringa stagnatilis,Birds,Animalia,Chordata,Aves,Charadriiformes,Scolopacidae,Tringa
3498,Tringa totanus,Birds,Animalia,Chordata,Aves,Charadriiformes,Scolopacidae,Tringa
3499,Xenus cinereus,Birds,Animalia,Chordata,Aves,Charadriiformes,Scolopacidae,Xenus
3500,Stercorarius parasiticus,Birds,Animalia,Chordata,Aves,Charadriiformes,Stercorariidae,Stercorarius
3501,Anastomus oscitans,Birds,Animalia,Chordata,Aves,Ciconiiformes,Ciconiidae,Anastomus
3502,Ciconia ciconia,Birds,Animalia,Chordata,Aves,Ciconiiformes,Ciconiidae,Ciconia
3503,Ciconia episcopus,Birds,Animalia,Chordata,Aves,Ciconiiformes,Ciconiidae,Ciconia
3504,Ciconia maguari,Birds,Animalia,Chordata,Aves,Ciconiiformes,Ciconiidae,Ciconia
3505,Ciconia nigra,Birds,Animalia,Chordata,Aves,Ciconiiformes,Ciconiidae,Ciconia
3506,Jabiru mycteria,Birds,Animalia,Chordata,Aves,Ciconiiformes,Ciconiidae,Jabiru
3507,Leptoptilos crumenifer,Birds,Animalia,Chordata,Aves,Ciconiiformes,Ciconiidae,Leptoptilos
3508,Mycteria americana,Birds,Animalia,Chordata,Aves,Ciconiiformes,Ciconiidae,Mycteria
3509,Mycteria ibis,Birds,Animalia,Chordata,Aves,Ciconiiformes,Ciconiidae,Mycteria
3510,Mycteria leucocephala,Birds,Animalia,Chordata,Aves,Ciconiiformes,Ciconiidae,Mycteria
3511,Colius striatus,Birds,Animalia,Chordata,Aves,Coliiformes,Coliidae,Colius
3512,Chalcophaps indica,Birds,Animalia,Chordata,Aves,Columbiformes,Columbidae,Chalcophaps
3513,Columba guinea,Birds,Animalia,Chordata,Aves,Columbiformes,Columbidae,Columba
3514,Columba livia,Birds,Animalia,Chordata,Aves,Columbiformes,Columbidae,Columba
3515,Columba oenas,Birds,Animalia,Chordata,Aves,Columbiformes,Columbidae,Columba
3516,Columba palumbus,Birds,Animalia,Chordata,Aves,Columbiformes,Columbidae,Columba
3517,Columbina inca,Birds,Animalia,Chordata,Aves,Columbiformes,Columbidae,Columbina
3518,Columbina passerina,Birds,Animalia,Chordata,Aves,Columbiformes,Columbidae,Columbina
3519,Columbina picui,Birds,Animalia,Chordata,Aves,Columbiformes,Columbidae,Columbina
3520,Columbina talpacoti,Birds,Animalia,Chordata,Aves,Columbiformes,Columbidae,Columbina
3521,Geopelia humeralis,Birds,Animalia,Chordata,Aves,Columbiformes,Columbidae,Geopelia
3522,Geopelia placida,Birds,Animalia,Chordata,Aves,Columbiformes,Columbidae,Geopelia
3523,Geopelia striata,Birds,Animalia,Chordata,Aves,Columbiformes,Columbidae,Geopelia
3524,Hemiphaga novaeseelandiae,Birds,Animalia,Chordata,Aves,Columbiformes,Columbidae,Hemiphaga
3525,Leptotila verreauxi,Birds,Animalia,Chordata,Aves,Columbiformes,Columbidae,Leptotila
3526,Ocyphaps lophotes,Birds,Animalia,Chordata,Aves,Columbiformes,Columbidae,Ocyphaps
3527,Patagioenas cayennensis,Birds,Animalia,Chordata,Aves,Columbiformes,Columbidae,Patagioenas
3528,Patagioenas fasciata,Birds,Animalia,Chordata,Aves,Columbiformes,Columbidae,Patagioenas
3529,Patagioenas flavirostris,Birds,Animalia,Chordata,Aves,Columbiformes,Columbidae,Patagioenas
3530,Patagioenas leucocephala,Birds,Animalia,Chordata,Aves,Columbiformes,Columbidae,Patagioenas
3531,Patagioenas maculosa,Birds,Animalia,Chordata,Aves,Columbiformes,Columbidae,Patagioenas
3532,Patagioenas picazuro,Birds,Animalia,Chordata,Aves,Columbiformes,Columbidae,Patagioenas
3533,Phaps chalcoptera,Birds,Animalia,Chordata,Aves,Columbiformes,Columbidae,Phaps
3534,Streptopelia capicola,Birds,Animalia,Chordata,Aves,Columbiformes,Columbidae,Streptopelia
3535,Streptopelia chinensis,Birds,Animalia,Chordata,Aves,Columbiformes,Columbidae,Streptopelia
3536,Streptopelia decaocto,Birds,Animalia,Chordata,Aves,Columbiformes,Columbidae,Streptopelia
3537,Streptopelia orientalis,Birds,Animalia,Chordata,Aves,Columbiformes,Columbidae,Streptopelia
3538,Streptopelia semitorquata,Birds,Animalia,Chordata,Aves,Columbiformes,Columbidae,Streptopelia
3539,Streptopelia senegalensis,Birds,Animalia,Chordata,Aves,Columbiformes,Columbidae,Streptopelia
3540,Streptopelia tranquebarica,Birds,Animalia,Chordata,Aves,Columbiformes,Columbidae,Streptopelia
3541,Streptopelia turtur,Birds,Animalia,Chordata,Aves,Columbiformes,Columbidae,Streptopelia
3542,Treron calvus,Birds,Animalia,Chordata,Aves,Columbiformes,Columbidae,Treron
3543,Treron vernans,Birds,Animalia,Chordata,Aves,Columbiformes,Columbidae,Treron
3544,Zenaida asiatica,Birds,Animalia,Chordata,Aves,Columbiformes,Columbidae,Zenaida
3545,Zenaida auriculata,Birds,Animalia,Chordata,Aves,Columbiformes,Columbidae,Zenaida
3546,Zenaida aurita,Birds,Animalia,Chordata,Aves,Columbiformes,Columbidae,Zenaida
3547,Zenaida macroura,Birds,Animalia,Chordata,Aves,Columbiformes,Columbidae,Zenaida
3548,Alcedo atthis,Birds,Animalia,Chordata,Aves,Coraciiformes,Alcedinidae,Alcedo
3549,Ceryle rudis,Birds,Animalia,Chordata,Aves,Coraciiformes,Alcedinidae,Ceryle
3550,Chloroceryle amazona,Birds,Animalia,Chordata,Aves,Coraciiformes,Alcedinidae,Chloroceryle
3551,Chloroceryle americana,Birds,Animalia,Chordata,Aves,Coraciiformes,Alcedinidae,Chloroceryle
3552,Corythornis cristatus,Birds,Animalia,Chordata,Aves,Coraciiformes,Alcedinidae,Corythornis
3553,Dacelo novaeguineae,Birds,Animalia,Chordata,Aves,Coraciiformes,Alcedinidae,Dacelo
3554,Halcyon albiventris,Birds,Animalia,Chordata,Aves,Coraciiformes,Alcedinidae,Halcyon
3555,Halcyon senegalensis,Birds,Animalia,Chordata,Aves,Coraciiformes,Alcedinidae,Halcyon
3556,Halcyon smyrnensis,Birds,Animalia,Chordata,Aves,Coraciiformes,Alcedinidae,Halcyon
3557,Megaceryle alcyon,Birds,Animalia,Chordata,Aves,Coraciiformes,Alcedinidae,Megaceryle
3558,Megaceryle maxima,Birds,Animalia,Chordata,Aves,Coraciiformes,Alcedinidae,Megaceryle
3559,Megaceryle torquata,Birds,Animalia,Chordata,Aves,Coraciiformes,Alcedinidae,Megaceryle
3560,Pelargopsis capensis,Birds,Animalia,Chordata,Aves,Coraciiformes,Alcedinidae,Pelargopsis
3561,Todiramphus chloris,Birds,Animalia,Chordata,Aves,Coraciiformes,Alcedinidae,Todiramphus
3562,Todiramphus macleayii,Birds,Animalia,Chordata,Aves,Coraciiformes,Alcedinidae,Todiramphus
3563,Todiramphus sanctus,Birds,Animalia,Chordata,Aves,Coraciiformes,Alcedinidae,Todiramphus
3564,Coracias benghalensis,Birds,Animalia,Chordata,Aves,Coraciiformes,Coraciidae,Coracias
3565,Coracias caudatus,Birds,Animalia,Chordata,Aves,Coraciiformes,Coraciidae,Coracias
3566,Coracias garrulus,Birds,Animalia,Chordata,Aves,Coraciiformes,Coraciidae,Coracias
3567,Eurystomus orientalis,Birds,Animalia,Chordata,Aves,Coraciiformes,Coraciidae,Eurystomus
3568,Merops apiaster,Birds,Animalia,Chordata,Aves,Coraciiformes,Meropidae,Merops
3569,Merops bullockoides,Birds,Animalia,Chordata,Aves,Coraciiformes,Meropidae,Merops
3570,Merops orientalis,Birds,Animalia,Chordata,Aves,Coraciiformes,Meropidae,Merops
3571,Merops ornatus,Birds,Animalia,Chordata,Aves,Coraciiformes,Meropidae,Merops
3572,Merops persicus,Birds,Animalia,Chordata,Aves,Coraciiformes,Meropidae,Merops
3573,Merops philippinus,Birds,Animalia,Chordata,Aves,Coraciiformes,Meropidae,Merops
3574,Merops pusillus,Birds,Animalia,Chordata,Aves,Coraciiformes,Meropidae,Merops
3575,Eumomota superciliosa,Birds,Animalia,Chordata,Aves,Coraciiformes,Momotidae,Eumomota
3576,Momotus aequatorialis,Birds,Animalia,Chordata,Aves,Coraciiformes,Momotidae,Momotus
3577,Momotus lessonii,Birds,Animalia,Chordata,Aves,Coraciiformes,Momotidae,Momotus
3578,Momotus mexicanus,Birds,Animalia,Chordata,Aves,Coraciiformes,Momotidae,Momotus
3579,Cacomantis flabelliformis,Birds,Animalia,Chordata,Aves,Cuculiformes,Cuculidae,Cacomantis
3580,Centropus sinensis,Birds,Animalia,Chordata,Aves,Cuculiformes,Cuculidae,Centropus
3581,Centropus superciliosus,Birds,Animalia,Chordata,Aves,Cuculiformes,Cuculidae,Centropus
3582,Coccyzus americanus,Birds,Animalia,Chordata,Aves,Cuculiformes,Cuculidae,Coccyzus
3583,Coccyzus erythropthalmus,Birds,Animalia,Chordata,Aves,Cuculiformes,Cuculidae,Coccyzus
3584,Crotophaga ani,Birds,Animalia,Chordata,Aves,Cuculiformes,Cuculidae,Crotophaga
3585,Crotophaga major,Birds,Animalia,Chordata,Aves,Cuculiformes,Cuculidae,Crotophaga
3586,Crotophaga sulcirostris,Birds,Animalia,Chordata,Aves,Cuculiformes,Cuculidae,Crotophaga
3587,Cuculus canorus,Birds,Animalia,Chordata,Aves,Cuculiformes,Cuculidae,Cuculus
3588,Eudynamys scolopaceus,Birds,Animalia,Chordata,Aves,Cuculiformes,Cuculidae,Eudynamys
3589,Geococcyx californianus,Birds,Animalia,Chordata,Aves,Cuculiformes,Cuculidae,Geococcyx
3590,Guira guira,Birds,Animalia,Chordata,Aves,Cuculiformes,Cuculidae,Guira
3591,Piaya cayana,Birds,Animalia,Chordata,Aves,Cuculiformes,Cuculidae,Piaya
3592,Caracara cheriway,Birds,Animalia,Chordata,Aves,Falconiformes,Falconidae,Caracara
3593,Caracara plancus,Birds,Animalia,Chordata,Aves,Falconiformes,Falconidae,Caracara
3594,Falco berigora,Birds,Animalia,Chordata,Aves,Falconiformes,Falconidae,Falco
3595,Falco cenchroides,Birds,Animalia,Chordata,Aves,Falconiformes,Falconidae,Falco
3596,Falco columbarius,Birds,Animalia,Chordata,Aves,Falconiformes,Falconidae,Falco
3597,Falco femoralis,Birds,Animalia,Chordata,Aves,Falconiformes,Falconidae,Falco
3598,Falco mexicanus,Birds,Animalia,Chordata,Aves,Falconiformes,Falconidae,Falco
3599,Falco naumanni,Birds,Animalia,Chordata,Aves,Falconiformes,Falconidae,Falco
3600,Falco novaeseelandiae,Birds,Animalia,Chordata,Aves,Falconiformes,Falconidae,Falco
3601,Falco peregrinus,Birds,Animalia,Chordata,Aves,Falconiformes,Falconidae,Falco
3602,Falco rufigularis,Birds,Animalia,Chordata,Aves,Falconiformes,Falconidae,Falco
3603,Falco rupicolus,Birds,Animalia,Chordata,Aves,Falconiformes,Falconidae,Falco
3604,Falco sparverius,Birds,Animalia,Chordata,Aves,Falconiformes,Falconidae,Falco
3605,Falco subbuteo,Birds,Animalia,Chordata,Aves,Falconiformes,Falconidae,Falco
3606,Falco tinnunculus,Birds,Animalia,Chordata,Aves,Falconiformes,Falconidae,Falco
3607,Falco vespertinus,Birds,Animalia,Chordata,Aves,Falconiformes,Falconidae,Falco
3608,Herpetotheres cachinnans,Birds,Animalia,Chordata,Aves,Falconiformes,Falconidae,Herpetotheres
3609,Milvago chimachima,Birds,Animalia,Chordata,Aves,Falconiformes,Falconidae,Milvago
3610,Milvago chimango,Birds,Animalia,Chordata,Aves,Falconiformes,Falconidae,Milvago
3611,Galbula ruficauda,Birds,Animalia,Chordata,Aves,Galbuliformes,Galbulidae,Galbula
3612,Crax rubra,Birds,Animalia,Chordata,Aves,Galliformes,Cracidae,Crax
3613,Ortalis cinereiceps,Birds,Animalia,Chordata,Aves,Galliformes,Cracidae,Ortalis
3614,Ortalis poliocephala,Birds,Animalia,Chordata,Aves,Galliformes,Cracidae,Ortalis
3615,Ortalis vetula,Birds,Animalia,Chordata,Aves,Galliformes,Cracidae,Ortalis
3616,Ortalis wagleri,Birds,Animalia,Chordata,Aves,Galliformes,Cracidae,Ortalis
3617,Penelope obscura,Birds,Animalia,Chordata,Aves,Galliformes,Cracidae,Penelope
3618,Penelope purpurascens,Birds,Animalia,Chordata,Aves,Galliformes,Cracidae,Penelope
3619,Alectura lathami,Birds,Animalia,Chordata,Aves,Galliformes,Megapodiidae,Alectura
3620,Numida meleagris,Birds,Animalia,Chordata,Aves,Galliformes,Numididae,Numida
3621,Callipepla californica,Birds,Animalia,Chordata,Aves,Galliformes,Odontophoridae,Callipepla
3622,Callipepla gambelii,Birds,Animalia,Chordata,Aves,Galliformes,Odontophoridae,Callipepla
3623,Callipepla squamata,Birds,Animalia,Chordata,Aves,Galliformes,Odontophoridae,Callipepla
3624,Colinus virginianus,Birds,Animalia,Chordata,Aves,Galliformes,Odontophoridae,Colinus
3625,Alectoris chukar,Birds,Animalia,Chordata,Aves,Galliformes,Phasianidae,Alectoris
3626,Alectoris rufa,Birds,Animalia,Chordata,Aves,Galliformes,Phasianidae,Alectoris
3627,Bonasa umbellus,Birds,Animalia,Chordata,Aves,Galliformes,Phasianidae,Bonasa
3628,Dendragapus fuliginosus,Birds,Animalia,Chordata,Aves,Galliformes,Phasianidae,Dendragapus
3629,Dendragapus obscurus,Birds,Animalia,Chordata,Aves,Galliformes,Phasianidae,Dendragapus
3630,Falcipennis canadensis,Birds,Animalia,Chordata,Aves,Galliformes,Phasianidae,Falcipennis
3631,Francolinus pondicerianus,Birds,Animalia,Chordata,Aves,Galliformes,Phasianidae,Francolinus
3632,Gallus gallus,Birds,Animalia,Chordata,Aves,Galliformes,Phasianidae,Gallus
3633,Lagopus lagopus,Birds,Animalia,Chordata,Aves,Galliformes,Phasianidae,Lagopus
3634,Meleagris gallopavo,Birds,Animalia,Chordata,Aves,Galliformes,Phasianidae,Meleagris
3635,Pavo cristatus,Birds,Animalia,Chordata,Aves,Galliformes,Phasianidae,Pavo
3636,Perdix perdix,Birds,Animalia,Chordata,Aves,Galliformes,Phasianidae,Perdix
3637,Phasianus colchicus,Birds,Animalia,Chordata,Aves,Galliformes,Phasianidae,Phasianus
3638,Pternistis capensis,Birds,Animalia,Chordata,Aves,Galliformes,Phasianidae,Pternistis
3639,Tetrao tetrix,Birds,Animalia,Chordata,Aves,Galliformes,Phasianidae,Tetrao
3640,Tetrastes bonasia,Birds,Animalia,Chordata,Aves,Galliformes,Phasianidae,Tetrastes
3641,Gavia arctica,Birds,Animalia,Chordata,Aves,Gaviiformes,Gaviidae,Gavia
3642,Gavia immer,Birds,Animalia,Chordata,Aves,Gaviiformes,Gaviidae,Gavia
3643,Gavia pacifica,Birds,Animalia,Chordata,Aves,Gaviiformes,Gaviidae,Gavia
3644,Gavia stellata,Birds,Animalia,Chordata,Aves,Gaviiformes,Gaviidae,Gavia
3645,Aramus guarauna,Birds,Animalia,Chordata,Aves,Gruiformes,Aramidae,Aramus
3646,Anthropoides paradiseus,Birds,Animalia,Chordata,Aves,Gruiformes,Gruidae,Anthropoides
3647,Anthropoides virgo,Birds,Animalia,Chordata,Aves,Gruiformes,Gruidae,Anthropoides
3648,Antigone canadensis,Birds,Animalia,Chordata,Aves,Gruiformes,Gruidae,Antigone
3649,Antigone rubicunda,Birds,Animalia,Chordata,Aves,Gruiformes,Gruidae,Antigone
3650,Grus americana,Birds,Animalia,Chordata,Aves,Gruiformes,Gruidae,Grus
3651,Grus grus,Birds,Animalia,Chordata,Aves,Gruiformes,Gruidae,Grus
3652,Amaurornis phoenicurus,Birds,Animalia,Chordata,Aves,Gruiformes,Rallidae,Amaurornis
3653,Aramides albiventris,Birds,Animalia,Chordata,Aves,Gruiformes,Rallidae,Aramides
3654,Aramides cajaneus,Birds,Animalia,Chordata,Aves,Gruiformes,Rallidae,Aramides
3655,Fulica americana,Birds,Animalia,Chordata,Aves,Gruiformes,Rallidae,Fulica
3656,Fulica ardesiaca,Birds,Animalia,Chordata,Aves,Gruiformes,Rallidae,Fulica
3657,Fulica armillata,Birds,Animalia,Chordata,Aves,Gruiformes,Rallidae,Fulica
3658,Fulica atra,Birds,Animalia,Chordata,Aves,Gruiformes,Rallidae,Fulica
3659,Fulica cristata,Birds,Animalia,Chordata,Aves,Gruiformes,Rallidae,Fulica
3660,Gallinula chloropus,Birds,Animalia,Chordata,Aves,Gruiformes,Rallidae,Gallinula
3661,Gallinula galeata,Birds,Animalia,Chordata,Aves,Gruiformes,Rallidae,Gallinula
3662,Gallinula tenebrosa,Birds,Animalia,Chordata,Aves,Gruiformes,Rallidae,Gallinula
3663,Gallirallus australis,Birds,Animalia,Chordata,Aves,Gruiformes,Rallidae,Gallirallus
3664,Gallirallus philippensis,Birds,Animalia,Chordata,Aves,Gruiformes,Rallidae,Gallirallus
3665,Porphyrio martinica,Birds,Animalia,Chordata,Aves,Gruiformes,Rallidae,Porphyrio
3666,Porphyrio melanotus,Birds,Animalia,Chordata,Aves,Gruiformes,Rallidae,Porphyrio
3667,Porphyrio poliocephalus,Birds,Animalia,Chordata,Aves,Gruiformes,Rallidae,Porphyrio
3668,Porzana carolina,Birds,Animalia,Chordata,Aves,Gruiformes,Rallidae,Porzana
3669,Rallus aquaticus,Birds,Animalia,Chordata,Aves,Gruiformes,Rallidae,Rallus
3670,Rallus crepitans,Birds,Animalia,Chordata,Aves,Gruiformes,Rallidae,Rallus
3671,Rallus limicola,Birds,Animalia,Chordata,Aves,Gruiformes,Rallidae,Rallus
3672,Rallus obsoletus,Birds,Animalia,Chordata,Aves,Gruiformes,Rallidae,Rallus
3673,Zapornia flavirostra,Birds,Animalia,Chordata,Aves,Gruiformes,Rallidae,Zapornia
3674,Corythaixoides concolor,Birds,Animalia,Chordata,Aves,Musophagiformes,Musophagidae,Corythaixoides
3675,Opisthocomus hoazin,Birds,Animalia,Chordata,Aves,Opisthocomiformes,Opisthocomidae,Opisthocomus
3676,Ardeotis kori,Birds,Animalia,Chordata,Aves,Otidiformes,Otididae,Ardeotis
3677,Acanthisitta chloris,Birds,Animalia,Chordata,Aves,Passeriformes,Acanthisittidae,Acanthisitta
3678,Acanthiza chrysorrhoa,Birds,Animalia,Chordata,Aves,Passeriformes,Acanthizidae,Acanthiza
3679,Acanthiza pusilla,Birds,Animalia,Chordata,Aves,Passeriformes,Acanthizidae,Acanthiza
3680,Gerygone igata,Birds,Animalia,Chordata,Aves,Passeriformes,Acanthizidae,Gerygone
3681,Sericornis frontalis,Birds,Animalia,Chordata,Aves,Passeriformes,Acanthizidae,Sericornis
3682,Acrocephalus arundinaceus,Birds,Animalia,Chordata,Aves,Passeriformes,Acrocephalidae,Acrocephalus
3683,Acrocephalus australis,Birds,Animalia,Chordata,Aves,Passeriformes,Acrocephalidae,Acrocephalus
3684,Acrocephalus dumetorum,Birds,Animalia,Chordata,Aves,Passeriformes,Acrocephalidae,Acrocephalus
3685,Acrocephalus schoenobaenus,Birds,Animalia,Chordata,Aves,Passeriformes,Acrocephalidae,Acrocephalus
3686,Acrocephalus scirpaceus,Birds,Animalia,Chordata,Aves,Passeriformes,Acrocephalidae,Acrocephalus
3687,Iduna caligata,Birds,Animalia,Chordata,Aves,Passeriformes,Acrocephalidae,Iduna
3688,Aegithalos caudatus,Birds,Animalia,Chordata,Aves,Passeriformes,Aegithalidae,Aegithalos
3689,Psaltriparus minimus,Birds,Animalia,Chordata,Aves,Passeriformes,Aegithalidae,Psaltriparus
3690,Aegithina tiphia,Birds,Animalia,Chordata,Aves,Passeriformes,Aegithinidae,Aegithina
3691,Alauda arvensis,Birds,Animalia,Chordata,Aves,Passeriformes,Alaudidae,Alauda
3692,Eremophila alpestris,Birds,Animalia,Chordata,Aves,Passeriformes,Alaudidae,Eremophila
3693,Galerida cristata,Birds,Animalia,Chordata,Aves,Passeriformes,Alaudidae,Galerida
3694,Lullula arborea,Birds,Animalia,Chordata,Aves,Passeriformes,Alaudidae,Lullula
3695,Artamus cyanopterus,Birds,Animalia,Chordata,Aves,Passeriformes,Artamidae,Artamus
3696,Artamus leucorynchus,Birds,Animalia,Chordata,Aves,Passeriformes,Artamidae,Artamus
3697,Cracticus nigrogularis,Birds,Animalia,Chordata,Aves,Passeriformes,Artamidae,Cracticus
3698,Cracticus torquatus,Birds,Animalia,Chordata,Aves,Passeriformes,Artamidae,Cracticus
3699,Gymnorhina tibicen,Birds,Animalia,Chordata,Aves,Passeriformes,Artamidae,Gymnorhina
3700,Strepera graculina,Birds,Animalia,Chordata,Aves,Passeriformes,Artamidae,Strepera
3701,Bombycilla cedrorum,Birds,Animalia,Chordata,Aves,Passeriformes,Bombycillidae,Bombycilla
3702,Bombycilla garrulus,Birds,Animalia,Chordata,Aves,Passeriformes,Bombycillidae,Bombycilla
3703,Buphagus erythrorynchus,Birds,Animalia,Chordata,Aves,Passeriformes,Buphagidae,Buphagus
3704,Calcarius lapponicus,Birds,Animalia,Chordata,Aves,Passeriformes,Calcariidae,Calcarius
3705,Plectrophenax nivalis,Birds,Animalia,Chordata,Aves,Passeriformes,Calcariidae,Plectrophenax
3706,Philesturnus rufusater,Birds,Animalia,Chordata,Aves,Passeriformes,Callaeidae,Philesturnus
3707,Coracina novaehollandiae,Birds,Animalia,Chordata,Aves,Passeriformes,Campephagidae,Coracina
3708,Pericrocotus speciosus,Birds,Animalia,Chordata,Aves,Passeriformes,Campephagidae,Pericrocotus
3709,Cardinalis cardinalis,Birds,Animalia,Chordata,Aves,Passeriformes,Cardinalidae,Cardinalis
3710,Cardinalis sinuatus,Birds,Animalia,Chordata,Aves,Passeriformes,Cardinalidae,Cardinalis
3711,Cyanocompsa parellina,Birds,Animalia,Chordata,Aves,Passeriformes,Cardinalidae,Cyanocompsa
3712,Habia fuscicauda,Birds,Animalia,Chordata,Aves,Passeriformes,Cardinalidae,Habia
3713,Passerina amoena,Birds,Animalia,Chordata,Aves,Passeriformes,Cardinalidae,Passerina
3714,Passerina caerulea,Birds,Animalia,Chordata,Aves,Passeriformes,Cardinalidae,Passerina
3715,Passerina ciris,Birds,Animalia,Chordata,Aves,Passeriformes,Cardinalidae,Passerina
3716,Passerina cyanea,Birds,Animalia,Chordata,Aves,Passeriformes,Cardinalidae,Passerina
3717,Passerina leclancherii,Birds,Animalia,Chordata,Aves,Passeriformes,Cardinalidae,Passerina
3718,Passerina versicolor,Birds,Animalia,Chordata,Aves,Passeriformes,Cardinalidae,Passerina
3719,Pheucticus chrysopeplus,Birds,Animalia,Chordata,Aves,Passeriformes,Cardinalidae,Pheucticus
3720,Pheucticus ludovicianus,Birds,Animalia,Chordata,Aves,Passeriformes,Cardinalidae,Pheucticus
3721,Pheucticus melanocephalus,Birds,Animalia,Chordata,Aves,Passeriformes,Cardinalidae,Pheucticus
3722,Piranga bidentata,Birds,Animalia,Chordata,Aves,Passeriformes,Cardinalidae,Piranga
3723,Piranga flava,Birds,Animalia,Chordata,Aves,Passeriformes,Cardinalidae,Piranga
3724,Piranga ludoviciana,Birds,Animalia,Chordata,Aves,Passeriformes,Cardinalidae,Piranga
3725,Piranga olivacea,Birds,Animalia,Chordata,Aves,Passeriformes,Cardinalidae,Piranga
3726,Piranga rubra,Birds,Animalia,Chordata,Aves,Passeriformes,Cardinalidae,Piranga
3727,Spiza americana,Birds,Animalia,Chordata,Aves,Passeriformes,Cardinalidae,Spiza
3728,Certhia americana,Birds,Animalia,Chordata,Aves,Passeriformes,Certhiidae,Certhia
3729,Certhia brachydactyla,Birds,Animalia,Chordata,Aves,Passeriformes,Certhiidae,Certhia
3730,Certhia familiaris,Birds,Animalia,Chordata,Aves,Passeriformes,Certhiidae,Certhia
3731,Cinclus cinclus,Birds,Animalia,Chordata,Aves,Passeriformes,Cinclidae,Cinclus
3732,Cinclus mexicanus,Birds,Animalia,Chordata,Aves,Passeriformes,Cinclidae,Cinclus
3733,Cisticola exilis,Birds,Animalia,Chordata,Aves,Passeriformes,Cisticolidae,Cisticola
3734,Cisticola juncidis,Birds,Animalia,Chordata,Aves,Passeriformes,Cisticolidae,Cisticola
3735,Orthotomus sutorius,Birds,Animalia,Chordata,Aves,Passeriformes,Cisticolidae,Orthotomus
3736,Prinia inornata,Birds,Animalia,Chordata,Aves,Passeriformes,Cisticolidae,Prinia
3737,Prinia maculosa,Birds,Animalia,Chordata,Aves,Passeriformes,Cisticolidae,Prinia
3738,Prinia subflava,Birds,Animalia,Chordata,Aves,Passeriformes,Cisticolidae,Prinia
3739,Cormobates leucophaea,Birds,Animalia,Chordata,Aves,Passeriformes,Climacteridae,Cormobates
3740,Corcorax melanorhamphos,Birds,Animalia,Chordata,Aves,Passeriformes,Corcoracidae,Corcorax
3741,Aphelocoma californica,Birds,Animalia,Chordata,Aves,Passeriformes,Corvidae,Aphelocoma
3742,Aphelocoma coerulescens,Birds,Animalia,Chordata,Aves,Passeriformes,Corvidae,Aphelocoma
3743,Aphelocoma wollweberi,Birds,Animalia,Chordata,Aves,Passeriformes,Corvidae,Aphelocoma
3744,Aphelocoma woodhouseii,Birds,Animalia,Chordata,Aves,Passeriformes,Corvidae,Aphelocoma
3745,Calocitta colliei,Birds,Animalia,Chordata,Aves,Passeriformes,Corvidae,Calocitta
3746,Calocitta formosa,Birds,Animalia,Chordata,Aves,Passeriformes,Corvidae,Calocitta
3747,Corvus albicollis,Birds,Animalia,Chordata,Aves,Passeriformes,Corvidae,Corvus
3748,Corvus albus,Birds,Animalia,Chordata,Aves,Passeriformes,Corvidae,Corvus
3749,Corvus brachyrhynchos,Birds,Animalia,Chordata,Aves,Passeriformes,Corvidae,Corvus
3750,Corvus caurinus,Birds,Animalia,Chordata,Aves,Passeriformes,Corvidae,Corvus
3751,Corvus corax,Birds,Animalia,Chordata,Aves,Passeriformes,Corvidae,Corvus
3752,Corvus cornix,Birds,Animalia,Chordata,Aves,Passeriformes,Corvidae,Corvus
3753,Corvus corone,Birds,Animalia,Chordata,Aves,Passeriformes,Corvidae,Corvus
3754,Corvus coronoides,Birds,Animalia,Chordata,Aves,Passeriformes,Corvidae,Corvus
3755,Corvus frugilegus,Birds,Animalia,Chordata,Aves,Passeriformes,Corvidae,Corvus
3756,Corvus macrorhynchos,Birds,Animalia,Chordata,Aves,Passeriformes,Corvidae,Corvus
3757,Corvus mellori,Birds,Animalia,Chordata,Aves,Passeriformes,Corvidae,Corvus
3758,Corvus monedula,Birds,Animalia,Chordata,Aves,Passeriformes,Corvidae,Corvus
3759,Corvus ossifragus,Birds,Animalia,Chordata,Aves,Passeriformes,Corvidae,Corvus
3760,Corvus splendens,Birds,Animalia,Chordata,Aves,Passeriformes,Corvidae,Corvus
3761,Cyanocitta cristata,Birds,Animalia,Chordata,Aves,Passeriformes,Corvidae,Cyanocitta
3762,Cyanocitta stelleri,Birds,Animalia,Chordata,Aves,Passeriformes,Corvidae,Cyanocitta
3763,Cyanocorax chrysops,Birds,Animalia,Chordata,Aves,Passeriformes,Corvidae,Cyanocorax
3764,Cyanocorax yncas,Birds,Animalia,Chordata,Aves,Passeriformes,Corvidae,Cyanocorax
3765,Cyanocorax yucatanicus,Birds,Animalia,Chordata,Aves,Passeriformes,Corvidae,Cyanocorax
3766,Cyanopica cyanus,Birds,Animalia,Chordata,Aves,Passeriformes,Corvidae,Cyanopica
3767,Dendrocitta formosae,Birds,Animalia,Chordata,Aves,Passeriformes,Corvidae,Dendrocitta
3768,Dendrocitta vagabunda,Birds,Animalia,Chordata,Aves,Passeriformes,Corvidae,Dendrocitta
3769,Garrulus glandarius,Birds,Animalia,Chordata,Aves,Passeriformes,Corvidae,Garrulus
3770,Nucifraga caryocatactes,Birds,Animalia,Chordata,Aves,Passeriformes,Corvidae,Nucifraga
3771,Nucifraga columbiana,Birds,Animalia,Chordata,Aves,Passeriformes,Corvidae,Nucifraga
3772,Perisoreus canadensis,Birds,Animalia,Chordata,Aves,Passeriformes,Corvidae,Perisoreus
3773,Pica hudsonia,Birds,Animalia,Chordata,Aves,Passeriformes,Corvidae,Pica
3774,Pica nuttalli,Birds,Animalia,Chordata,Aves,Passeriformes,Corvidae,Pica
3775,Pica pica,Birds,Animalia,Chordata,Aves,Passeriformes,Corvidae,Pica
3776,Pica serica,Birds,Animalia,Chordata,Aves,Passeriformes,Corvidae,Pica
3777,Psilorhinus morio,Birds,Animalia,Chordata,Aves,Passeriformes,Corvidae,Psilorhinus
3778,Pyrrhocorax graculus,Birds,Animalia,Chordata,Aves,Passeriformes,Corvidae,Pyrrhocorax
3779,Pyrrhocorax pyrrhocorax,Birds,Animalia,Chordata,Aves,Passeriformes,Corvidae,Pyrrhocorax
3780,Urocissa erythroryncha,Birds,Animalia,Chordata,Aves,Passeriformes,Corvidae,Urocissa
3781,Dicaeum hirundinaceum,Birds,Animalia,Chordata,Aves,Passeriformes,Dicaeidae,Dicaeum
3782,Dicrurus adsimilis,Birds,Animalia,Chordata,Aves,Passeriformes,Dicruridae,Dicrurus
3783,Dicrurus bracteatus,Birds,Animalia,Chordata,Aves,Passeriformes,Dicruridae,Dicrurus
3784,Dicrurus leucophaeus,Birds,Animalia,Chordata,Aves,Passeriformes,Dicruridae,Dicrurus
3785,Dicrurus macrocercus,Birds,Animalia,Chordata,Aves,Passeriformes,Dicruridae,Dicrurus
3786,Dicrurus paradiseus,Birds,Animalia,Chordata,Aves,Passeriformes,Dicruridae,Dicrurus
3787,Emberiza calandra,Birds,Animalia,Chordata,Aves,Passeriformes,Emberizidae,Emberiza
3788,Emberiza cia,Birds,Animalia,Chordata,Aves,Passeriformes,Emberizidae,Emberiza
3789,Emberiza cirlus,Birds,Animalia,Chordata,Aves,Passeriformes,Emberizidae,Emberiza
3790,Emberiza citrinella,Birds,Animalia,Chordata,Aves,Passeriformes,Emberizidae,Emberiza
3791,Emberiza elegans,Birds,Animalia,Chordata,Aves,Passeriformes,Emberizidae,Emberiza
3792,Emberiza hortulana,Birds,Animalia,Chordata,Aves,Passeriformes,Emberizidae,Emberiza
3793,Emberiza rustica,Birds,Animalia,Chordata,Aves,Passeriformes,Emberizidae,Emberiza
3794,Emberiza schoeniclus,Birds,Animalia,Chordata,Aves,Passeriformes,Emberizidae,Emberiza
3795,Emberiza spodocephala,Birds,Animalia,Chordata,Aves,Passeriformes,Emberizidae,Emberiza
3796,Estrilda astrild,Birds,Animalia,Chordata,Aves,Passeriformes,Estrildidae,Estrilda
3797,Euodice malabarica,Birds,Animalia,Chordata,Aves,Passeriformes,Estrildidae,Euodice
3798,Lagonosticta senegala,Birds,Animalia,Chordata,Aves,Passeriformes,Estrildidae,Lagonosticta
3799,Lonchura atricapilla,Birds,Animalia,Chordata,Aves,Passeriformes,Estrildidae,Lonchura
3800,Lonchura punctulata,Birds,Animalia,Chordata,Aves,Passeriformes,Estrildidae,Lonchura
3801,Lonchura striata,Birds,Animalia,Chordata,Aves,Passeriformes,Estrildidae,Lonchura
3802,Neochmia temporalis,Birds,Animalia,Chordata,Aves,Passeriformes,Estrildidae,Neochmia
3803,Spermestes cucullata,Birds,Animalia,Chordata,Aves,Passeriformes,Estrildidae,Spermestes
3804,Taeniopygia bichenovii,Birds,Animalia,Chordata,Aves,Passeriformes,Estrildidae,Taeniopygia
3805,Uraeginthus angolensis,Birds,Animalia,Chordata,Aves,Passeriformes,Estrildidae,Uraeginthus
3806,Acanthis cabaret,Birds,Animalia,Chordata,Aves,Passeriformes,Fringillidae,Acanthis
3807,Acanthis flammea,Birds,Animalia,Chordata,Aves,Passeriformes,Fringillidae,Acanthis
3808,Acanthis hornemanni,Birds,Animalia,Chordata,Aves,Passeriformes,Fringillidae,Acanthis
3809,Carduelis carduelis,Birds,Animalia,Chordata,Aves,Passeriformes,Fringillidae,Carduelis
3810,Carpodacus erythrinus,Birds,Animalia,Chordata,Aves,Passeriformes,Fringillidae,Carpodacus
3811,Carpodacus sibiricus,Birds,Animalia,Chordata,Aves,Passeriformes,Fringillidae,Carpodacus
3812,Chloris chloris,Birds,Animalia,Chordata,Aves,Passeriformes,Fringillidae,Chloris
3813,Chloris sinica,Birds,Animalia,Chordata,Aves,Passeriformes,Fringillidae,Chloris
3814,Coccothraustes coccothraustes,Birds,Animalia,Chordata,Aves,Passeriformes,Fringillidae,Coccothraustes
3815,Coccothraustes vespertinus,Birds,Animalia,Chordata,Aves,Passeriformes,Fringillidae,Coccothraustes
3816,Crithagra mozambica,Birds,Animalia,Chordata,Aves,Passeriformes,Fringillidae,Crithagra
3817,Euphonia affinis,Birds,Animalia,Chordata,Aves,Passeriformes,Fringillidae,Euphonia
3818,Euphonia elegantissima,Birds,Animalia,Chordata,Aves,Passeriformes,Fringillidae,Euphonia
3819,Euphonia hirundinacea,Birds,Animalia,Chordata,Aves,Passeriformes,Fringillidae,Euphonia
3820,Euphonia laniirostris,Birds,Animalia,Chordata,Aves,Passeriformes,Fringillidae,Euphonia
3821,Fringilla coelebs,Birds,Animalia,Chordata,Aves,Passeriformes,Fringillidae,Fringilla
3822,Fringilla montifringilla,Birds,Animalia,Chordata,Aves,Passeriformes,Fringillidae,Fringilla
3823,Haemorhous cassinii,Birds,Animalia,Chordata,Aves,Passeriformes,Fringillidae,Haemorhous
3824,Haemorhous mexicanus,Birds,Animalia,Chordata,Aves,Passeriformes,Fringillidae,Haemorhous
3825,Haemorhous purpureus,Birds,Animalia,Chordata,Aves,Passeriformes,Fringillidae,Haemorhous
3826,Leucosticte tephrocotis,Birds,Animalia,Chordata,Aves,Passeriformes,Fringillidae,Leucosticte
3827,Linaria cannabina,Birds,Animalia,Chordata,Aves,Passeriformes,Fringillidae,Linaria
3828,Loxia curvirostra,Birds,Animalia,Chordata,Aves,Passeriformes,Fringillidae,Loxia
3829,Loxia leucoptera,Birds,Animalia,Chordata,Aves,Passeriformes,Fringillidae,Loxia
3830,Pinicola enucleator,Birds,Animalia,Chordata,Aves,Passeriformes,Fringillidae,Pinicola
3831,Pyrrhula pyrrhula,Birds,Animalia,Chordata,Aves,Passeriformes,Fringillidae,Pyrrhula
3832,Serinus serinus,Birds,Animalia,Chordata,Aves,Passeriformes,Fringillidae,Serinus
3833,Spinus lawrencei,Birds,Animalia,Chordata,Aves,Passeriformes,Fringillidae,Spinus
3834,Spinus magellanicus,Birds,Animalia,Chordata,Aves,Passeriformes,Fringillidae,Spinus
3835,Spinus pinus,Birds,Animalia,Chordata,Aves,Passeriformes,Fringillidae,Spinus
3836,Spinus psaltria,Birds,Animalia,Chordata,Aves,Passeriformes,Fringillidae,Spinus
3837,Spinus spinus,Birds,Animalia,Chordata,Aves,Passeriformes,Fringillidae,Spinus
3838,Spinus tristis,Birds,Animalia,Chordata,Aves,Passeriformes,Fringillidae,Spinus
3839,Certhiaxis cinnamomeus,Birds,Animalia,Chordata,Aves,Passeriformes,Furnariidae,Certhiaxis
3840,Furnarius leucopus,Birds,Animalia,Chordata,Aves,Passeriformes,Furnariidae,Furnarius
3841,Furnarius rufus,Birds,Animalia,Chordata,Aves,Passeriformes,Furnariidae,Furnarius
3842,Lepidocolaptes angustirostris,Birds,Animalia,Chordata,Aves,Passeriformes,Furnariidae,Lepidocolaptes
3843,Xiphorhynchus flavigaster,Birds,Animalia,Chordata,Aves,Passeriformes,Furnariidae,Xiphorhynchus
3844,Cecropis abyssinica,Birds,Animalia,Chordata,Aves,Passeriformes,Hirundinidae,Cecropis
3845,Cecropis daurica,Birds,Animalia,Chordata,Aves,Passeriformes,Hirundinidae,Cecropis
3846,Delichon urbicum,Birds,Animalia,Chordata,Aves,Passeriformes,Hirundinidae,Delichon
3847,Hirundo albigularis,Birds,Animalia,Chordata,Aves,Passeriformes,Hirundinidae,Hirundo
3848,Hirundo neoxena,Birds,Animalia,Chordata,Aves,Passeriformes,Hirundinidae,Hirundo
3849,Hirundo rustica,Birds,Animalia,Chordata,Aves,Passeriformes,Hirundinidae,Hirundo
3850,Hirundo smithii,Birds,Animalia,Chordata,Aves,Passeriformes,Hirundinidae,Hirundo
3851,Hirundo tahitica,Birds,Animalia,Chordata,Aves,Passeriformes,Hirundinidae,Hirundo
3852,Petrochelidon fulva,Birds,Animalia,Chordata,Aves,Passeriformes,Hirundinidae,Petrochelidon
3853,Petrochelidon pyrrhonota,Birds,Animalia,Chordata,Aves,Passeriformes,Hirundinidae,Petrochelidon
3854,Progne chalybea,Birds,Animalia,Chordata,Aves,Passeriformes,Hirundinidae,Progne
3855,Progne subis,Birds,Animalia,Chordata,Aves,Passeriformes,Hirundinidae,Progne
3856,Progne tapera,Birds,Animalia,Chordata,Aves,Passeriformes,Hirundinidae,Progne
3857,Ptyonoprogne rupestris,Birds,Animalia,Chordata,Aves,Passeriformes,Hirundinidae,Ptyonoprogne
3858,Pygochelidon cyanoleuca,Birds,Animalia,Chordata,Aves,Passeriformes,Hirundinidae,Pygochelidon
3859,Riparia riparia,Birds,Animalia,Chordata,Aves,Passeriformes,Hirundinidae,Riparia
3860,Stelgidopteryx ruficollis,Birds,Animalia,Chordata,Aves,Passeriformes,Hirundinidae,Stelgidopteryx
3861,Stelgidopteryx serripennis,Birds,Animalia,Chordata,Aves,Passeriformes,Hirundinidae,Stelgidopteryx
3862,Tachycineta albilinea,Birds,Animalia,Chordata,Aves,Passeriformes,Hirundinidae,Tachycineta
3863,Tachycineta albiventer,Birds,Animalia,Chordata,Aves,Passeriformes,Hirundinidae,Tachycineta
3864,Tachycineta bicolor,Birds,Animalia,Chordata,Aves,Passeriformes,Hirundinidae,Tachycineta
3865,Tachycineta thalassina,Birds,Animalia,Chordata,Aves,Passeriformes,Hirundinidae,Tachycineta
3866,Agelaioides badius,Birds,Animalia,Chordata,Aves,Passeriformes,Icteridae,Agelaioides
3867,Agelaius phoeniceus,Birds,Animalia,Chordata,Aves,Passeriformes,Icteridae,Agelaius
3868,Agelaius tricolor,Birds,Animalia,Chordata,Aves,Passeriformes,Icteridae,Agelaius
3869,Cacicus cela,Birds,Animalia,Chordata,Aves,Passeriformes,Icteridae,Cacicus
3870,Cassiculus melanicterus,Birds,Animalia,Chordata,Aves,Passeriformes,Icteridae,Cassiculus
3871,Chrysomus icterocephalus,Birds,Animalia,Chordata,Aves,Passeriformes,Icteridae,Chrysomus
3872,Dives dives,Birds,Animalia,Chordata,Aves,Passeriformes,Icteridae,Dives
3873,Dolichonyx oryzivorus,Birds,Animalia,Chordata,Aves,Passeriformes,Icteridae,Dolichonyx
3874,Euphagus carolinus,Birds,Animalia,Chordata,Aves,Passeriformes,Icteridae,Euphagus
3875,Euphagus cyanocephalus,Birds,Animalia,Chordata,Aves,Passeriformes,Icteridae,Euphagus
3876,Icterus abeillei,Birds,Animalia,Chordata,Aves,Passeriformes,Icteridae,Icterus
3877,Icterus bullockii,Birds,Animalia,Chordata,Aves,Passeriformes,Icteridae,Icterus
3878,Icterus chrysater,Birds,Animalia,Chordata,Aves,Passeriformes,Icteridae,Icterus
3879,Icterus cucullatus,Birds,Animalia,Chordata,Aves,Passeriformes,Icteridae,Icterus
3880,Icterus galbula,Birds,Animalia,Chordata,Aves,Passeriformes,Icteridae,Icterus
3881,Icterus graduacauda,Birds,Animalia,Chordata,Aves,Passeriformes,Icteridae,Icterus
3882,Icterus gularis,Birds,Animalia,Chordata,Aves,Passeriformes,Icteridae,Icterus
3883,Icterus nigrogularis,Birds,Animalia,Chordata,Aves,Passeriformes,Icteridae,Icterus
3884,Icterus parisorum,Birds,Animalia,Chordata,Aves,Passeriformes,Icteridae,Icterus
3885,Icterus pectoralis,Birds,Animalia,Chordata,Aves,Passeriformes,Icteridae,Icterus
3886,Icterus prosthemelas,Birds,Animalia,Chordata,Aves,Passeriformes,Icteridae,Icterus
3887,Icterus pustulatus,Birds,Animalia,Chordata,Aves,Passeriformes,Icteridae,Icterus
3888,Icterus pyrrhopterus,Birds,Animalia,Chordata,Aves,Passeriformes,Icteridae,Icterus
3889,Icterus spurius,Birds,Animalia,Chordata,Aves,Passeriformes,Icteridae,Icterus
3890,Icterus wagleri,Birds,Animalia,Chordata,Aves,Passeriformes,Icteridae,Icterus
3891,Leistes loyca,Birds,Animalia,Chordata,Aves,Passeriformes,Icteridae,Leistes
3892,Molothrus aeneus,Birds,Animalia,Chordata,Aves,Passeriformes,Icteridae,Molothrus
3893,Molothrus ater,Birds,Animalia,Chordata,Aves,Passeriformes,Icteridae,Molothrus
3894,Molothrus bonariensis,Birds,Animalia,Chordata,Aves,Passeriformes,Icteridae,Molothrus
3895,Psarocolius decumanus,Birds,Animalia,Chordata,Aves,Passeriformes,Icteridae,Psarocolius
3896,Psarocolius montezuma,Birds,Animalia,Chordata,Aves,Passeriformes,Icteridae,Psarocolius
3897,Quiscalus lugubris,Birds,Animalia,Chordata,Aves,Passeriformes,Icteridae,Quiscalus
3898,Quiscalus major,Birds,Animalia,Chordata,Aves,Passeriformes,Icteridae,Quiscalus
3899,Quiscalus mexicanus,Birds,Animalia,Chordata,Aves,Passeriformes,Icteridae,Quiscalus
3900,Quiscalus niger,Birds,Animalia,Chordata,Aves,Passeriformes,Icteridae,Quiscalus
3901,Quiscalus quiscula,Birds,Animalia,Chordata,Aves,Passeriformes,Icteridae,Quiscalus
3902,Sturnella magna,Birds,Animalia,Chordata,Aves,Passeriformes,Icteridae,Sturnella
3903,Sturnella neglecta,Birds,Animalia,Chordata,Aves,Passeriformes,Icteridae,Sturnella
3904,Xanthocephalus xanthocephalus,Birds,Animalia,Chordata,Aves,Passeriformes,Icteridae,Xanthocephalus
3905,Icteria virens,Birds,Animalia,Chordata,Aves,Passeriformes,Icteriidae,Icteria
3906,Lanius borealis,Birds,Animalia,Chordata,Aves,Passeriformes,Laniidae,Lanius
3907,Lanius collaris,Birds,Animalia,Chordata,Aves,Passeriformes,Laniidae,Lanius
3908,Lanius collurio,Birds,Animalia,Chordata,Aves,Passeriformes,Laniidae,Lanius
3909,Lanius cristatus,Birds,Animalia,Chordata,Aves,Passeriformes,Laniidae,Lanius
3910,Lanius excubitor,Birds,Animalia,Chordata,Aves,Passeriformes,Laniidae,Lanius
3911,Lanius ludovicianus,Birds,Animalia,Chordata,Aves,Passeriformes,Laniidae,Lanius
3912,Lanius minor,Birds,Animalia,Chordata,Aves,Passeriformes,Laniidae,Lanius
3913,Lanius schach,Birds,Animalia,Chordata,Aves,Passeriformes,Laniidae,Lanius
3914,Lanius senator,Birds,Animalia,Chordata,Aves,Passeriformes,Laniidae,Lanius
3915,Garrulax perspicillatus,Birds,Animalia,Chordata,Aves,Passeriformes,Leiothrichidae,Garrulax
3916,Turdoides striata,Birds,Animalia,Chordata,Aves,Passeriformes,Leiothrichidae,Turdoides
3917,Dryoscopus cubla,Birds,Animalia,Chordata,Aves,Passeriformes,Malaconotidae,Dryoscopus
3918,Laniarius ferrugineus,Birds,Animalia,Chordata,Aves,Passeriformes,Malaconotidae,Laniarius
3919,Telophorus zeylonus,Birds,Animalia,Chordata,Aves,Passeriformes,Malaconotidae,Telophorus
3920,Malurus cyaneus,Birds,Animalia,Chordata,Aves,Passeriformes,Maluridae,Malurus
3921,Malurus melanocephalus,Birds,Animalia,Chordata,Aves,Passeriformes,Maluridae,Malurus
3922,Malurus splendens,Birds,Animalia,Chordata,Aves,Passeriformes,Maluridae,Malurus
3923,Acanthorhynchus tenuirostris,Birds,Animalia,Chordata,Aves,Passeriformes,Meliphagidae,Acanthorhynchus
3924,Anthochaera carunculata,Birds,Animalia,Chordata,Aves,Passeriformes,Meliphagidae,Anthochaera
3925,Anthochaera chrysoptera,Birds,Animalia,Chordata,Aves,Passeriformes,Meliphagidae,Anthochaera
3926,Anthornis melanura,Birds,Animalia,Chordata,Aves,Passeriformes,Meliphagidae,Anthornis
3927,Caligavis chrysops,Birds,Animalia,Chordata,Aves,Passeriformes,Meliphagidae,Caligavis
3928,Entomyzon cyanotis,Birds,Animalia,Chordata,Aves,Passeriformes,Meliphagidae,Entomyzon
3929,Gavicalis virescens,Birds,Animalia,Chordata,Aves,Passeriformes,Meliphagidae,Gavicalis
3930,Lichmera indistincta,Birds,Animalia,Chordata,Aves,Passeriformes,Meliphagidae,Lichmera
3931,Manorina melanocephala,Birds,Animalia,Chordata,Aves,Passeriformes,Meliphagidae,Manorina
3932,Meliphaga lewinii,Birds,Animalia,Chordata,Aves,Passeriformes,Meliphagidae,Meliphaga
3933,Myzomela sanguinolenta,Birds,Animalia,Chordata,Aves,Passeriformes,Meliphagidae,Myzomela
3934,Philemon corniculatus,Birds,Animalia,Chordata,Aves,Passeriformes,Meliphagidae,Philemon
3935,Phylidonyris niger,Birds,Animalia,Chordata,Aves,Passeriformes,Meliphagidae,Phylidonyris
3936,Phylidonyris novaehollandiae,Birds,Animalia,Chordata,Aves,Passeriformes,Meliphagidae,Phylidonyris
3937,Prosthemadera novaeseelandiae,Birds,Animalia,Chordata,Aves,Passeriformes,Meliphagidae,Prosthemadera
3938,Ptilotula penicillata,Birds,Animalia,Chordata,Aves,Passeriformes,Meliphagidae,Ptilotula
3939,Menura novaehollandiae,Birds,Animalia,Chordata,Aves,Passeriformes,Menuridae,Menura
3940,Dumetella carolinensis,Birds,Animalia,Chordata,Aves,Passeriformes,Mimidae,Dumetella
3941,Melanotis caerulescens,Birds,Animalia,Chordata,Aves,Passeriformes,Mimidae,Melanotis
3942,Mimus gilvus,Birds,Animalia,Chordata,Aves,Passeriformes,Mimidae,Mimus
3943,Mimus longicaudatus,Birds,Animalia,Chordata,Aves,Passeriformes,Mimidae,Mimus
3944,Mimus polyglottos,Birds,Animalia,Chordata,Aves,Passeriformes,Mimidae,Mimus
3945,Mimus saturninus,Birds,Animalia,Chordata,Aves,Passeriformes,Mimidae,Mimus
3946,Oreoscoptes montanus,Birds,Animalia,Chordata,Aves,Passeriformes,Mimidae,Oreoscoptes
3947,Toxostoma curvirostre,Birds,Animalia,Chordata,Aves,Passeriformes,Mimidae,Toxostoma
3948,Toxostoma longirostre,Birds,Animalia,Chordata,Aves,Passeriformes,Mimidae,Toxostoma
3949,Toxostoma redivivum,Birds,Animalia,Chordata,Aves,Passeriformes,Mimidae,Toxostoma
3950,Toxostoma rufum,Birds,Animalia,Chordata,Aves,Passeriformes,Mimidae,Toxostoma
3951,Grallina cyanoleuca,Birds,Animalia,Chordata,Aves,Passeriformes,Monarchidae,Grallina
3952,Hypothymis azurea,Birds,Animalia,Chordata,Aves,Passeriformes,Monarchidae,Hypothymis
3953,Terpsiphone paradisi,Birds,Animalia,Chordata,Aves,Passeriformes,Monarchidae,Terpsiphone
3954,Terpsiphone viridis,Birds,Animalia,Chordata,Aves,Passeriformes,Monarchidae,Terpsiphone
3955,Anthus campestris,Birds,Animalia,Chordata,Aves,Passeriformes,Motacillidae,Anthus
3956,Anthus cervinus,Birds,Animalia,Chordata,Aves,Passeriformes,Motacillidae,Anthus
3957,Anthus cinnamomeus,Birds,Animalia,Chordata,Aves,Passeriformes,Motacillidae,Anthus
3958,Anthus hodgsoni,Birds,Animalia,Chordata,Aves,Passeriformes,Motacillidae,Anthus
3959,Anthus novaeseelandiae,Birds,Animalia,Chordata,Aves,Passeriformes,Motacillidae,Anthus
3960,Anthus petrosus,Birds,Animalia,Chordata,Aves,Passeriformes,Motacillidae,Anthus
3961,Anthus pratensis,Birds,Animalia,Chordata,Aves,Passeriformes,Motacillidae,Anthus
3962,Anthus rubescens,Birds,Animalia,Chordata,Aves,Passeriformes,Motacillidae,Anthus
3963,Anthus rufulus,Birds,Animalia,Chordata,Aves,Passeriformes,Motacillidae,Anthus
3964,Anthus spinoletta,Birds,Animalia,Chordata,Aves,Passeriformes,Motacillidae,Anthus
3965,Anthus trivialis,Birds,Animalia,Chordata,Aves,Passeriformes,Motacillidae,Anthus
3966,Macronyx croceus,Birds,Animalia,Chordata,Aves,Passeriformes,Motacillidae,Macronyx
3967,Motacilla aguimp,Birds,Animalia,Chordata,Aves,Passeriformes,Motacillidae,Motacilla
3968,Motacilla alba,Birds,Animalia,Chordata,Aves,Passeriformes,Motacillidae,Motacilla
3969,Motacilla capensis,Birds,Animalia,Chordata,Aves,Passeriformes,Motacillidae,Motacilla
3970,Motacilla cinerea,Birds,Animalia,Chordata,Aves,Passeriformes,Motacillidae,Motacilla
3971,Motacilla citreola,Birds,Animalia,Chordata,Aves,Passeriformes,Motacillidae,Motacilla
3972,Motacilla flava,Birds,Animalia,Chordata,Aves,Passeriformes,Motacillidae,Motacilla
3973,Motacilla tschutschensis,Birds,Animalia,Chordata,Aves,Passeriformes,Motacillidae,Motacilla
3974,Copsychus fulicatus,Birds,Animalia,Chordata,Aves,Passeriformes,Muscicapidae,Copsychus
3975,Copsychus malabaricus,Birds,Animalia,Chordata,Aves,Passeriformes,Muscicapidae,Copsychus
3976,Copsychus saularis,Birds,Animalia,Chordata,Aves,Passeriformes,Muscicapidae,Copsychus
3977,Cossypha caffra,Birds,Animalia,Chordata,Aves,Passeriformes,Muscicapidae,Cossypha
3978,Erithacus rubecula,Birds,Animalia,Chordata,Aves,Passeriformes,Muscicapidae,Erithacus
3979,Eumyias thalassinus,Birds,Animalia,Chordata,Aves,Passeriformes,Muscicapidae,Eumyias
3980,Ficedula hypoleuca,Birds,Animalia,Chordata,Aves,Passeriformes,Muscicapidae,Ficedula
3981,Luscinia luscinia,Birds,Animalia,Chordata,Aves,Passeriformes,Muscicapidae,Luscinia
3982,Luscinia megarhynchos,Birds,Animalia,Chordata,Aves,Passeriformes,Muscicapidae,Luscinia
3983,Luscinia svecica,Birds,Animalia,Chordata,Aves,Passeriformes,Muscicapidae,Luscinia
3984,Melaenornis silens,Birds,Animalia,Chordata,Aves,Passeriformes,Muscicapidae,Melaenornis
3985,Monticola solitarius,Birds,Animalia,Chordata,Aves,Passeriformes,Muscicapidae,Monticola
3986,Muscicapa adusta,Birds,Animalia,Chordata,Aves,Passeriformes,Muscicapidae,Muscicapa
3987,Muscicapa dauurica,Birds,Animalia,Chordata,Aves,Passeriformes,Muscicapidae,Muscicapa
3988,Muscicapa striata,Birds,Animalia,Chordata,Aves,Passeriformes,Muscicapidae,Muscicapa
3989,Myophonus caeruleus,Birds,Animalia,Chordata,Aves,Passeriformes,Muscicapidae,Myophonus
3990,Oenanthe familiaris,Birds,Animalia,Chordata,Aves,Passeriformes,Muscicapidae,Oenanthe
3991,Oenanthe oenanthe,Birds,Animalia,Chordata,Aves,Passeriformes,Muscicapidae,Oenanthe
3992,Phoenicurus auroreus,Birds,Animalia,Chordata,Aves,Passeriformes,Muscicapidae,Phoenicurus
3993,Phoenicurus fuliginosus,Birds,Animalia,Chordata,Aves,Passeriformes,Muscicapidae,Phoenicurus
3994,Phoenicurus ochruros,Birds,Animalia,Chordata,Aves,Passeriformes,Muscicapidae,Phoenicurus
3995,Phoenicurus phoenicurus,Birds,Animalia,Chordata,Aves,Passeriformes,Muscicapidae,Phoenicurus
3996,Saxicola caprata,Birds,Animalia,Chordata,Aves,Passeriformes,Muscicapidae,Saxicola
3997,Saxicola maurus,Birds,Animalia,Chordata,Aves,Passeriformes,Muscicapidae,Saxicola
3998,Saxicola rubetra,Birds,Animalia,Chordata,Aves,Passeriformes,Muscicapidae,Saxicola
3999,Saxicola rubicola,Birds,Animalia,Chordata,Aves,Passeriformes,Muscicapidae,Saxicola
4000,Saxicola torquatus,Birds,Animalia,Chordata,Aves,Passeriformes,Muscicapidae,Saxicola
4001,Tarsiger cyanurus,Birds,Animalia,Chordata,Aves,Passeriformes,Muscicapidae,Tarsiger
4002,Aethopyga siparaja,Birds,Animalia,Chordata,Aves,Passeriformes,Nectariniidae,Aethopyga
4003,Anthobaphes violacea,Birds,Animalia,Chordata,Aves,Passeriformes,Nectariniidae,Anthobaphes
4004,Anthreptes malacensis,Birds,Animalia,Chordata,Aves,Passeriformes,Nectariniidae,Anthreptes
4005,Chalcomitra amethystina,Birds,Animalia,Chordata,Aves,Passeriformes,Nectariniidae,Chalcomitra
4006,Chalcomitra senegalensis,Birds,Animalia,Chordata,Aves,Passeriformes,Nectariniidae,Chalcomitra
4007,Cinnyris afer,Birds,Animalia,Chordata,Aves,Passeriformes,Nectariniidae,Cinnyris
4008,Cinnyris asiaticus,Birds,Animalia,Chordata,Aves,Passeriformes,Nectariniidae,Cinnyris
4009,Cinnyris chalybeus,Birds,Animalia,Chordata,Aves,Passeriformes,Nectariniidae,Cinnyris
4010,Cinnyris jugularis,Birds,Animalia,Chordata,Aves,Passeriformes,Nectariniidae,Cinnyris
4011,Hedydipna collaris,Birds,Animalia,Chordata,Aves,Passeriformes,Nectariniidae,Hedydipna
4012,Leptocoma zeylonica,Birds,Animalia,Chordata,Aves,Passeriformes,Nectariniidae,Leptocoma
4013,Nectarinia famosa,Birds,Animalia,Chordata,Aves,Passeriformes,Nectariniidae,Nectarinia
4014,Oriolus chinensis,Birds,Animalia,Chordata,Aves,Passeriformes,Oriolidae,Oriolus
4015,Oriolus larvatus,Birds,Animalia,Chordata,Aves,Passeriformes,Oriolidae,Oriolus
4016,Oriolus oriolus,Birds,Animalia,Chordata,Aves,Passeriformes,Oriolidae,Oriolus
4017,Oriolus sagittatus,Birds,Animalia,Chordata,Aves,Passeriformes,Oriolidae,Oriolus
4018,Oriolus xanthornus,Birds,Animalia,Chordata,Aves,Passeriformes,Oriolidae,Oriolus
4019,Sphecotheres vieilloti,Birds,Animalia,Chordata,Aves,Passeriformes,Oriolidae,Sphecotheres
4020,Colluricincla harmonica,Birds,Animalia,Chordata,Aves,Passeriformes,Pachycephalidae,Colluricincla
4021,Pachycephala pectoralis,Birds,Animalia,Chordata,Aves,Passeriformes,Pachycephalidae,Pachycephala
4022,Pachycephala rufiventris,Birds,Animalia,Chordata,Aves,Passeriformes,Pachycephalidae,Pachycephala
4023,Panurus biarmicus,Birds,Animalia,Chordata,Aves,Passeriformes,Panuridae,Panurus
4024,Pardalotus punctatus,Birds,Animalia,Chordata,Aves,Passeriformes,Pardalotidae,Pardalotus
4025,Pardalotus striatus,Birds,Animalia,Chordata,Aves,Passeriformes,Pardalotidae,Pardalotus
4026,Baeolophus atricristatus,Birds,Animalia,Chordata,Aves,Passeriformes,Paridae,Baeolophus
4027,Baeolophus bicolor,Birds,Animalia,Chordata,Aves,Passeriformes,Paridae,Baeolophus
4028,Baeolophus inornatus,Birds,Animalia,Chordata,Aves,Passeriformes,Paridae,Baeolophus
4029,Baeolophus ridgwayi,Birds,Animalia,Chordata,Aves,Passeriformes,Paridae,Baeolophus
4030,Baeolophus wollweberi,Birds,Animalia,Chordata,Aves,Passeriformes,Paridae,Baeolophus
4031,Cyanistes caeruleus,Birds,Animalia,Chordata,Aves,Passeriformes,Paridae,Cyanistes
4032,Cyanistes cyanus,Birds,Animalia,Chordata,Aves,Passeriformes,Paridae,Cyanistes
4033,Lophophanes cristatus,Birds,Animalia,Chordata,Aves,Passeriformes,Paridae,Lophophanes
4034,Parus major,Birds,Animalia,Chordata,Aves,Passeriformes,Paridae,Parus
4035,Parus minor,Birds,Animalia,Chordata,Aves,Passeriformes,Paridae,Parus
4036,Periparus ater,Birds,Animalia,Chordata,Aves,Passeriformes,Paridae,Periparus
4037,Poecile atricapillus,Birds,Animalia,Chordata,Aves,Passeriformes,Paridae,Poecile
4038,Poecile carolinensis,Birds,Animalia,Chordata,Aves,Passeriformes,Paridae,Poecile
4039,Poecile gambeli,Birds,Animalia,Chordata,Aves,Passeriformes,Paridae,Poecile
4040,Poecile hudsonicus,Birds,Animalia,Chordata,Aves,Passeriformes,Paridae,Poecile
4041,Poecile montanus,Birds,Animalia,Chordata,Aves,Passeriformes,Paridae,Poecile
4042,Poecile palustris,Birds,Animalia,Chordata,Aves,Passeriformes,Paridae,Poecile
4043,Poecile rufescens,Birds,Animalia,Chordata,Aves,Passeriformes,Paridae,Poecile
4044,Basileuterus culicivorus,Birds,Animalia,Chordata,Aves,Passeriformes,Parulidae,Basileuterus
4045,Basileuterus rufifrons,Birds,Animalia,Chordata,Aves,Passeriformes,Parulidae,Basileuterus
4046,Cardellina canadensis,Birds,Animalia,Chordata,Aves,Passeriformes,Parulidae,Cardellina
4047,Cardellina pusilla,Birds,Animalia,Chordata,Aves,Passeriformes,Parulidae,Cardellina
4048,Geothlypis formosa,Birds,Animalia,Chordata,Aves,Passeriformes,Parulidae,Geothlypis
4049,Geothlypis philadelphia,Birds,Animalia,Chordata,Aves,Passeriformes,Parulidae,Geothlypis
4050,Geothlypis tolmiei,Birds,Animalia,Chordata,Aves,Passeriformes,Parulidae,Geothlypis
4051,Geothlypis trichas,Birds,Animalia,Chordata,Aves,Passeriformes,Parulidae,Geothlypis
4052,Helmitheros vermivorum,Birds,Animalia,Chordata,Aves,Passeriformes,Parulidae,Helmitheros
4053,Leiothlypis celata,Birds,Animalia,Chordata,Aves,Passeriformes,Parulidae,Leiothlypis
4054,Leiothlypis luciae,Birds,Animalia,Chordata,Aves,Passeriformes,Parulidae,Leiothlypis
4055,Leiothlypis peregrina,Birds,Animalia,Chordata,Aves,Passeriformes,Parulidae,Leiothlypis
4056,Leiothlypis ruficapilla,Birds,Animalia,Chordata,Aves,Passeriformes,Parulidae,Leiothlypis
4057,Mniotilta varia,Birds,Animalia,Chordata,Aves,Passeriformes,Parulidae,Mniotilta
4058,Myioborus miniatus,Birds,Animalia,Chordata,Aves,Passeriformes,Parulidae,Myioborus
4059,Myioborus pictus,Birds,Animalia,Chordata,Aves,Passeriformes,Parulidae,Myioborus
4060,Oreothlypis superciliosa,Birds,Animalia,Chordata,Aves,Passeriformes,Parulidae,Oreothlypis
4061,Parkesia motacilla,Birds,Animalia,Chordata,Aves,Passeriformes,Parulidae,Parkesia
4062,Parkesia noveboracensis,Birds,Animalia,Chordata,Aves,Passeriformes,Parulidae,Parkesia
4063,Protonotaria citrea,Birds,Animalia,Chordata,Aves,Passeriformes,Parulidae,Protonotaria
4064,Seiurus aurocapilla,Birds,Animalia,Chordata,Aves,Passeriformes,Parulidae,Seiurus
4065,Setophaga americana,Birds,Animalia,Chordata,Aves,Passeriformes,Parulidae,Setophaga
4066,Setophaga caerulescens,Birds,Animalia,Chordata,Aves,Passeriformes,Parulidae,Setophaga
4067,Setophaga castanea,Birds,Animalia,Chordata,Aves,Passeriformes,Parulidae,Setophaga
4068,Setophaga cerulea,Birds,Animalia,Chordata,Aves,Passeriformes,Parulidae,Setophaga
4069,Setophaga chrysoparia,Birds,Animalia,Chordata,Aves,Passeriformes,Parulidae,Setophaga
4070,Setophaga citrina,Birds,Animalia,Chordata,Aves,Passeriformes,Parulidae,Setophaga
4071,Setophaga coronata,Birds,Animalia,Chordata,Aves,Passeriformes,Parulidae,Setophaga
4072,Setophaga discolor,Birds,Animalia,Chordata,Aves,Passeriformes,Parulidae,Setophaga
4073,Setophaga dominica,Birds,Animalia,Chordata,Aves,Passeriformes,Parulidae,Setophaga
4074,Setophaga fusca,Birds,Animalia,Chordata,Aves,Passeriformes,Parulidae,Setophaga
4075,Setophaga graciae,Birds,Animalia,Chordata,Aves,Passeriformes,Parulidae,Setophaga
4076,Setophaga magnolia,Birds,Animalia,Chordata,Aves,Passeriformes,Parulidae,Setophaga
4077,Setophaga nigrescens,Birds,Animalia,Chordata,Aves,Passeriformes,Parulidae,Setophaga
4078,Setophaga occidentalis,Birds,Animalia,Chordata,Aves,Passeriformes,Parulidae,Setophaga
4079,Setophaga palmarum,Birds,Animalia,Chordata,Aves,Passeriformes,Parulidae,Setophaga
4080,Setophaga pensylvanica,Birds,Animalia,Chordata,Aves,Passeriformes,Parulidae,Setophaga
4081,Setophaga petechia,Birds,Animalia,Chordata,Aves,Passeriformes,Parulidae,Setophaga
4082,Setophaga pinus,Birds,Animalia,Chordata,Aves,Passeriformes,Parulidae,Setophaga
4083,Setophaga pitiayumi,Birds,Animalia,Chordata,Aves,Passeriformes,Parulidae,Setophaga
4084,Setophaga ruticilla,Birds,Animalia,Chordata,Aves,Passeriformes,Parulidae,Setophaga
4085,Setophaga striata,Birds,Animalia,Chordata,Aves,Passeriformes,Parulidae,Setophaga
4086,Setophaga tigrina,Birds,Animalia,Chordata,Aves,Passeriformes,Parulidae,Setophaga
4087,Setophaga townsendi,Birds,Animalia,Chordata,Aves,Passeriformes,Parulidae,Setophaga
4088,Setophaga virens,Birds,Animalia,Chordata,Aves,Passeriformes,Parulidae,Setophaga
4089,Vermivora chrysoptera,Birds,Animalia,Chordata,Aves,Passeriformes,Parulidae,Vermivora
4090,Vermivora cyanoptera,Birds,Animalia,Chordata,Aves,Passeriformes,Parulidae,Vermivora
4091,Aimophila ruficeps,Birds,Animalia,Chordata,Aves,Passeriformes,Passerellidae,Aimophila
4092,Ammodramus savannarum,Birds,Animalia,Chordata,Aves,Passeriformes,Passerellidae,Ammodramus
4093,Ammospiza leconteii,Birds,Animalia,Chordata,Aves,Passeriformes,Passerellidae,Ammospiza
4094,Ammospiza nelsoni,Birds,Animalia,Chordata,Aves,Passeriformes,Passerellidae,Ammospiza
4095,Amphispiza bilineata,Birds,Animalia,Chordata,Aves,Passeriformes,Passerellidae,Amphispiza
4096,Arremonops rufivirgatus,Birds,Animalia,Chordata,Aves,Passeriformes,Passerellidae,Arremonops
4097,Artemisiospiza belli,Birds,Animalia,Chordata,Aves,Passeriformes,Passerellidae,Artemisiospiza
4098,Artemisiospiza nevadensis,Birds,Animalia,Chordata,Aves,Passeriformes,Passerellidae,Artemisiospiza
4099,Calamospiza melanocorys,Birds,Animalia,Chordata,Aves,Passeriformes,Passerellidae,Calamospiza
4100,Centronyx henslowii,Birds,Animalia,Chordata,Aves,Passeriformes,Passerellidae,Centronyx
4101,Chlorospingus flavopectus,Birds,Animalia,Chordata,Aves,Passeriformes,Passerellidae,Chlorospingus
4102,Chondestes grammacus,Birds,Animalia,Chordata,Aves,Passeriformes,Passerellidae,Chondestes
4103,Junco hyemalis,Birds,Animalia,Chordata,Aves,Passeriformes,Passerellidae,Junco
4104,Junco phaeonotus,Birds,Animalia,Chordata,Aves,Passeriformes,Passerellidae,Junco
4105,Melospiza georgiana,Birds,Animalia,Chordata,Aves,Passeriformes,Passerellidae,Melospiza
4106,Melospiza lincolnii,Birds,Animalia,Chordata,Aves,Passeriformes,Passerellidae,Melospiza
4107,Melospiza melodia,Birds,Animalia,Chordata,Aves,Passeriformes,Passerellidae,Melospiza
4108,Melozone aberti,Birds,Animalia,Chordata,Aves,Passeriformes,Passerellidae,Melozone
4109,Melozone crissalis,Birds,Animalia,Chordata,Aves,Passeriformes,Passerellidae,Melozone
4110,Melozone fusca,Birds,Animalia,Chordata,Aves,Passeriformes,Passerellidae,Melozone
4111,Oriturus superciliosus,Birds,Animalia,Chordata,Aves,Passeriformes,Passerellidae,Oriturus
4112,Passerculus sandwichensis,Birds,Animalia,Chordata,Aves,Passeriformes,Passerellidae,Passerculus
4113,Passerella iliaca,Birds,Animalia,Chordata,Aves,Passeriformes,Passerellidae,Passerella
4114,Peucaea carpalis,Birds,Animalia,Chordata,Aves,Passeriformes,Passerellidae,Peucaea
4115,Peucaea cassinii,Birds,Animalia,Chordata,Aves,Passeriformes,Passerellidae,Peucaea
4116,Peucaea ruficauda,Birds,Animalia,Chordata,Aves,Passeriformes,Passerellidae,Peucaea
4117,Pipilo chlorurus,Birds,Animalia,Chordata,Aves,Passeriformes,Passerellidae,Pipilo
4118,Pipilo erythrophthalmus,Birds,Animalia,Chordata,Aves,Passeriformes,Passerellidae,Pipilo
4119,Pipilo maculatus,Birds,Animalia,Chordata,Aves,Passeriformes,Passerellidae,Pipilo
4120,Pooecetes gramineus,Birds,Animalia,Chordata,Aves,Passeriformes,Passerellidae,Pooecetes
4121,Spizella atrogularis,Birds,Animalia,Chordata,Aves,Passeriformes,Passerellidae,Spizella
4122,Spizella breweri,Birds,Animalia,Chordata,Aves,Passeriformes,Passerellidae,Spizella
4123,Spizella pallida,Birds,Animalia,Chordata,Aves,Passeriformes,Passerellidae,Spizella
4124,Spizella passerina,Birds,Animalia,Chordata,Aves,Passeriformes,Passerellidae,Spizella
4125,Spizella pusilla,Birds,Animalia,Chordata,Aves,Passeriformes,Passerellidae,Spizella
4126,Spizelloides arborea,Birds,Animalia,Chordata,Aves,Passeriformes,Passerellidae,Spizelloides
4127,Zonotrichia albicollis,Birds,Animalia,Chordata,Aves,Passeriformes,Passerellidae,Zonotrichia
4128,Zonotrichia atricapilla,Birds,Animalia,Chordata,Aves,Passeriformes,Passerellidae,Zonotrichia
4129,Zonotrichia capensis,Birds,Animalia,Chordata,Aves,Passeriformes,Passerellidae,Zonotrichia
4130,Zonotrichia leucophrys,Birds,Animalia,Chordata,Aves,Passeriformes,Passerellidae,Zonotrichia
4131,Zonotrichia querula,Birds,Animalia,Chordata,Aves,Passeriformes,Passerellidae,Zonotrichia
4132,Passer diffusus,Birds,Animalia,Chordata,Aves,Passeriformes,Passeridae,Passer
4133,Passer domesticus,Birds,Animalia,Chordata,Aves,Passeriformes,Passeridae,Passer
4134,Passer hispaniolensis,Birds,Animalia,Chordata,Aves,Passeriformes,Passeridae,Passer
4135,Passer italiae,Birds,Animalia,Chordata,Aves,Passeriformes,Passeridae,Passer
4136,Passer melanurus,Birds,Animalia,Chordata,Aves,Passeriformes,Passeridae,Passer
4137,Passer montanus,Birds,Animalia,Chordata,Aves,Passeriformes,Passeridae,Passer
4138,Eopsaltria australis,Birds,Animalia,Chordata,Aves,Passeriformes,Petroicidae,Eopsaltria
4139,Petroica australis,Birds,Animalia,Chordata,Aves,Passeriformes,Petroicidae,Petroica
4140,Petroica boodang,Birds,Animalia,Chordata,Aves,Passeriformes,Petroicidae,Petroica
4141,Petroica longipes,Birds,Animalia,Chordata,Aves,Passeriformes,Petroicidae,Petroica
4142,Petroica macrocephala,Birds,Animalia,Chordata,Aves,Passeriformes,Petroicidae,Petroica
4143,Peucedramus taeniatus,Birds,Animalia,Chordata,Aves,Passeriformes,Peucedramidae,Peucedramus
4144,Phylloscopus collybita,Birds,Animalia,Chordata,Aves,Passeriformes,Phylloscopidae,Phylloscopus
4145,Phylloscopus sibilatrix,Birds,Animalia,Chordata,Aves,Passeriformes,Phylloscopidae,Phylloscopus
4146,Phylloscopus trochilus,Birds,Animalia,Chordata,Aves,Passeriformes,Phylloscopidae,Phylloscopus
4147,Amblyospiza albifrons,Birds,Animalia,Chordata,Aves,Passeriformes,Ploceidae,Amblyospiza
4148,Euplectes orix,Birds,Animalia,Chordata,Aves,Passeriformes,Ploceidae,Euplectes
4149,Plocepasser mahali,Birds,Animalia,Chordata,Aves,Passeriformes,Ploceidae,Plocepasser
4150,Ploceus capensis,Birds,Animalia,Chordata,Aves,Passeriformes,Ploceidae,Ploceus
4151,Ploceus cucullatus,Birds,Animalia,Chordata,Aves,Passeriformes,Ploceidae,Ploceus
4152,Ploceus ocularis,Birds,Animalia,Chordata,Aves,Passeriformes,Ploceidae,Ploceus
4153,Ploceus philippinus,Birds,Animalia,Chordata,Aves,Passeriformes,Ploceidae,Ploceus
4154,Ploceus velatus,Birds,Animalia,Chordata,Aves,Passeriformes,Ploceidae,Ploceus
4155,Quelea quelea,Birds,Animalia,Chordata,Aves,Passeriformes,Ploceidae,Quelea
4156,Polioptila caerulea,Birds,Animalia,Chordata,Aves,Passeriformes,Polioptilidae,Polioptila
4157,Polioptila californica,Birds,Animalia,Chordata,Aves,Passeriformes,Polioptilidae,Polioptila
4158,Polioptila dumicola,Birds,Animalia,Chordata,Aves,Passeriformes,Polioptilidae,Polioptila
4159,Polioptila melanura,Birds,Animalia,Chordata,Aves,Passeriformes,Polioptilidae,Polioptila
4160,Promerops cafer,Birds,Animalia,Chordata,Aves,Passeriformes,Promeropidae,Promerops
4161,Prunella collaris,Birds,Animalia,Chordata,Aves,Passeriformes,Prunellidae,Prunella
4162,Prunella modularis,Birds,Animalia,Chordata,Aves,Passeriformes,Prunellidae,Prunella
4163,Phainopepla nitens,Birds,Animalia,Chordata,Aves,Passeriformes,Ptiliogonatidae,Phainopepla
4164,Ptiliogonys cinereus,Birds,Animalia,Chordata,Aves,Passeriformes,Ptiliogonatidae,Ptiliogonys
4165,Ptilonorhynchus violaceus,Birds,Animalia,Chordata,Aves,Passeriformes,Ptilonorhynchidae,Ptilonorhynchus
4166,Andropadus importunus,Birds,Animalia,Chordata,Aves,Passeriformes,Pycnonotidae,Andropadus
4167,Hypsipetes amaurotis,Birds,Animalia,Chordata,Aves,Passeriformes,Pycnonotidae,Hypsipetes
4168,Hypsipetes leucocephalus,Birds,Animalia,Chordata,Aves,Passeriformes,Pycnonotidae,Hypsipetes
4169,Pycnonotus aurigaster,Birds,Animalia,Chordata,Aves,Passeriformes,Pycnonotidae,Pycnonotus
4170,Pycnonotus barbatus,Birds,Animalia,Chordata,Aves,Passeriformes,Pycnonotidae,Pycnonotus
4171,Pycnonotus cafer,Birds,Animalia,Chordata,Aves,Passeriformes,Pycnonotidae,Pycnonotus
4172,Pycnonotus capensis,Birds,Animalia,Chordata,Aves,Passeriformes,Pycnonotidae,Pycnonotus
4173,Pycnonotus goiavier,Birds,Animalia,Chordata,Aves,Passeriformes,Pycnonotidae,Pycnonotus
4174,Pycnonotus jocosus,Birds,Animalia,Chordata,Aves,Passeriformes,Pycnonotidae,Pycnonotus
4175,Pycnonotus leucotis,Birds,Animalia,Chordata,Aves,Passeriformes,Pycnonotidae,Pycnonotus
4176,Pycnonotus sinensis,Birds,Animalia,Chordata,Aves,Passeriformes,Pycnonotidae,Pycnonotus
4177,Regulus calendula,Birds,Animalia,Chordata,Aves,Passeriformes,Regulidae,Regulus
4178,Regulus ignicapilla,Birds,Animalia,Chordata,Aves,Passeriformes,Regulidae,Regulus
4179,Regulus regulus,Birds,Animalia,Chordata,Aves,Passeriformes,Regulidae,Regulus
4180,Regulus satrapa,Birds,Animalia,Chordata,Aves,Passeriformes,Regulidae,Regulus
4181,Auriparus flaviceps,Birds,Animalia,Chordata,Aves,Passeriformes,Remizidae,Auriparus
4182,Remiz pendulinus,Birds,Animalia,Chordata,Aves,Passeriformes,Remizidae,Remiz
4183,Rhipidura albiscapa,Birds,Animalia,Chordata,Aves,Passeriformes,Rhipiduridae,Rhipidura
4184,Rhipidura fuliginosa,Birds,Animalia,Chordata,Aves,Passeriformes,Rhipiduridae,Rhipidura
4185,Rhipidura leucophrys,Birds,Animalia,Chordata,Aves,Passeriformes,Rhipiduridae,Rhipidura
4186,Sitta canadensis,Birds,Animalia,Chordata,Aves,Passeriformes,Sittidae,Sitta
4187,Sitta carolinensis,Birds,Animalia,Chordata,Aves,Passeriformes,Sittidae,Sitta
4188,Sitta europaea,Birds,Animalia,Chordata,Aves,Passeriformes,Sittidae,Sitta
4189,Sitta pusilla,Birds,Animalia,Chordata,Aves,Passeriformes,Sittidae,Sitta
4190,Sitta pygmaea,Birds,Animalia,Chordata,Aves,Passeriformes,Sittidae,Sitta
4191,Acridotheres cristatellus,Birds,Animalia,Chordata,Aves,Passeriformes,Sturnidae,Acridotheres
4192,Acridotheres javanicus,Birds,Animalia,Chordata,Aves,Passeriformes,Sturnidae,Acridotheres
4193,Acridotheres tristis,Birds,Animalia,Chordata,Aves,Passeriformes,Sturnidae,Acridotheres
4194,Aplonis panayensis,Birds,Animalia,Chordata,Aves,Passeriformes,Sturnidae,Aplonis
4195,Cinnyricinclus leucogaster,Birds,Animalia,Chordata,Aves,Passeriformes,Sturnidae,Cinnyricinclus
4196,Gracupica contra,Birds,Animalia,Chordata,Aves,Passeriformes,Sturnidae,Gracupica
4197,Gracupica nigricollis,Birds,Animalia,Chordata,Aves,Passeriformes,Sturnidae,Gracupica
4198,Lamprotornis nitens,Birds,Animalia,Chordata,Aves,Passeriformes,Sturnidae,Lamprotornis
4199,Onychognathus morio,Birds,Animalia,Chordata,Aves,Passeriformes,Sturnidae,Onychognathus
4200,Spodiopsar cineraceus,Birds,Animalia,Chordata,Aves,Passeriformes,Sturnidae,Spodiopsar
4201,Sturnus unicolor,Birds,Animalia,Chordata,Aves,Passeriformes,Sturnidae,Sturnus
4202,Sturnus vulgaris,Birds,Animalia,Chordata,Aves,Passeriformes,Sturnidae,Sturnus
4203,Chamaea fasciata,Birds,Animalia,Chordata,Aves,Passeriformes,Sylviidae,Chamaea
4204,Sylvia atricapilla,Birds,Animalia,Chordata,Aves,Passeriformes,Sylviidae,Sylvia
4205,Sylvia borin,Birds,Animalia,Chordata,Aves,Passeriformes,Sylviidae,Sylvia
4206,Sylvia communis,Birds,Animalia,Chordata,Aves,Passeriformes,Sylviidae,Sylvia
4207,Sylvia curruca,Birds,Animalia,Chordata,Aves,Passeriformes,Sylviidae,Sylvia
4208,Sylvia melanocephala,Birds,Animalia,Chordata,Aves,Passeriformes,Sylviidae,Sylvia
4209,Thamnophilus doliatus,Birds,Animalia,Chordata,Aves,Passeriformes,Thamnophilidae,Thamnophilus
4210,Chlorophanes spiza,Birds,Animalia,Chordata,Aves,Passeriformes,Thraupidae,Chlorophanes
4211,Coereba flaveola,Birds,Animalia,Chordata,Aves,Passeriformes,Thraupidae,Coereba
4212,Cyanerpes cyaneus,Birds,Animalia,Chordata,Aves,Passeriformes,Thraupidae,Cyanerpes
4213,Dacnis cayana,Birds,Animalia,Chordata,Aves,Passeriformes,Thraupidae,Dacnis
4214,Diglossa baritula,Birds,Animalia,Chordata,Aves,Passeriformes,Thraupidae,Diglossa
4215,Embernagra platensis,Birds,Animalia,Chordata,Aves,Passeriformes,Thraupidae,Embernagra
4216,Eucometis penicillata,Birds,Animalia,Chordata,Aves,Passeriformes,Thraupidae,Eucometis
4217,Loxigilla noctis,Birds,Animalia,Chordata,Aves,Passeriformes,Thraupidae,Loxigilla
4218,Melanospiza bicolor,Birds,Animalia,Chordata,Aves,Passeriformes,Thraupidae,Melanospiza
4219,Paroaria capitata,Birds,Animalia,Chordata,Aves,Passeriformes,Thraupidae,Paroaria
4220,Paroaria coronata,Birds,Animalia,Chordata,Aves,Passeriformes,Thraupidae,Paroaria
4221,Pipraeidea bonariensis,Birds,Animalia,Chordata,Aves,Passeriformes,Thraupidae,Pipraeidea
4222,Ramphocelus carbo,Birds,Animalia,Chordata,Aves,Passeriformes,Thraupidae,Ramphocelus
4223,Ramphocelus dimidiatus,Birds,Animalia,Chordata,Aves,Passeriformes,Thraupidae,Ramphocelus
4224,Ramphocelus flammigerus,Birds,Animalia,Chordata,Aves,Passeriformes,Thraupidae,Ramphocelus
4225,Ramphocelus passerinii,Birds,Animalia,Chordata,Aves,Passeriformes,Thraupidae,Ramphocelus
4226,Saltator atriceps,Birds,Animalia,Chordata,Aves,Passeriformes,Thraupidae,Saltator
4227,Saltator aurantiirostris,Birds,Animalia,Chordata,Aves,Passeriformes,Thraupidae,Saltator
4228,Saltator coerulescens,Birds,Animalia,Chordata,Aves,Passeriformes,Thraupidae,Saltator
4229,Saltator maximus,Birds,Animalia,Chordata,Aves,Passeriformes,Thraupidae,Saltator
4230,Sicalis flaveola,Birds,Animalia,Chordata,Aves,Passeriformes,Thraupidae,Sicalis
4231,Sicalis luteola,Birds,Animalia,Chordata,Aves,Passeriformes,Thraupidae,Sicalis
4232,Sporophila caerulescens,Birds,Animalia,Chordata,Aves,Passeriformes,Thraupidae,Sporophila
4233,Sporophila corvina,Birds,Animalia,Chordata,Aves,Passeriformes,Thraupidae,Sporophila
4234,Sporophila morelleti,Birds,Animalia,Chordata,Aves,Passeriformes,Thraupidae,Sporophila
4235,Sporophila nigricollis,Birds,Animalia,Chordata,Aves,Passeriformes,Thraupidae,Sporophila
4236,Sporophila torqueola,Birds,Animalia,Chordata,Aves,Passeriformes,Thraupidae,Sporophila
4237,Stilpnia cyanicollis,Birds,Animalia,Chordata,Aves,Passeriformes,Thraupidae,Stilpnia
4238,Stilpnia larvata,Birds,Animalia,Chordata,Aves,Passeriformes,Thraupidae,Stilpnia
4239,Stilpnia vitriolina,Birds,Animalia,Chordata,Aves,Passeriformes,Thraupidae,Stilpnia
4240,Tachyphonus rufus,Birds,Animalia,Chordata,Aves,Passeriformes,Thraupidae,Tachyphonus
4241,Tangara arthus,Birds,Animalia,Chordata,Aves,Passeriformes,Thraupidae,Tangara
4242,Tangara gyrola,Birds,Animalia,Chordata,Aves,Passeriformes,Thraupidae,Tangara
4243,Tersina viridis,Birds,Animalia,Chordata,Aves,Passeriformes,Thraupidae,Tersina
4244,Thraupis abbas,Birds,Animalia,Chordata,Aves,Passeriformes,Thraupidae,Thraupis
4245,Thraupis episcopus,Birds,Animalia,Chordata,Aves,Passeriformes,Thraupidae,Thraupis
4246,Thraupis palmarum,Birds,Animalia,Chordata,Aves,Passeriformes,Thraupidae,Thraupis
4247,Thraupis sayaca,Birds,Animalia,Chordata,Aves,Passeriformes,Thraupidae,Thraupis
4248,Tiaris olivaceus,Birds,Animalia,Chordata,Aves,Passeriformes,Thraupidae,Tiaris
4249,Volatinia jacarina,Birds,Animalia,Chordata,Aves,Passeriformes,Thraupidae,Volatinia
4250,Pachyramphus aglaiae,Birds,Animalia,Chordata,Aves,Passeriformes,Tityridae,Pachyramphus
4251,Tityra semifasciata,Birds,Animalia,Chordata,Aves,Passeriformes,Tityridae,Tityra
4252,Campylorhynchus brunneicapillus,Birds,Animalia,Chordata,Aves,Passeriformes,Troglodytidae,Campylorhynchus
4253,Campylorhynchus gularis,Birds,Animalia,Chordata,Aves,Passeriformes,Troglodytidae,Campylorhynchus
4254,Campylorhynchus rufinucha,Birds,Animalia,Chordata,Aves,Passeriformes,Troglodytidae,Campylorhynchus
4255,Campylorhynchus zonatus,Birds,Animalia,Chordata,Aves,Passeriformes,Troglodytidae,Campylorhynchus
4256,Catherpes mexicanus,Birds,Animalia,Chordata,Aves,Passeriformes,Troglodytidae,Catherpes
4257,Cistothorus palustris,Birds,Animalia,Chordata,Aves,Passeriformes,Troglodytidae,Cistothorus
4258,Cistothorus platensis,Birds,Animalia,Chordata,Aves,Passeriformes,Troglodytidae,Cistothorus
4259,Salpinctes obsoletus,Birds,Animalia,Chordata,Aves,Passeriformes,Troglodytidae,Salpinctes
4260,Thryomanes bewickii,Birds,Animalia,Chordata,Aves,Passeriformes,Troglodytidae,Thryomanes
4261,Thryothorus ludovicianus,Birds,Animalia,Chordata,Aves,Passeriformes,Troglodytidae,Thryothorus
4262,Troglodytes aedon,Birds,Animalia,Chordata,Aves,Passeriformes,Troglodytidae,Troglodytes
4263,Troglodytes hiemalis,Birds,Animalia,Chordata,Aves,Passeriformes,Troglodytidae,Troglodytes
4264,Troglodytes pacificus,Birds,Animalia,Chordata,Aves,Passeriformes,Troglodytidae,Troglodytes
4265,Troglodytes troglodytes,Birds,Animalia,Chordata,Aves,Passeriformes,Troglodytidae,Troglodytes
4266,Catharus fuscescens,Birds,Animalia,Chordata,Aves,Passeriformes,Turdidae,Catharus
4267,Catharus guttatus,Birds,Animalia,Chordata,Aves,Passeriformes,Turdidae,Catharus
4268,Catharus minimus,Birds,Animalia,Chordata,Aves,Passeriformes,Turdidae,Catharus
4269,Catharus ustulatus,Birds,Animalia,Chordata,Aves,Passeriformes,Turdidae,Catharus
4270,Hylocichla mustelina,Birds,Animalia,Chordata,Aves,Passeriformes,Turdidae,Hylocichla
4271,Ixoreus naevius,Birds,Animalia,Chordata,Aves,Passeriformes,Turdidae,Ixoreus
4272,Myadestes townsendi,Birds,Animalia,Chordata,Aves,Passeriformes,Turdidae,Myadestes
4273,Sialia currucoides,Birds,Animalia,Chordata,Aves,Passeriformes,Turdidae,Sialia
4274,Sialia mexicana,Birds,Animalia,Chordata,Aves,Passeriformes,Turdidae,Sialia
4275,Sialia sialis,Birds,Animalia,Chordata,Aves,Passeriformes,Turdidae,Sialia
4276,Turdus amaurochalinus,Birds,Animalia,Chordata,Aves,Passeriformes,Turdidae,Turdus
4277,Turdus chiguanco,Birds,Animalia,Chordata,Aves,Passeriformes,Turdidae,Turdus
4278,Turdus falcklandii,Birds,Animalia,Chordata,Aves,Passeriformes,Turdidae,Turdus
4279,Turdus fuscater,Birds,Animalia,Chordata,Aves,Passeriformes,Turdidae,Turdus
4280,Turdus grayi,Birds,Animalia,Chordata,Aves,Passeriformes,Turdidae,Turdus
4281,Turdus ignobilis,Birds,Animalia,Chordata,Aves,Passeriformes,Turdidae,Turdus
4282,Turdus iliacus,Birds,Animalia,Chordata,Aves,Passeriformes,Turdidae,Turdus
4283,Turdus leucomelas,Birds,Animalia,Chordata,Aves,Passeriformes,Turdidae,Turdus
4284,Turdus merula,Birds,Animalia,Chordata,Aves,Passeriformes,Turdidae,Turdus
4285,Turdus migratorius,Birds,Animalia,Chordata,Aves,Passeriformes,Turdidae,Turdus
4286,Turdus olivaceus,Birds,Animalia,Chordata,Aves,Passeriformes,Turdidae,Turdus
4287,Turdus philomelos,Birds,Animalia,Chordata,Aves,Passeriformes,Turdidae,Turdus
4288,Turdus pilaris,Birds,Animalia,Chordata,Aves,Passeriformes,Turdidae,Turdus
4289,Turdus rufiventris,Birds,Animalia,Chordata,Aves,Passeriformes,Turdidae,Turdus
4290,Turdus rufopalliatus,Birds,Animalia,Chordata,Aves,Passeriformes,Turdidae,Turdus
4291,Turdus viscivorus,Birds,Animalia,Chordata,Aves,Passeriformes,Turdidae,Turdus
4292,Camptostoma imberbe,Birds,Animalia,Chordata,Aves,Passeriformes,Tyrannidae,Camptostoma
4293,Contopus cooperi,Birds,Animalia,Chordata,Aves,Passeriformes,Tyrannidae,Contopus
4294,Contopus pertinax,Birds,Animalia,Chordata,Aves,Passeriformes,Tyrannidae,Contopus
4295,Contopus sordidulus,Birds,Animalia,Chordata,Aves,Passeriformes,Tyrannidae,Contopus
4296,Contopus virens,Birds,Animalia,Chordata,Aves,Passeriformes,Tyrannidae,Contopus
4297,Elaenia flavogaster,Birds,Animalia,Chordata,Aves,Passeriformes,Tyrannidae,Elaenia
4298,Empidonax alnorum,Birds,Animalia,Chordata,Aves,Passeriformes,Tyrannidae,Empidonax
4299,Empidonax difficilis,Birds,Animalia,Chordata,Aves,Passeriformes,Tyrannidae,Empidonax
4300,Empidonax flaviventris,Birds,Animalia,Chordata,Aves,Passeriformes,Tyrannidae,Empidonax
4301,Empidonax fulvifrons,Birds,Animalia,Chordata,Aves,Passeriformes,Tyrannidae,Empidonax
4302,Empidonax hammondii,Birds,Animalia,Chordata,Aves,Passeriformes,Tyrannidae,Empidonax
4303,Empidonax minimus,Birds,Animalia,Chordata,Aves,Passeriformes,Tyrannidae,Empidonax
4304,Empidonax occidentalis,Birds,Animalia,Chordata,Aves,Passeriformes,Tyrannidae,Empidonax
4305,Empidonax traillii,Birds,Animalia,Chordata,Aves,Passeriformes,Tyrannidae,Empidonax
4306,Empidonax virescens,Birds,Animalia,Chordata,Aves,Passeriformes,Tyrannidae,Empidonax
4307,Empidonax wrightii,Birds,Animalia,Chordata,Aves,Passeriformes,Tyrannidae,Empidonax
4308,Fluvicola nengeta,Birds,Animalia,Chordata,Aves,Passeriformes,Tyrannidae,Fluvicola
4309,Hymenops perspicillatus,Birds,Animalia,Chordata,Aves,Passeriformes,Tyrannidae,Hymenops
4310,Machetornis rixosa,Birds,Animalia,Chordata,Aves,Passeriformes,Tyrannidae,Machetornis
4311,Megarynchus pitangua,Birds,Animalia,Chordata,Aves,Passeriformes,Tyrannidae,Megarynchus
4312,Mitrephanes phaeocercus,Birds,Animalia,Chordata,Aves,Passeriformes,Tyrannidae,Mitrephanes
4313,Myiarchus cinerascens,Birds,Animalia,Chordata,Aves,Passeriformes,Tyrannidae,Myiarchus
4314,Myiarchus crinitus,Birds,Animalia,Chordata,Aves,Passeriformes,Tyrannidae,Myiarchus
4315,Myiarchus tuberculifer,Birds,Animalia,Chordata,Aves,Passeriformes,Tyrannidae,Myiarchus
4316,Myiarchus tyrannulus,Birds,Animalia,Chordata,Aves,Passeriformes,Tyrannidae,Myiarchus
4317,Myiodynastes luteiventris,Birds,Animalia,Chordata,Aves,Passeriformes,Tyrannidae,Myiodynastes
4318,Myiodynastes maculatus,Birds,Animalia,Chordata,Aves,Passeriformes,Tyrannidae,Myiodynastes
4319,Myiozetetes cayanensis,Birds,Animalia,Chordata,Aves,Passeriformes,Tyrannidae,Myiozetetes
4320,Myiozetetes similis,Birds,Animalia,Chordata,Aves,Passeriformes,Tyrannidae,Myiozetetes
4321,Pitangus sulphuratus,Birds,Animalia,Chordata,Aves,Passeriformes,Tyrannidae,Pitangus
4322,Pyrocephalus rubinus,Birds,Animalia,Chordata,Aves,Passeriformes,Tyrannidae,Pyrocephalus
4323,Sayornis nigricans,Birds,Animalia,Chordata,Aves,Passeriformes,Tyrannidae,Sayornis
4324,Sayornis phoebe,Birds,Animalia,Chordata,Aves,Passeriformes,Tyrannidae,Sayornis
4325,Sayornis saya,Birds,Animalia,Chordata,Aves,Passeriformes,Tyrannidae,Sayornis
4326,Todirostrum cinereum,Birds,Animalia,Chordata,Aves,Passeriformes,Tyrannidae,Todirostrum
4327,Tolmomyias sulphurescens,Birds,Animalia,Chordata,Aves,Passeriformes,Tyrannidae,Tolmomyias
4328,Tyrannus couchii,Birds,Animalia,Chordata,Aves,Passeriformes,Tyrannidae,Tyrannus
4329,Tyrannus crassirostris,Birds,Animalia,Chordata,Aves,Passeriformes,Tyrannidae,Tyrannus
4330,Tyrannus dominicensis,Birds,Animalia,Chordata,Aves,Passeriformes,Tyrannidae,Tyrannus
4331,Tyrannus forficatus,Birds,Animalia,Chordata,Aves,Passeriformes,Tyrannidae,Tyrannus
4332,Tyrannus melancholicus,Birds,Animalia,Chordata,Aves,Passeriformes,Tyrannidae,Tyrannus
4333,Tyrannus savana,Birds,Animalia,Chordata,Aves,Passeriformes,Tyrannidae,Tyrannus
4334,Tyrannus tyrannus,Birds,Animalia,Chordata,Aves,Passeriformes,Tyrannidae,Tyrannus
4335,Tyrannus verticalis,Birds,Animalia,Chordata,Aves,Passeriformes,Tyrannidae,Tyrannus
4336,Tyrannus vociferans,Birds,Animalia,Chordata,Aves,Passeriformes,Tyrannidae,Tyrannus
4337,Vidua macroura,Birds,Animalia,Chordata,Aves,Passeriformes,Viduidae,Vidua
4338,Cyclarhis gujanensis,Birds,Animalia,Chordata,Aves,Passeriformes,Vireonidae,Cyclarhis
4339,Vireo bellii,Birds,Animalia,Chordata,Aves,Passeriformes,Vireonidae,Vireo
4340,Vireo cassinii,Birds,Animalia,Chordata,Aves,Passeriformes,Vireonidae,Vireo
4341,Vireo flavifrons,Birds,Animalia,Chordata,Aves,Passeriformes,Vireonidae,Vireo
4342,Vireo flavoviridis,Birds,Animalia,Chordata,Aves,Passeriformes,Vireonidae,Vireo
4343,Vireo gilvus,Birds,Animalia,Chordata,Aves,Passeriformes,Vireonidae,Vireo
4344,Vireo griseus,Birds,Animalia,Chordata,Aves,Passeriformes,Vireonidae,Vireo
4345,Vireo huttoni,Birds,Animalia,Chordata,Aves,Passeriformes,Vireonidae,Vireo
4346,Vireo olivaceus,Birds,Animalia,Chordata,Aves,Passeriformes,Vireonidae,Vireo
4347,Vireo philadelphicus,Birds,Animalia,Chordata,Aves,Passeriformes,Vireonidae,Vireo
4348,Vireo plumbeus,Birds,Animalia,Chordata,Aves,Passeriformes,Vireonidae,Vireo
4349,Vireo solitarius,Birds,Animalia,Chordata,Aves,Passeriformes,Vireonidae,Vireo
4350,Zosterops japonicus,Birds,Animalia,Chordata,Aves,Passeriformes,Zosteropidae,Zosterops
4351,Zosterops lateralis,Birds,Animalia,Chordata,Aves,Passeriformes,Zosteropidae,Zosterops
4352,Zosterops palpebrosus,Birds,Animalia,Chordata,Aves,Passeriformes,Zosteropidae,Zosterops
4353,Zosterops simplex,Birds,Animalia,Chordata,Aves,Passeriformes,Zosteropidae,Zosterops
4354,Zosterops virens,Birds,Animalia,Chordata,Aves,Passeriformes,Zosteropidae,Zosterops
4355,Ardea alba,Birds,Animalia,Chordata,Aves,Pelecaniformes,Ardeidae,Ardea
4356,Ardea cinerea,Birds,Animalia,Chordata,Aves,Pelecaniformes,Ardeidae,Ardea
4357,Ardea cocoi,Birds,Animalia,Chordata,Aves,Pelecaniformes,Ardeidae,Ardea
4358,Ardea goliath,Birds,Animalia,Chordata,Aves,Pelecaniformes,Ardeidae,Ardea
4359,Ardea herodias,Birds,Animalia,Chordata,Aves,Pelecaniformes,Ardeidae,Ardea
4360,Ardea intermedia,Birds,Animalia,Chordata,Aves,Pelecaniformes,Ardeidae,Ardea
4361,Ardea melanocephala,Birds,Animalia,Chordata,Aves,Pelecaniformes,Ardeidae,Ardea
4362,Ardea pacifica,Birds,Animalia,Chordata,Aves,Pelecaniformes,Ardeidae,Ardea
4363,Ardea purpurea,Birds,Animalia,Chordata,Aves,Pelecaniformes,Ardeidae,Ardea
4364,Ardeola bacchus,Birds,Animalia,Chordata,Aves,Pelecaniformes,Ardeidae,Ardeola
4365,Ardeola grayii,Birds,Animalia,Chordata,Aves,Pelecaniformes,Ardeidae,Ardeola
4366,Ardeola ralloides,Birds,Animalia,Chordata,Aves,Pelecaniformes,Ardeidae,Ardeola
4367,Botaurus lentiginosus,Birds,Animalia,Chordata,Aves,Pelecaniformes,Ardeidae,Botaurus
4368,Botaurus stellaris,Birds,Animalia,Chordata,Aves,Pelecaniformes,Ardeidae,Botaurus
4369,Bubulcus ibis,Birds,Animalia,Chordata,Aves,Pelecaniformes,Ardeidae,Bubulcus
4370,Butorides striata,Birds,Animalia,Chordata,Aves,Pelecaniformes,Ardeidae,Butorides
4371,Butorides virescens,Birds,Animalia,Chordata,Aves,Pelecaniformes,Ardeidae,Butorides
4372,Cochlearius cochlearius,Birds,Animalia,Chordata,Aves,Pelecaniformes,Ardeidae,Cochlearius
4373,Egretta caerulea,Birds,Animalia,Chordata,Aves,Pelecaniformes,Ardeidae,Egretta
4374,Egretta garzetta,Birds,Animalia,Chordata,Aves,Pelecaniformes,Ardeidae,Egretta
4375,Egretta novaehollandiae,Birds,Animalia,Chordata,Aves,Pelecaniformes,Ardeidae,Egretta
4376,Egretta rufescens,Birds,Animalia,Chordata,Aves,Pelecaniformes,Ardeidae,Egretta
4377,Egretta sacra,Birds,Animalia,Chordata,Aves,Pelecaniformes,Ardeidae,Egretta
4378,Egretta thula,Birds,Animalia,Chordata,Aves,Pelecaniformes,Ardeidae,Egretta
4379,Egretta tricolor,Birds,Animalia,Chordata,Aves,Pelecaniformes,Ardeidae,Egretta
4380,Gorsachius melanolophus,Birds,Animalia,Chordata,Aves,Pelecaniformes,Ardeidae,Gorsachius
4381,Ixobrychus exilis,Birds,Animalia,Chordata,Aves,Pelecaniformes,Ardeidae,Ixobrychus
4382,Ixobrychus minutus,Birds,Animalia,Chordata,Aves,Pelecaniformes,Ardeidae,Ixobrychus
4383,Ixobrychus sinensis,Birds,Animalia,Chordata,Aves,Pelecaniformes,Ardeidae,Ixobrychus
4384,Nyctanassa violacea,Birds,Animalia,Chordata,Aves,Pelecaniformes,Ardeidae,Nyctanassa
4385,Nycticorax caledonicus,Birds,Animalia,Chordata,Aves,Pelecaniformes,Ardeidae,Nycticorax
4386,Nycticorax nycticorax,Birds,Animalia,Chordata,Aves,Pelecaniformes,Ardeidae,Nycticorax
4387,Syrigma sibilatrix,Birds,Animalia,Chordata,Aves,Pelecaniformes,Ardeidae,Syrigma
4388,Tigrisoma lineatum,Birds,Animalia,Chordata,Aves,Pelecaniformes,Ardeidae,Tigrisoma
4389,Tigrisoma mexicanum,Birds,Animalia,Chordata,Aves,Pelecaniformes,Ardeidae,Tigrisoma
4390,Pelecanus conspicillatus,Birds,Animalia,Chordata,Aves,Pelecaniformes,Pelecanidae,Pelecanus
4391,Pelecanus crispus,Birds,Animalia,Chordata,Aves,Pelecaniformes,Pelecanidae,Pelecanus
4392,Pelecanus erythrorhynchos,Birds,Animalia,Chordata,Aves,Pelecaniformes,Pelecanidae,Pelecanus
4393,Pelecanus occidentalis,Birds,Animalia,Chordata,Aves,Pelecaniformes,Pelecanidae,Pelecanus
4394,Pelecanus onocrotalus,Birds,Animalia,Chordata,Aves,Pelecaniformes,Pelecanidae,Pelecanus
4395,Pelecanus philippensis,Birds,Animalia,Chordata,Aves,Pelecaniformes,Pelecanidae,Pelecanus
4396,Pelecanus thagus,Birds,Animalia,Chordata,Aves,Pelecaniformes,Pelecanidae,Pelecanus
4397,Scopus umbretta,Birds,Animalia,Chordata,Aves,Pelecaniformes,Scopidae,Scopus
4398,Bostrychia hagedash,Birds,Animalia,Chordata,Aves,Pelecaniformes,Threskiornithidae,Bostrychia
4399,Eudocimus albus,Birds,Animalia,Chordata,Aves,Pelecaniformes,Threskiornithidae,Eudocimus
4400,Mesembrinibis cayennensis,Birds,Animalia,Chordata,Aves,Pelecaniformes,Threskiornithidae,Mesembrinibis
4401,Phimosus infuscatus,Birds,Animalia,Chordata,Aves,Pelecaniformes,Threskiornithidae,Phimosus
4402,Platalea ajaja,Birds,Animalia,Chordata,Aves,Pelecaniformes,Threskiornithidae,Platalea
4403,Platalea alba,Birds,Animalia,Chordata,Aves,Pelecaniformes,Threskiornithidae,Platalea
4404,Platalea flavipes,Birds,Animalia,Chordata,Aves,Pelecaniformes,Threskiornithidae,Platalea
4405,Platalea leucorodia,Birds,Animalia,Chordata,Aves,Pelecaniformes,Threskiornithidae,Platalea
4406,Platalea minor,Birds,Animalia,Chordata,Aves,Pelecaniformes,Threskiornithidae,Platalea
4407,Platalea regia,Birds,Animalia,Chordata,Aves,Pelecaniformes,Threskiornithidae,Platalea
4408,Plegadis chihi,Birds,Animalia,Chordata,Aves,Pelecaniformes,Threskiornithidae,Plegadis
4409,Plegadis falcinellus,Birds,Animalia,Chordata,Aves,Pelecaniformes,Threskiornithidae,Plegadis
4410,Theristicus caudatus,Birds,Animalia,Chordata,Aves,Pelecaniformes,Threskiornithidae,Theristicus
4411,Theristicus melanopis,Birds,Animalia,Chordata,Aves,Pelecaniformes,Threskiornithidae,Theristicus
4412,Threskiornis aethiopicus,Birds,Animalia,Chordata,Aves,Pelecaniformes,Threskiornithidae,Threskiornis
4413,Threskiornis melanocephalus,Birds,Animalia,Chordata,Aves,Pelecaniformes,Threskiornithidae,Threskiornis
4414,Threskiornis molucca,Birds,Animalia,Chordata,Aves,Pelecaniformes,Threskiornithidae,Threskiornis
4415,Threskiornis spinicollis,Birds,Animalia,Chordata,Aves,Pelecaniformes,Threskiornithidae,Threskiornis
4416,Phoeniconaias minor,Birds,Animalia,Chordata,Aves,Phoenicopteriformes,Phoenicopteridae,Phoeniconaias
4417,Phoenicopterus chilensis,Birds,Animalia,Chordata,Aves,Phoenicopteriformes,Phoenicopteridae,Phoenicopterus
4418,Phoenicopterus roseus,Birds,Animalia,Chordata,Aves,Phoenicopteriformes,Phoenicopteridae,Phoenicopterus
4419,Phoenicopterus ruber,Birds,Animalia,Chordata,Aves,Phoenicopteriformes,Phoenicopteridae,Phoenicopterus
4420,Lybius torquatus,Birds,Animalia,Chordata,Aves,Piciformes,Lybiidae,Lybius
4421,Trachyphonus vaillantii,Birds,Animalia,Chordata,Aves,Piciformes,Lybiidae,Trachyphonus
4422,Psilopogon haemacephalus,Birds,Animalia,Chordata,Aves,Piciformes,Megalaimidae,Psilopogon
4423,Psilopogon nuchalis,Birds,Animalia,Chordata,Aves,Piciformes,Megalaimidae,Psilopogon
4424,Campephilus guatemalensis,Birds,Animalia,Chordata,Aves,Piciformes,Picidae,Campephilus
4425,Campephilus melanoleucos,Birds,Animalia,Chordata,Aves,Piciformes,Picidae,Campephilus
4426,Chloropicus fuscescens,Birds,Animalia,Chordata,Aves,Piciformes,Picidae,Chloropicus
4427,Colaptes auratus,Birds,Animalia,Chordata,Aves,Piciformes,Picidae,Colaptes
4428,Colaptes campestris,Birds,Animalia,Chordata,Aves,Piciformes,Picidae,Colaptes
4429,Colaptes chrysoides,Birds,Animalia,Chordata,Aves,Piciformes,Picidae,Colaptes
4430,Colaptes melanochloros,Birds,Animalia,Chordata,Aves,Piciformes,Picidae,Colaptes
4431,Colaptes punctigula,Birds,Animalia,Chordata,Aves,Piciformes,Picidae,Colaptes
4432,Colaptes rubiginosus,Birds,Animalia,Chordata,Aves,Piciformes,Picidae,Colaptes
4433,Dendrocopos leucotos,Birds,Animalia,Chordata,Aves,Piciformes,Picidae,Dendrocopos
4434,Dendrocopos major,Birds,Animalia,Chordata,Aves,Piciformes,Picidae,Dendrocopos
4435,Dendrocopos syriacus,Birds,Animalia,Chordata,Aves,Piciformes,Picidae,Dendrocopos
4436,Dendrocoptes medius,Birds,Animalia,Chordata,Aves,Piciformes,Picidae,Dendrocoptes
4437,Dinopium benghalense,Birds,Animalia,Chordata,Aves,Piciformes,Picidae,Dinopium
4438,Dryobates albolarvatus,Birds,Animalia,Chordata,Aves,Piciformes,Picidae,Dryobates
4439,Dryobates borealis,Birds,Animalia,Chordata,Aves,Piciformes,Picidae,Dryobates
4440,Dryobates minor,Birds,Animalia,Chordata,Aves,Piciformes,Picidae,Dryobates
4441,Dryobates nuttallii,Birds,Animalia,Chordata,Aves,Piciformes,Picidae,Dryobates
4442,Dryobates pubescens,Birds,Animalia,Chordata,Aves,Piciformes,Picidae,Dryobates
4443,Dryobates scalaris,Birds,Animalia,Chordata,Aves,Piciformes,Picidae,Dryobates
4444,Dryobates villosus,Birds,Animalia,Chordata,Aves,Piciformes,Picidae,Dryobates
4445,Dryocopus lineatus,Birds,Animalia,Chordata,Aves,Piciformes,Picidae,Dryocopus
4446,Dryocopus martius,Birds,Animalia,Chordata,Aves,Piciformes,Picidae,Dryocopus
4447,Dryocopus pileatus,Birds,Animalia,Chordata,Aves,Piciformes,Picidae,Dryocopus
4448,Jynx torquilla,Birds,Animalia,Chordata,Aves,Piciformes,Picidae,Jynx
4449,Melanerpes aurifrons,Birds,Animalia,Chordata,Aves,Piciformes,Picidae,Melanerpes
4450,Melanerpes carolinus,Birds,Animalia,Chordata,Aves,Piciformes,Picidae,Melanerpes
4451,Melanerpes chrysogenys,Birds,Animalia,Chordata,Aves,Piciformes,Picidae,Melanerpes
4452,Melanerpes erythrocephalus,Birds,Animalia,Chordata,Aves,Piciformes,Picidae,Melanerpes
4453,Melanerpes formicivorus,Birds,Animalia,Chordata,Aves,Piciformes,Picidae,Melanerpes
4454,Melanerpes hoffmannii,Birds,Animalia,Chordata,Aves,Piciformes,Picidae,Melanerpes
4455,Melanerpes lewis,Birds,Animalia,Chordata,Aves,Piciformes,Picidae,Melanerpes
4456,Melanerpes pucherani,Birds,Animalia,Chordata,Aves,Piciformes,Picidae,Melanerpes
4457,Melanerpes rubricapillus,Birds,Animalia,Chordata,Aves,Piciformes,Picidae,Melanerpes
4458,Melanerpes uropygialis,Birds,Animalia,Chordata,Aves,Piciformes,Picidae,Melanerpes
4459,Picoides arcticus,Birds,Animalia,Chordata,Aves,Piciformes,Picidae,Picoides
4460,Picoides dorsalis,Birds,Animalia,Chordata,Aves,Piciformes,Picidae,Picoides
4461,Picus canus,Birds,Animalia,Chordata,Aves,Piciformes,Picidae,Picus
4462,Picus viridis,Birds,Animalia,Chordata,Aves,Piciformes,Picidae,Picus
4463,Sphyrapicus nuchalis,Birds,Animalia,Chordata,Aves,Piciformes,Picidae,Sphyrapicus
4464,Sphyrapicus ruber,Birds,Animalia,Chordata,Aves,Piciformes,Picidae,Sphyrapicus
4465,Sphyrapicus thyroideus,Birds,Animalia,Chordata,Aves,Piciformes,Picidae,Sphyrapicus
4466,Sphyrapicus varius,Birds,Animalia,Chordata,Aves,Piciformes,Picidae,Sphyrapicus
4467,Aulacorhynchus prasinus,Birds,Animalia,Chordata,Aves,Piciformes,Ramphastidae,Aulacorhynchus
4468,Pteroglossus castanotis,Birds,Animalia,Chordata,Aves,Piciformes,Ramphastidae,Pteroglossus
4469,Pteroglossus torquatus,Birds,Animalia,Chordata,Aves,Piciformes,Ramphastidae,Pteroglossus
4470,Ramphastos ambiguus,Birds,Animalia,Chordata,Aves,Piciformes,Ramphastidae,Ramphastos
4471,Ramphastos sulfuratus,Birds,Animalia,Chordata,Aves,Piciformes,Ramphastidae,Ramphastos
4472,Ramphastos toco,Birds,Animalia,Chordata,Aves,Piciformes,Ramphastidae,Ramphastos
4473,Aechmophorus clarkii,Birds,Animalia,Chordata,Aves,Podicipediformes,Podicipedidae,Aechmophorus
4474,Aechmophorus occidentalis,Birds,Animalia,Chordata,Aves,Podicipediformes,Podicipedidae,Aechmophorus
4475,Podiceps auritus,Birds,Animalia,Chordata,Aves,Podicipediformes,Podicipedidae,Podiceps
4476,Podiceps cristatus,Birds,Animalia,Chordata,Aves,Podicipediformes,Podicipedidae,Podiceps
4477,Podiceps grisegena,Birds,Animalia,Chordata,Aves,Podicipediformes,Podicipedidae,Podiceps
4478,Podiceps major,Birds,Animalia,Chordata,Aves,Podicipediformes,Podicipedidae,Podiceps
4479,Podiceps nigricollis,Birds,Animalia,Chordata,Aves,Podicipediformes,Podicipedidae,Podiceps
4480,Podilymbus podiceps,Birds,Animalia,Chordata,Aves,Podicipediformes,Podicipedidae,Podilymbus
4481,Poliocephalus poliocephalus,Birds,Animalia,Chordata,Aves,Podicipediformes,Podicipedidae,Poliocephalus
4482,Rollandia rolland,Birds,Animalia,Chordata,Aves,Podicipediformes,Podicipedidae,Rollandia
4483,Tachybaptus dominicus,Birds,Animalia,Chordata,Aves,Podicipediformes,Podicipedidae,Tachybaptus
4484,Tachybaptus novaehollandiae,Birds,Animalia,Chordata,Aves,Podicipediformes,Podicipedidae,Tachybaptus
4485,Tachybaptus ruficollis,Birds,Animalia,Chordata,Aves,Podicipediformes,Podicipedidae,Tachybaptus
4486,Phoebastria immutabilis,Birds,Animalia,Chordata,Aves,Procellariiformes,Diomedeidae,Phoebastria
4487,Phoebastria nigripes,Birds,Animalia,Chordata,Aves,Procellariiformes,Diomedeidae,Phoebastria
4488,Thalassarche melanophris,Birds,Animalia,Chordata,Aves,Procellariiformes,Diomedeidae,Thalassarche
4489,Ardenna creatopus,Birds,Animalia,Chordata,Aves,Procellariiformes,Procellariidae,Ardenna
4490,Ardenna grisea,Birds,Animalia,Chordata,Aves,Procellariiformes,Procellariidae,Ardenna
4491,Ardenna pacifica,Birds,Animalia,Chordata,Aves,Procellariiformes,Procellariidae,Ardenna
4492,Calonectris diomedea,Birds,Animalia,Chordata,Aves,Procellariiformes,Procellariidae,Calonectris
4493,Fulmarus glacialis,Birds,Animalia,Chordata,Aves,Procellariiformes,Procellariidae,Fulmarus
4494,Macronectes giganteus,Birds,Animalia,Chordata,Aves,Procellariiformes,Procellariidae,Macronectes
4495,Cacatua galerita,Birds,Animalia,Chordata,Aves,Psittaciformes,Cacatuidae,Cacatua
4496,Cacatua sanguinea,Birds,Animalia,Chordata,Aves,Psittaciformes,Cacatuidae,Cacatua
4497,Cacatua tenuirostris,Birds,Animalia,Chordata,Aves,Psittaciformes,Cacatuidae,Cacatua
4498,Callocephalon fimbriatum,Birds,Animalia,Chordata,Aves,Psittaciformes,Cacatuidae,Callocephalon
4499,Calyptorhynchus banksii,Birds,Animalia,Chordata,Aves,Psittaciformes,Cacatuidae,Calyptorhynchus
4500,Calyptorhynchus funereus,Birds,Animalia,Chordata,Aves,Psittaciformes,Cacatuidae,Calyptorhynchus
4501,Eolophus roseicapilla,Birds,Animalia,Chordata,Aves,Psittaciformes,Cacatuidae,Eolophus
4502,Amazona albifrons,Birds,Animalia,Chordata,Aves,Psittaciformes,Psittacidae,Amazona
4503,Amazona autumnalis,Birds,Animalia,Chordata,Aves,Psittaciformes,Psittacidae,Amazona
4504,Amazona finschi,Birds,Animalia,Chordata,Aves,Psittaciformes,Psittacidae,Amazona
4505,Amazona viridigenalis,Birds,Animalia,Chordata,Aves,Psittaciformes,Psittacidae,Amazona
4506,Ara ararauna,Birds,Animalia,Chordata,Aves,Psittaciformes,Psittacidae,Ara
4507,Ara macao,Birds,Animalia,Chordata,Aves,Psittaciformes,Psittacidae,Ara
4508,Aratinga nenday,Birds,Animalia,Chordata,Aves,Psittaciformes,Psittacidae,Aratinga
4509,Brotogeris chiriri,Birds,Animalia,Chordata,Aves,Psittaciformes,Psittacidae,Brotogeris
4510,Brotogeris jugularis,Birds,Animalia,Chordata,Aves,Psittaciformes,Psittacidae,Brotogeris
4511,Eupsittula canicularis,Birds,Animalia,Chordata,Aves,Psittaciformes,Psittacidae,Eupsittula
4512,Eupsittula nana,Birds,Animalia,Chordata,Aves,Psittaciformes,Psittacidae,Eupsittula
4513,Eupsittula pertinax,Birds,Animalia,Chordata,Aves,Psittaciformes,Psittacidae,Eupsittula
4514,Forpus conspicillatus,Birds,Animalia,Chordata,Aves,Psittaciformes,Psittacidae,Forpus
4515,Myiopsitta monachus,Birds,Animalia,Chordata,Aves,Psittaciformes,Psittacidae,Myiopsitta
4516,Pionus menstruus,Birds,Animalia,Chordata,Aves,Psittaciformes,Psittacidae,Pionus
4517,Psittacara erythrogenys,Birds,Animalia,Chordata,Aves,Psittaciformes,Psittacidae,Psittacara
4518,Psittacara holochlorus,Birds,Animalia,Chordata,Aves,Psittaciformes,Psittacidae,Psittacara
4519,Psittacara leucophthalmus,Birds,Animalia,Chordata,Aves,Psittaciformes,Psittacidae,Psittacara
4520,Psittacara mitratus,Birds,Animalia,Chordata,Aves,Psittaciformes,Psittacidae,Psittacara
4521,Agapornis roseicollis,Birds,Animalia,Chordata,Aves,Psittaciformes,Psittaculidae,Agapornis
4522,Alisterus scapularis,Birds,Animalia,Chordata,Aves,Psittaciformes,Psittaculidae,Alisterus
4523,Barnardius zonarius,Birds,Animalia,Chordata,Aves,Psittaciformes,Psittaculidae,Barnardius
4524,Cyanoramphus novaezelandiae,Birds,Animalia,Chordata,Aves,Psittaciformes,Psittaculidae,Cyanoramphus
4525,Glossopsitta concinna,Birds,Animalia,Chordata,Aves,Psittaciformes,Psittaculidae,Glossopsitta
4526,Melopsittacus undulatus,Birds,Animalia,Chordata,Aves,Psittaciformes,Psittaculidae,Melopsittacus
4527,Platycercus adscitus,Birds,Animalia,Chordata,Aves,Psittaciformes,Psittaculidae,Platycercus
4528,Platycercus elegans,Birds,Animalia,Chordata,Aves,Psittaciformes,Psittaculidae,Platycercus
4529,Platycercus eximius,Birds,Animalia,Chordata,Aves,Psittaciformes,Psittaculidae,Platycercus
4530,Psephotus haematonotus,Birds,Animalia,Chordata,Aves,Psittaciformes,Psittaculidae,Psephotus
4531,Psittacula krameri,Birds,Animalia,Chordata,Aves,Psittaciformes,Psittaculidae,Psittacula
4532,Trichoglossus chlorolepidotus,Birds,Animalia,Chordata,Aves,Psittaciformes,Psittaculidae,Trichoglossus
4533,Trichoglossus moluccanus,Birds,Animalia,Chordata,Aves,Psittaciformes,Psittaculidae,Trichoglossus
4534,Nestor meridionalis,Birds,Animalia,Chordata,Aves,Psittaciformes,Strigopidae,Nestor
4535,Nestor notabilis,Birds,Animalia,Chordata,Aves,Psittaciformes,Strigopidae,Nestor
4536,Eudyptula minor,Birds,Animalia,Chordata,Aves,Sphenisciformes,Spheniscidae,Eudyptula
4537,Pygoscelis papua,Birds,Animalia,Chordata,Aves,Sphenisciformes,Spheniscidae,Pygoscelis
4538,Spheniscus demersus,Birds,Animalia,Chordata,Aves,Sphenisciformes,Spheniscidae,Spheniscus
4539,Spheniscus magellanicus,Birds,Animalia,Chordata,Aves,Sphenisciformes,Spheniscidae,Spheniscus
4540,Aegolius acadicus,Birds,Animalia,Chordata,Aves,Strigiformes,Strigidae,Aegolius
4541,Asio flammeus,Birds,Animalia,Chordata,Aves,Strigiformes,Strigidae,Asio
4542,Asio otus,Birds,Animalia,Chordata,Aves,Strigiformes,Strigidae,Asio
4543,Athene brama,Birds,Animalia,Chordata,Aves,Strigiformes,Strigidae,Athene
4544,Athene cunicularia,Birds,Animalia,Chordata,Aves,Strigiformes,Strigidae,Athene
4545,Athene noctua,Birds,Animalia,Chordata,Aves,Strigiformes,Strigidae,Athene
4546,Bubo africanus,Birds,Animalia,Chordata,Aves,Strigiformes,Strigidae,Bubo
4547,Bubo bubo,Birds,Animalia,Chordata,Aves,Strigiformes,Strigidae,Bubo
4548,Bubo scandiacus,Birds,Animalia,Chordata,Aves,Strigiformes,Strigidae,Bubo
4549,Bubo virginianus,Birds,Animalia,Chordata,Aves,Strigiformes,Strigidae,Bubo
4550,Ciccaba virgata,Birds,Animalia,Chordata,Aves,Strigiformes,Strigidae,Ciccaba
4551,Glaucidium brasilianum,Birds,Animalia,Chordata,Aves,Strigiformes,Strigidae,Glaucidium
4552,Glaucidium gnoma,Birds,Animalia,Chordata,Aves,Strigiformes,Strigidae,Glaucidium
4553,Megascops asio,Birds,Animalia,Chordata,Aves,Strigiformes,Strigidae,Megascops
4554,Megascops choliba,Birds,Animalia,Chordata,Aves,Strigiformes,Strigidae,Megascops
4555,Megascops kennicottii,Birds,Animalia,Chordata,Aves,Strigiformes,Strigidae,Megascops
4556,Ninox novaeseelandiae,Birds,Animalia,Chordata,Aves,Strigiformes,Strigidae,Ninox
4557,Strix aluco,Birds,Animalia,Chordata,Aves,Strigiformes,Strigidae,Strix
4558,Strix nebulosa,Birds,Animalia,Chordata,Aves,Strigiformes,Strigidae,Strix
4559,Strix uralensis,Birds,Animalia,Chordata,Aves,Strigiformes,Strigidae,Strix
4560,Strix varia,Birds,Animalia,Chordata,Aves,Strigiformes,Strigidae,Strix
4561,Surnia ulula,Birds,Animalia,Chordata,Aves,Strigiformes,Strigidae,Surnia
4562,Tyto alba,Birds,Animalia,Chordata,Aves,Strigiformes,Tytonidae,Tyto
4563,Struthio camelus,Birds,Animalia,Chordata,Aves,Struthioniformes,Struthionidae,Struthio
4564,Anhinga anhinga,Birds,Animalia,Chordata,Aves,Suliformes,Anhingidae,Anhinga
4565,Anhinga melanogaster,Birds,Animalia,Chordata,Aves,Suliformes,Anhingidae,Anhinga
4566,Anhinga novaehollandiae,Birds,Animalia,Chordata,Aves,Suliformes,Anhingidae,Anhinga
4567,Anhinga rufa,Birds,Animalia,Chordata,Aves,Suliformes,Anhingidae,Anhinga
4568,Fregata magnificens,Birds,Animalia,Chordata,Aves,Suliformes,Fregatidae,Fregata
4569,Microcarbo africanus,Birds,Animalia,Chordata,Aves,Suliformes,Phalacrocoracidae,Microcarbo
4570,Microcarbo melanoleucos,Birds,Animalia,Chordata,Aves,Suliformes,Phalacrocoracidae,Microcarbo
4571,Microcarbo niger,Birds,Animalia,Chordata,Aves,Suliformes,Phalacrocoracidae,Microcarbo
4572,Microcarbo pygmaeus,Birds,Animalia,Chordata,Aves,Suliformes,Phalacrocoracidae,Microcarbo
4573,Phalacrocorax aristotelis,Birds,Animalia,Chordata,Aves,Suliformes,Phalacrocoracidae,Phalacrocorax
4574,Phalacrocorax auritus,Birds,Animalia,Chordata,Aves,Suliformes,Phalacrocoracidae,Phalacrocorax
4575,Phalacrocorax brasilianus,Birds,Animalia,Chordata,Aves,Suliformes,Phalacrocoracidae,Phalacrocorax
4576,Phalacrocorax capensis,Birds,Animalia,Chordata,Aves,Suliformes,Phalacrocoracidae,Phalacrocorax
4577,Phalacrocorax carbo,Birds,Animalia,Chordata,Aves,Suliformes,Phalacrocoracidae,Phalacrocorax
4578,Phalacrocorax pelagicus,Birds,Animalia,Chordata,Aves,Suliformes,Phalacrocoracidae,Phalacrocorax
4579,Phalacrocorax penicillatus,Birds,Animalia,Chordata,Aves,Suliformes,Phalacrocoracidae,Phalacrocorax
4580,Phalacrocorax punctatus,Birds,Animalia,Chordata,Aves,Suliformes,Phalacrocoracidae,Phalacrocorax
4581,Phalacrocorax sulcirostris,Birds,Animalia,Chordata,Aves,Suliformes,Phalacrocoracidae,Phalacrocorax
4582,Phalacrocorax varius,Birds,Animalia,Chordata,Aves,Suliformes,Phalacrocoracidae,Phalacrocorax
4583,Morus bassanus,Birds,Animalia,Chordata,Aves,Suliformes,Sulidae,Morus
4584,Morus serrator,Birds,Animalia,Chordata,Aves,Suliformes,Sulidae,Morus
4585,Sula dactylatra,Birds,Animalia,Chordata,Aves,Suliformes,Sulidae,Sula
4586,Sula leucogaster,Birds,Animalia,Chordata,Aves,Suliformes,Sulidae,Sula
4587,Sula nebouxii,Birds,Animalia,Chordata,Aves,Suliformes,Sulidae,Sula
4588,Sula sula,Birds,Animalia,Chordata,Aves,Suliformes,Sulidae,Sula
4589,Pharomachrus mocinno,Birds,Animalia,Chordata,Aves,Trogoniformes,Trogonidae,Pharomachrus
4590,Trogon caligatus,Birds,Animalia,Chordata,Aves,Trogoniformes,Trogonidae,Trogon
4591,Trogon citreolus,Birds,Animalia,Chordata,Aves,Trogoniformes,Trogonidae,Trogon
4592,Trogon collaris,Birds,Animalia,Chordata,Aves,Trogoniformes,Trogonidae,Trogon
4593,Trogon elegans,Birds,Animalia,Chordata,Aves,Trogoniformes,Trogonidae,Trogon
4594,Trogon massena,Birds,Animalia,Chordata,Aves,Trogoniformes,Trogonidae,Trogon
4595,Trogon melanocephalus,Birds,Animalia,Chordata,Aves,Trogoniformes,Trogonidae,Trogon
4596,Trogon rufus,Birds,Animalia,Chordata,Aves,Trogoniformes,Trogonidae,Trogon
4597,Triaenodon obesus,Animalia,Animalia,Chordata,Elasmobranchii,Carcharhiniformes,Carcharhinidae,Triaenodon
4598,Triakis semifasciata,Animalia,Animalia,Chordata,Elasmobranchii,Carcharhiniformes,Triakidae,Triakis
4599,Heterodontus portusjacksoni,Animalia,Animalia,Chordata,Elasmobranchii,Heterodontiformes,Heterodontidae,Heterodontus
4600,Carcharias taurus,Animalia,Animalia,Chordata,Elasmobranchii,Lamniformes,Odontaspididae,Carcharias
4601,Aetobatus narinari,Animalia,Animalia,Chordata,Elasmobranchii,Myliobatiformes,Aetobatidae,Aetobatus
4602,Bathytoshia brevicaudata,Animalia,Animalia,Chordata,Elasmobranchii,Myliobatiformes,Dasyatidae,Bathytoshia
4603,Hypanus americanus,Animalia,Animalia,Chordata,Elasmobranchii,Myliobatiformes,Dasyatidae,Hypanus
4604,Taeniura lymma,Animalia,Animalia,Chordata,Elasmobranchii,Myliobatiformes,Dasyatidae,Taeniura
4605,Myliobatis californica,Animalia,Animalia,Chordata,Elasmobranchii,Myliobatiformes,Myliobatidae,Myliobatis
4606,Myliobatis tenuicaudatus,Animalia,Animalia,Chordata,Elasmobranchii,Myliobatiformes,Myliobatidae,Myliobatis
4607,Trygonoptera testacea,Animalia,Animalia,Chordata,Elasmobranchii,Myliobatiformes,Urolophidae,Trygonoptera
4608,Urobatis halleri,Animalia,Animalia,Chordata,Elasmobranchii,Myliobatiformes,Urotrygonidae,Urobatis
4609,Ginglymostoma cirratum,Animalia,Animalia,Chordata,Elasmobranchii,Orectolobiformes,Ginglymostomatidae,Ginglymostoma
4610,Orectolobus halei,Animalia,Animalia,Chordata,Elasmobranchii,Orectolobiformes,Orectolobidae,Orectolobus
4611,Orectolobus maculatus,Animalia,Animalia,Chordata,Elasmobranchii,Orectolobiformes,Orectolobidae,Orectolobus
4612,Trygonorrhina fasciata,Animalia,Animalia,Chordata,Elasmobranchii,Rhinopristiformes,Trygonorrhinidae,Trygonorrhina
4613,Antilocapra americana,Mammals,Animalia,Chordata,Mammalia,Artiodactyla,Antilocapridae,Antilocapra
4614,Balaenoptera acutorostrata,Mammals,Animalia,Chordata,Mammalia,Artiodactyla,Balaenopteridae,Balaenoptera
4615,Megaptera novaeangliae,Mammals,Animalia,Chordata,Mammalia,Artiodactyla,Balaenopteridae,Megaptera
4616,Aepyceros melampus,Mammals,Animalia,Chordata,Mammalia,Artiodactyla,Bovidae,Aepyceros
4617,Alcelaphus buselaphus,Mammals,Animalia,Chordata,Mammalia,Artiodactyla,Bovidae,Alcelaphus
4618,Antidorcas marsupialis,Mammals,Animalia,Chordata,Mammalia,Artiodactyla,Bovidae,Antidorcas
4619,Bison bison,Mammals,Animalia,Chordata,Mammalia,Artiodactyla,Bovidae,Bison
4620,Bos taurus,Mammals,Animalia,Chordata,Mammalia,Artiodactyla,Bovidae,Bos
4621,Boselaphus tragocamelus,Mammals,Animalia,Chordata,Mammalia,Artiodactyla,Bovidae,Boselaphus
4622,Bubalus bubalis,Mammals,Animalia,Chordata,Mammalia,Artiodactyla,Bovidae,Bubalus
4623,Capra hircus,Mammals,Animalia,Chordata,Mammalia,Artiodactyla,Bovidae,Capra
4624,Capra ibex,Mammals,Animalia,Chordata,Mammalia,Artiodactyla,Bovidae,Capra
4625,Connochaetes taurinus,Mammals,Animalia,Chordata,Mammalia,Artiodactyla,Bovidae,Connochaetes
4626,Damaliscus pygargus,Mammals,Animalia,Chordata,Mammalia,Artiodactyla,Bovidae,Damaliscus
4627,Gazella gazella,Mammals,Animalia,Chordata,Mammalia,Artiodactyla,Bovidae,Gazella
4628,Hippotragus equinus,Mammals,Animalia,Chordata,Mammalia,Artiodactyla,Bovidae,Hippotragus
4629,Kobus ellipsiprymnus,Mammals,Animalia,Chordata,Mammalia,Artiodactyla,Bovidae,Kobus
4630,Kobus kob,Mammals,Animalia,Chordata,Mammalia,Artiodactyla,Bovidae,Kobus
4631,Oreamnos americanus,Mammals,Animalia,Chordata,Mammalia,Artiodactyla,Bovidae,Oreamnos
4632,Oreotragus oreotragus,Mammals,Animalia,Chordata,Mammalia,Artiodactyla,Bovidae,Oreotragus
4633,Oryx gazella,Mammals,Animalia,Chordata,Mammalia,Artiodactyla,Bovidae,Oryx
4634,Ovis aries,Mammals,Animalia,Chordata,Mammalia,Artiodactyla,Bovidae,Ovis
4635,Ovis canadensis,Mammals,Animalia,Chordata,Mammalia,Artiodactyla,Bovidae,Ovis
4636,Raphicerus campestris,Mammals,Animalia,Chordata,Mammalia,Artiodactyla,Bovidae,Raphicerus
4637,Rupicapra rupicapra,Mammals,Animalia,Chordata,Mammalia,Artiodactyla,Bovidae,Rupicapra
4638,Sylvicapra grimmia,Mammals,Animalia,Chordata,Mammalia,Artiodactyla,Bovidae,Sylvicapra
4639,Syncerus caffer,Mammals,Animalia,Chordata,Mammalia,Artiodactyla,Bovidae,Syncerus
4640,Tragelaphus angasii,Mammals,Animalia,Chordata,Mammalia,Artiodactyla,Bovidae,Tragelaphus
4641,Tragelaphus oryx,Mammals,Animalia,Chordata,Mammalia,Artiodactyla,Bovidae,Tragelaphus
4642,Tragelaphus scriptus,Mammals,Animalia,Chordata,Mammalia,Artiodactyla,Bovidae,Tragelaphus
4643,Tragelaphus strepsiceros,Mammals,Animalia,Chordata,Mammalia,Artiodactyla,Bovidae,Tragelaphus
4644,Lama guanicoe,Mammals,Animalia,Chordata,Mammalia,Artiodactyla,Camelidae,Lama
4645,Vicugna vicugna,Mammals,Animalia,Chordata,Mammalia,Artiodactyla,Camelidae,Vicugna
4646,Alces alces,Mammals,Animalia,Chordata,Mammalia,Artiodactyla,Cervidae,Alces
4647,Axis axis,Mammals,Animalia,Chordata,Mammalia,Artiodactyla,Cervidae,Axis
4648,Capreolus capreolus,Mammals,Animalia,Chordata,Mammalia,Artiodactyla,Cervidae,Capreolus
4649,Cervus canadensis,Mammals,Animalia,Chordata,Mammalia,Artiodactyla,Cervidae,Cervus
4650,Cervus elaphus,Mammals,Animalia,Chordata,Mammalia,Artiodactyla,Cervidae,Cervus
4651,Cervus nippon,Mammals,Animalia,Chordata,Mammalia,Artiodactyla,Cervidae,Cervus
4652,Dama dama,Mammals,Animalia,Chordata,Mammalia,Artiodactyla,Cervidae,Dama
4653,Odocoileus hemionus,Mammals,Animalia,Chordata,Mammalia,Artiodactyla,Cervidae,Odocoileus
4654,Odocoileus virginianus,Mammals,Animalia,Chordata,Mammalia,Artiodactyla,Cervidae,Odocoileus
4655,Rangifer tarandus,Mammals,Animalia,Chordata,Mammalia,Artiodactyla,Cervidae,Rangifer
4656,Rusa unicolor,Mammals,Animalia,Chordata,Mammalia,Artiodactyla,Cervidae,Rusa
4657,Delphinus delphis,Mammals,Animalia,Chordata,Mammalia,Artiodactyla,Delphinidae,Delphinus
4658,Grampus griseus,Mammals,Animalia,Chordata,Mammalia,Artiodactyla,Delphinidae,Grampus
4659,Orcinus orca,Mammals,Animalia,Chordata,Mammalia,Artiodactyla,Delphinidae,Orcinus
4660,Tursiops truncatus,Mammals,Animalia,Chordata,Mammalia,Artiodactyla,Delphinidae,Tursiops
4661,Eschrichtius robustus,Mammals,Animalia,Chordata,Mammalia,Artiodactyla,Eschrichtiidae,Eschrichtius
4662,Giraffa camelopardalis,Mammals,Animalia,Chordata,Mammalia,Artiodactyla,Giraffidae,Giraffa
4663,Hippopotamus amphibius,Mammals,Animalia,Chordata,Mammalia,Artiodactyla,Hippopotamidae,Hippopotamus
4664,Phocoena phocoena,Mammals,Animalia,Chordata,Mammalia,Artiodactyla,Phocoenidae,Phocoena
4665,Phacochoerus africanus,Mammals,Animalia,Chordata,Mammalia,Artiodactyla,Suidae,Phacochoerus
4666,Sus scrofa,Mammals,Animalia,Chordata,Mammalia,Artiodactyla,Suidae,Sus
4667,Pecari tajacu,Mammals,Animalia,Chordata,Mammalia,Artiodactyla,Tayassuidae,Pecari
4668,Canis aureus,Mammals,Animalia,Chordata,Mammalia,Carnivora,Canidae,Canis
4669,Canis familiaris,Mammals,Animalia,Chordata,Mammalia,Carnivora,Canidae,Canis
4670,Canis latrans,Mammals,Animalia,Chordata,Mammalia,Carnivora,Canidae,Canis
4671,Canis lupus,Mammals,Animalia,Chordata,Mammalia,Carnivora,Canidae,Canis
4672,Canis mesomelas,Mammals,Animalia,Chordata,Mammalia,Carnivora,Canidae,Canis
4673,Lycalopex culpaeus,Mammals,Animalia,Chordata,Mammalia,Carnivora,Canidae,Lycalopex
4674,Lycalopex griseus,Mammals,Animalia,Chordata,Mammalia,Carnivora,Canidae,Lycalopex
4675,Urocyon cinereoargenteus,Mammals,Animalia,Chordata,Mammalia,Carnivora,Canidae,Urocyon
4676,Urocyon littoralis,Mammals,Animalia,Chordata,Mammalia,Carnivora,Canidae,Urocyon
4677,Vulpes vulpes,Mammals,Animalia,Chordata,Mammalia,Carnivora,Canidae,Vulpes
4678,Acinonyx jubatus,Mammals,Animalia,Chordata,Mammalia,Carnivora,Felidae,Acinonyx
4679,Felis catus,Mammals,Animalia,Chordata,Mammalia,Carnivora,Felidae,Felis
4680,Lynx canadensis,Mammals,Animalia,Chordata,Mammalia,Carnivora,Felidae,Lynx
4681,Lynx rufus,Mammals,Animalia,Chordata,Mammalia,Carnivora,Felidae,Lynx
4682,Panthera leo,Mammals,Animalia,Chordata,Mammalia,Carnivora,Felidae,Panthera
4683,Panthera onca,Mammals,Animalia,Chordata,Mammalia,Carnivora,Felidae,Panthera
4684,Panthera pardus,Mammals,Animalia,Chordata,Mammalia,Carnivora,Felidae,Panthera
4685,Puma concolor,Mammals,Animalia,Chordata,Mammalia,Carnivora,Felidae,Puma
4686,Mungos mungo,Mammals,Animalia,Chordata,Mammalia,Carnivora,Herpestidae,Mungos
4687,Urva auropunctata,Mammals,Animalia,Chordata,Mammalia,Carnivora,Herpestidae,Urva
4688,Crocuta crocuta,Mammals,Animalia,Chordata,Mammalia,Carnivora,Hyaenidae,Crocuta
4689,Conepatus leuconotus,Mammals,Animalia,Chordata,Mammalia,Carnivora,Mephitidae,Conepatus
4690,Mephitis macroura,Mammals,Animalia,Chordata,Mammalia,Carnivora,Mephitidae,Mephitis
4691,Mephitis mephitis,Mammals,Animalia,Chordata,Mammalia,Carnivora,Mephitidae,Mephitis
4692,Enhydra lutris,Mammals,Animalia,Chordata,Mammalia,Carnivora,Mustelidae,Enhydra
4693,Lontra canadensis,Mammals,Animalia,Chordata,Mammalia,Carnivora,Mustelidae,Lontra
4694,Lutra lutra,Mammals,Animalia,Chordata,Mammalia,Carnivora,Mustelidae,Lutra
4695,Martes americana,Mammals,Animalia,Chordata,Mammalia,Carnivora,Mustelidae,Martes
4696,Martes foina,Mammals,Animalia,Chordata,Mammalia,Carnivora,Mustelidae,Martes
4697,Meles meles,Mammals,Animalia,Chordata,Mammalia,Carnivora,Mustelidae,Meles
4698,Mustela erminea,Mammals,Animalia,Chordata,Mammalia,Carnivora,Mustelidae,Mustela
4699,Mustela frenata,Mammals,Animalia,Chordata,Mammalia,Carnivora,Mustelidae,Mustela
4700,Mustela nivalis,Mammals,Animalia,Chordata,Mammalia,Carnivora,Mustelidae,Mustela
4701,Neovison vison,Mammals,Animalia,Chordata,Mammalia,Carnivora,Mustelidae,Neovison
4702,Pekania pennanti,Mammals,Animalia,Chordata,Mammalia,Carnivora,Mustelidae,Pekania
4703,Taxidea taxus,Mammals,Animalia,Chordata,Mammalia,Carnivora,Mustelidae,Taxidea
4704,Arctocephalus forsteri,Mammals,Animalia,Chordata,Mammalia,Carnivora,Otariidae,Arctocephalus
4705,Arctocephalus pusillus,Mammals,Animalia,Chordata,Mammalia,Carnivora,Otariidae,Arctocephalus
4706,Eumetopias jubatus,Mammals,Animalia,Chordata,Mammalia,Carnivora,Otariidae,Eumetopias
4707,Otaria byronia,Mammals,Animalia,Chordata,Mammalia,Carnivora,Otariidae,Otaria
4708,Phocarctos hookeri,Mammals,Animalia,Chordata,Mammalia,Carnivora,Otariidae,Phocarctos
4709,Zalophus californianus,Mammals,Animalia,Chordata,Mammalia,Carnivora,Otariidae,Zalophus
4710,Zalophus wollebaeki,Mammals,Animalia,Chordata,Mammalia,Carnivora,Otariidae,Zalophus
4711,Halichoerus grypus,Mammals,Animalia,Chordata,Mammalia,Carnivora,Phocidae,Halichoerus
4712,Mirounga angustirostris,Mammals,Animalia,Chordata,Mammalia,Carnivora,Phocidae,Mirounga
4713,Mirounga leonina,Mammals,Animalia,Chordata,Mammalia,Carnivora,Phocidae,Mirounga
4714,Neomonachus schauinslandi,Mammals,Animalia,Chordata,Mammalia,Carnivora,Phocidae,Neomonachus
4715,Phoca vitulina,Mammals,Animalia,Chordata,Mammalia,Carnivora,Phocidae,Phoca
4716,Bassariscus astutus,Mammals,Animalia,Chordata,Mammalia,Carnivora,Procyonidae,Bassariscus
4717,Nasua narica,Mammals,Animalia,Chordata,Mammalia,Carnivora,Procyonidae,Nasua
4718,Nasua nasua,Mammals,Animalia,Chordata,Mammalia,Carnivora,Procyonidae,Nasua
4719,Procyon lotor,Mammals,Animalia,Chordata,Mammalia,Carnivora,Procyonidae,Procyon
4720,Ursus americanus,Mammals,Animalia,Chordata,Mammalia,Carnivora,Ursidae,Ursus
4721,Ursus arctos,Mammals,Animalia,Chordata,Mammalia,Carnivora,Ursidae,Ursus
4722,Rhynchonycteris naso,Mammals,Animalia,Chordata,Mammalia,Chiroptera,Emballonuridae,Rhynchonycteris
4723,Tadarida brasiliensis,Mammals,Animalia,Chordata,Mammalia,Chiroptera,Molossidae,Tadarida
4724,Pteropus giganteus,Mammals,Animalia,Chordata,Mammalia,Chiroptera,Pteropodidae,Pteropus
4725,Pteropus poliocephalus,Mammals,Animalia,Chordata,Mammalia,Chiroptera,Pteropodidae,Pteropus
4726,Eptesicus fuscus,Mammals,Animalia,Chordata,Mammalia,Chiroptera,Vespertilionidae,Eptesicus
4727,Lasionycteris noctivagans,Mammals,Animalia,Chordata,Mammalia,Chiroptera,Vespertilionidae,Lasionycteris
4728,Lasiurus borealis,Mammals,Animalia,Chordata,Mammalia,Chiroptera,Vespertilionidae,Lasiurus
4729,Lasiurus cinereus,Mammals,Animalia,Chordata,Mammalia,Chiroptera,Vespertilionidae,Lasiurus
4730,Perimyotis subflavus,Mammals,Animalia,Chordata,Mammalia,Chiroptera,Vespertilionidae,Perimyotis
4731,Dasypus novemcinctus,Mammals,Animalia,Chordata,Mammalia,Cingulata,Dasypodidae,Dasypus
4732,Galeopterus variegatus,Mammals,Animalia,Chordata,Mammalia,Dermoptera,Cynocephalidae,Galeopterus
4733,Didelphis marsupialis,Mammals,Animalia,Chordata,Mammalia,Didelphimorphia,Didelphidae,Didelphis
4734,Didelphis virginiana,Mammals,Animalia,Chordata,Mammalia,Didelphimorphia,Didelphidae,Didelphis
4735,Macropus agilis,Mammals,Animalia,Chordata,Mammalia,Diprotodontia,Macropodidae,Macropus
4736,Macropus fuliginosus,Mammals,Animalia,Chordata,Mammalia,Diprotodontia,Macropodidae,Macropus
4737,Macropus giganteus,Mammals,Animalia,Chordata,Mammalia,Diprotodontia,Macropodidae,Macropus
4738,Macropus robustus,Mammals,Animalia,Chordata,Mammalia,Diprotodontia,Macropodidae,Macropus
4739,Macropus rufogriseus,Mammals,Animalia,Chordata,Mammalia,Diprotodontia,Macropodidae,Macropus
4740,Wallabia bicolor,Mammals,Animalia,Chordata,Mammalia,Diprotodontia,Macropodidae,Wallabia
4741,Trichosurus vulpecula,Mammals,Animalia,Chordata,Mammalia,Diprotodontia,Phalangeridae,Trichosurus
4742,Phascolarctos cinereus,Mammals,Animalia,Chordata,Mammalia,Diprotodontia,Phascolarctidae,Phascolarctos
4743,Pseudocheirus peregrinus,Mammals,Animalia,Chordata,Mammalia,Diprotodontia,Pseudocheiridae,Pseudocheirus
4744,Vombatus ursinus,Mammals,Animalia,Chordata,Mammalia,Diprotodontia,Vombatidae,Vombatus
4745,Erinaceus europaeus,Mammals,Animalia,Chordata,Mammalia,Eulipotyphla,Erinaceidae,Erinaceus
4746,Erinaceus roumanicus,Mammals,Animalia,Chordata,Mammalia,Eulipotyphla,Erinaceidae,Erinaceus
4747,Blarina brevicauda,Mammals,Animalia,Chordata,Mammalia,Eulipotyphla,Soricidae,Blarina
4748,Condylura cristata,Mammals,Animalia,Chordata,Mammalia,Eulipotyphla,Talpidae,Condylura
4749,Scalopus aquaticus,Mammals,Animalia,Chordata,Mammalia,Eulipotyphla,Talpidae,Scalopus
4750,Scapanus latimanus,Mammals,Animalia,Chordata,Mammalia,Eulipotyphla,Talpidae,Scapanus
4751,Talpa europaea,Mammals,Animalia,Chordata,Mammalia,Eulipotyphla,Talpidae,Talpa
4752,Procavia capensis,Mammals,Animalia,Chordata,Mammalia,Hyracoidea,Procaviidae,Procavia
4753,Lepus americanus,Mammals,Animalia,Chordata,Mammalia,Lagomorpha,Leporidae,Lepus
4754,Lepus californicus,Mammals,Animalia,Chordata,Mammalia,Lagomorpha,Leporidae,Lepus
4755,Lepus europaeus,Mammals,Animalia,Chordata,Mammalia,Lagomorpha,Leporidae,Lepus
4756,Lepus townsendii,Mammals,Animalia,Chordata,Mammalia,Lagomorpha,Leporidae,Lepus
4757,Oryctolagus cuniculus,Mammals,Animalia,Chordata,Mammalia,Lagomorpha,Leporidae,Oryctolagus
4758,Sylvilagus aquaticus,Mammals,Animalia,Chordata,Mammalia,Lagomorpha,Leporidae,Sylvilagus
4759,Sylvilagus audubonii,Mammals,Animalia,Chordata,Mammalia,Lagomorpha,Leporidae,Sylvilagus
4760,Sylvilagus bachmani,Mammals,Animalia,Chordata,Mammalia,Lagomorpha,Leporidae,Sylvilagus
4761,Sylvilagus cunicularius,Mammals,Animalia,Chordata,Mammalia,Lagomorpha,Leporidae,Sylvilagus
4762,Sylvilagus floridanus,Mammals,Animalia,Chordata,Mammalia,Lagomorpha,Leporidae,Sylvilagus
4763,Sylvilagus nuttallii,Mammals,Animalia,Chordata,Mammalia,Lagomorpha,Leporidae,Sylvilagus
4764,Sylvilagus palustris,Mammals,Animalia,Chordata,Mammalia,Lagomorpha,Leporidae,Sylvilagus
4765,Ochotona princeps,Mammals,Animalia,Chordata,Mammalia,Lagomorpha,Ochotonidae,Ochotona
4766,Ornithorhynchus anatinus,Mammals,Animalia,Chordata,Mammalia,Monotremata,Ornithorhynchidae,Ornithorhynchus
4767,Tachyglossus aculeatus,Mammals,Animalia,Chordata,Mammalia,Monotremata,Tachyglossidae,Tachyglossus
4768,Equus asinus,Mammals,Animalia,Chordata,Mammalia,Perissodactyla,Equidae,Equus
4769,Equus caballus,Mammals,Animalia,Chordata,Mammalia,Perissodactyla,Equidae,Equus
4770,Equus quagga,Mammals,Animalia,Chordata,Mammalia,Perissodactyla,Equidae,Equus
4771,Ceratotherium simum,Mammals,Animalia,Chordata,Mammalia,Perissodactyla,Rhinocerotidae,Ceratotherium
4772,Tapirus terrestris,Mammals,Animalia,Chordata,Mammalia,Perissodactyla,Tapiridae,Tapirus
4773,Bradypus variegatus,Mammals,Animalia,Chordata,Mammalia,Pilosa,Bradypodidae,Bradypus
4774,Choloepus hoffmanni,Mammals,Animalia,Chordata,Mammalia,Pilosa,Megalonychidae,Choloepus
4775,Tamandua mexicana,Mammals,Animalia,Chordata,Mammalia,Pilosa,Myrmecophagidae,Tamandua
4776,Alouatta palliata,Mammals,Animalia,Chordata,Mammalia,Primates,Atelidae,Alouatta
4777,Alouatta pigra,Mammals,Animalia,Chordata,Mammalia,Primates,Atelidae,Alouatta
4778,Alouatta seniculus,Mammals,Animalia,Chordata,Mammalia,Primates,Atelidae,Alouatta
4779,Ateles geoffroyi,Mammals,Animalia,Chordata,Mammalia,Primates,Atelidae,Ateles
4780,Callithrix penicillata,Mammals,Animalia,Chordata,Mammalia,Primates,Cebidae,Callithrix
4781,Cebus capucinus,Mammals,Animalia,Chordata,Mammalia,Primates,Cebidae,Cebus
4782,Cercopithecus mitis,Mammals,Animalia,Chordata,Mammalia,Primates,Cercopithecidae,Cercopithecus
4783,Chlorocebus pygerythrus,Mammals,Animalia,Chordata,Mammalia,Primates,Cercopithecidae,Chlorocebus
4784,Macaca cyclopis,Mammals,Animalia,Chordata,Mammalia,Primates,Cercopithecidae,Macaca
4785,Macaca fascicularis,Mammals,Animalia,Chordata,Mammalia,Primates,Cercopithecidae,Macaca
4786,Macaca mulatta,Mammals,Animalia,Chordata,Mammalia,Primates,Cercopithecidae,Macaca
4787,Macaca radiata,Mammals,Animalia,Chordata,Mammalia,Primates,Cercopithecidae,Macaca
4788,Papio anubis,Mammals,Animalia,Chordata,Mammalia,Primates,Cercopithecidae,Papio
4789,Papio ursinus,Mammals,Animalia,Chordata,Mammalia,Primates,Cercopithecidae,Papio
4790,Semnopithecus entellus,Mammals,Animalia,Chordata,Mammalia,Primates,Cercopithecidae,Semnopithecus
4791,Trachypithecus obscurus,Mammals,Animalia,Chordata,Mammalia,Primates,Cercopithecidae,Trachypithecus
4792,Elephas maximus,Mammals,Animalia,Chordata,Mammalia,Proboscidea,Elephantidae,Elephas
4793,Loxodonta africana,Mammals,Animalia,Chordata,Mammalia,Proboscidea,Elephantidae,Loxodonta
4794,Castor canadensis,Mammals,Animalia,Chordata,Mammalia,Rodentia,Castoridae,Castor
4795,Castor fiber,Mammals,Animalia,Chordata,Mammalia,Rodentia,Castoridae,Castor
4796,Cavia aperea,Mammals,Animalia,Chordata,Mammalia,Rodentia,Caviidae,Cavia
4797,Hydrochoerus hydrochaeris,Mammals,Animalia,Chordata,Mammalia,Rodentia,Caviidae,Hydrochoerus
4798,Lagidium viscacia,Mammals,Animalia,Chordata,Mammalia,Rodentia,Chinchillidae,Lagidium
4799,Microtus californicus,Mammals,Animalia,Chordata,Mammalia,Rodentia,Cricetidae,Microtus
4800,Microtus pennsylvanicus,Mammals,Animalia,Chordata,Mammalia,Rodentia,Cricetidae,Microtus
4801,Myodes glareolus,Mammals,Animalia,Chordata,Mammalia,Rodentia,Cricetidae,Myodes
4802,Neotoma fuscipes,Mammals,Animalia,Chordata,Mammalia,Rodentia,Cricetidae,Neotoma
4803,Ondatra zibethicus,Mammals,Animalia,Chordata,Mammalia,Rodentia,Cricetidae,Ondatra
4804,Peromyscus leucopus,Mammals,Animalia,Chordata,Mammalia,Rodentia,Cricetidae,Peromyscus
4805,Peromyscus maniculatus,Mammals,Animalia,Chordata,Mammalia,Rodentia,Cricetidae,Peromyscus
4806,Sigmodon hispidus,Mammals,Animalia,Chordata,Mammalia,Rodentia,Cricetidae,Sigmodon
4807,Dasyprocta punctata,Mammals,Animalia,Chordata,Mammalia,Rodentia,Dasyproctidae,Dasyprocta
4808,Myocastor coypus,Mammals,Animalia,Chordata,Mammalia,Rodentia,Echimyidae,Myocastor
4809,Erethizon dorsatum,Mammals,Animalia,Chordata,Mammalia,Rodentia,Erethizontidae,Erethizon
4810,Thomomys bottae,Mammals,Animalia,Chordata,Mammalia,Rodentia,Geomyidae,Thomomys
4811,Hystrix africaeaustralis,Mammals,Animalia,Chordata,Mammalia,Rodentia,Hystricidae,Hystrix
4812,Hystrix cristata,Mammals,Animalia,Chordata,Mammalia,Rodentia,Hystricidae,Hystrix
4813,Mus musculus,Mammals,Animalia,Chordata,Mammalia,Rodentia,Muridae,Mus
4814,Rattus norvegicus,Mammals,Animalia,Chordata,Mammalia,Rodentia,Muridae,Rattus
4815,Rattus rattus,Mammals,Animalia,Chordata,Mammalia,Rodentia,Muridae,Rattus
4816,Rhabdomys pumilio,Mammals,Animalia,Chordata,Mammalia,Rodentia,Muridae,Rhabdomys
4817,Ammospermophilus harrisii,Mammals,Animalia,Chordata,Mammalia,Rodentia,Sciuridae,Ammospermophilus
4818,Ammospermophilus leucurus,Mammals,Animalia,Chordata,Mammalia,Rodentia,Sciuridae,Ammospermophilus
4819,Callosciurus erythraeus,Mammals,Animalia,Chordata,Mammalia,Rodentia,Sciuridae,Callosciurus
4820,Callosciurus notatus,Mammals,Animalia,Chordata,Mammalia,Rodentia,Sciuridae,Callosciurus
4821,Callospermophilus lateralis,Mammals,Animalia,Chordata,Mammalia,Rodentia,Sciuridae,Callospermophilus
4822,Callospermophilus saturatus,Mammals,Animalia,Chordata,Mammalia,Rodentia,Sciuridae,Callospermophilus
4823,Cynomys ludovicianus,Mammals,Animalia,Chordata,Mammalia,Rodentia,Sciuridae,Cynomys
4824,Eutamias sibiricus,Mammals,Animalia,Chordata,Mammalia,Rodentia,Sciuridae,Eutamias
4825,Funambulus palmarum,Mammals,Animalia,Chordata,Mammalia,Rodentia,Sciuridae,Funambulus
4826,Funambulus pennantii,Mammals,Animalia,Chordata,Mammalia,Rodentia,Sciuridae,Funambulus
4827,Geosciurus inauris,Mammals,Animalia,Chordata,Mammalia,Rodentia,Sciuridae,Geosciurus
4828,Glaucomys volans,Mammals,Animalia,Chordata,Mammalia,Rodentia,Sciuridae,Glaucomys
4829,Ictidomys tridecemlineatus,Mammals,Animalia,Chordata,Mammalia,Rodentia,Sciuridae,Ictidomys
4830,Marmota caligata,Mammals,Animalia,Chordata,Mammalia,Rodentia,Sciuridae,Marmota
4831,Marmota flaviventris,Mammals,Animalia,Chordata,Mammalia,Rodentia,Sciuridae,Marmota
4832,Marmota marmota,Mammals,Animalia,Chordata,Mammalia,Rodentia,Sciuridae,Marmota
4833,Marmota monax,Mammals,Animalia,Chordata,Mammalia,Rodentia,Sciuridae,Marmota
4834,Neotamias amoenus,Mammals,Animalia,Chordata,Mammalia,Rodentia,Sciuridae,Neotamias
4835,Neotamias dorsalis,Mammals,Animalia,Chordata,Mammalia,Rodentia,Sciuridae,Neotamias
4836,Neotamias merriami,Mammals,Animalia,Chordata,Mammalia,Rodentia,Sciuridae,Neotamias
4837,Neotamias minimus,Mammals,Animalia,Chordata,Mammalia,Rodentia,Sciuridae,Neotamias
4838,Neotamias townsendii,Mammals,Animalia,Chordata,Mammalia,Rodentia,Sciuridae,Neotamias
4839,Otospermophilus beecheyi,Mammals,Animalia,Chordata,Mammalia,Rodentia,Sciuridae,Otospermophilus
4840,Otospermophilus variegatus,Mammals,Animalia,Chordata,Mammalia,Rodentia,Sciuridae,Otospermophilus
4841,Sciurus aberti,Mammals,Animalia,Chordata,Mammalia,Rodentia,Sciuridae,Sciurus
4842,Sciurus alleni,Mammals,Animalia,Chordata,Mammalia,Rodentia,Sciuridae,Sciurus
4843,Sciurus aureogaster,Mammals,Animalia,Chordata,Mammalia,Rodentia,Sciuridae,Sciurus
4844,Sciurus carolinensis,Mammals,Animalia,Chordata,Mammalia,Rodentia,Sciuridae,Sciurus
4845,Sciurus granatensis,Mammals,Animalia,Chordata,Mammalia,Rodentia,Sciuridae,Sciurus
4846,Sciurus griseus,Mammals,Animalia,Chordata,Mammalia,Rodentia,Sciuridae,Sciurus
4847,Sciurus niger,Mammals,Animalia,Chordata,Mammalia,Rodentia,Sciuridae,Sciurus
4848,Sciurus variegatoides,Mammals,Animalia,Chordata,Mammalia,Rodentia,Sciuridae,Sciurus
4849,Sciurus vulgaris,Mammals,Animalia,Chordata,Mammalia,Rodentia,Sciuridae,Sciurus
4850,Sciurus yucatanensis,Mammals,Animalia,Chordata,Mammalia,Rodentia,Sciuridae,Sciurus
4851,Tamias striatus,Mammals,Animalia,Chordata,Mammalia,Rodentia,Sciuridae,Tamias
4852,Tamiasciurus douglasii,Mammals,Animalia,Chordata,Mammalia,Rodentia,Sciuridae,Tamiasciurus
4853,Tamiasciurus hudsonicus,Mammals,Animalia,Chordata,Mammalia,Rodentia,Sciuridae,Tamiasciurus
4854,Urocitellus beldingi,Mammals,Animalia,Chordata,Mammalia,Rodentia,Sciuridae,Urocitellus
4855,Urocitellus columbianus,Mammals,Animalia,Chordata,Mammalia,Rodentia,Sciuridae,Urocitellus
4856,Urocitellus richardsonii,Mammals,Animalia,Chordata,Mammalia,Rodentia,Sciuridae,Urocitellus
4857,Xerospermophilus tereticaudus,Mammals,Animalia,Chordata,Mammalia,Rodentia,Sciuridae,Xerospermophilus
4858,Trichechus manatus,Mammals,Animalia,Chordata,Mammalia,Sirenia,Trichechidae,Trichechus
4859,Alligator mississippiensis,Reptiles,Animalia,Chordata,Reptilia,Crocodylia,Alligatoridae,Alligator
4860,Caiman crocodilus,Reptiles,Animalia,Chordata,Reptilia,Crocodylia,Alligatoridae,Caiman
4861,Crocodylus acutus,Reptiles,Animalia,Chordata,Reptilia,Crocodylia,Crocodylidae,Crocodylus
4862,Crocodylus moreletii,Reptiles,Animalia,Chordata,Reptilia,Crocodylia,Crocodylidae,Crocodylus
4863,Crocodylus niloticus,Reptiles,Animalia,Chordata,Reptilia,Crocodylia,Crocodylidae,Crocodylus
4864,Crocodylus porosus,Reptiles,Animalia,Chordata,Reptilia,Crocodylia,Crocodylidae,Crocodylus
4865,Sphenodon punctatus,Reptiles,Animalia,Chordata,Reptilia,Rhynchocephalia,Sphenodontidae,Sphenodon
4866,Acanthocercus atricollis,Reptiles,Animalia,Chordata,Reptilia,Squamata,Agamidae,Acanthocercus
4867,Agama atra,Reptiles,Animalia,Chordata,Reptilia,Squamata,Agamidae,Agama
4868,Agama picticauda,Reptiles,Animalia,Chordata,Reptilia,Squamata,Agamidae,Agama
4869,Amphibolurus muricatus,Reptiles,Animalia,Chordata,Reptilia,Squamata,Agamidae,Amphibolurus
4870,Bronchocela cristatella,Reptiles,Animalia,Chordata,Reptilia,Squamata,Agamidae,Bronchocela
4871,Bronchocela jubata,Reptiles,Animalia,Chordata,Reptilia,Squamata,Agamidae,Bronchocela
4872,Calotes calotes,Reptiles,Animalia,Chordata,Reptilia,Squamata,Agamidae,Calotes
4873,Calotes versicolor,Reptiles,Animalia,Chordata,Reptilia,Squamata,Agamidae,Calotes
4874,Diploderma swinhonis,Reptiles,Animalia,Chordata,Reptilia,Squamata,Agamidae,Diploderma
4875,Intellagama lesueurii,Reptiles,Animalia,Chordata,Reptilia,Squamata,Agamidae,Intellagama
4876,Pogona barbata,Reptiles,Animalia,Chordata,Reptilia,Squamata,Agamidae,Pogona
4877,Stellagama stellio,Reptiles,Animalia,Chordata,Reptilia,Squamata,Agamidae,Stellagama
4878,Anguis fragilis,Reptiles,Animalia,Chordata,Reptilia,Squamata,Anguidae,Anguis
4879,Anguis veronensis,Reptiles,Animalia,Chordata,Reptilia,Squamata,Anguidae,Anguis
4880,Barisia imbricata,Reptiles,Animalia,Chordata,Reptilia,Squamata,Anguidae,Barisia
4881,Elgaria coerulea,Reptiles,Animalia,Chordata,Reptilia,Squamata,Anguidae,Elgaria
4882,Elgaria kingii,Reptiles,Animalia,Chordata,Reptilia,Squamata,Anguidae,Elgaria
4883,Elgaria multicarinata,Reptiles,Animalia,Chordata,Reptilia,Squamata,Anguidae,Elgaria
4884,Gerrhonotus infernalis,Reptiles,Animalia,Chordata,Reptilia,Squamata,Anguidae,Gerrhonotus
4885,Ophisaurus attenuatus,Reptiles,Animalia,Chordata,Reptilia,Squamata,Anguidae,Ophisaurus
4886,Ophisaurus ventralis,Reptiles,Animalia,Chordata,Reptilia,Squamata,Anguidae,Ophisaurus
4887,Boa constrictor,Reptiles,Animalia,Chordata,Reptilia,Squamata,Boidae,Boa
4888,Boa imperator,Reptiles,Animalia,Chordata,Reptilia,Squamata,Boidae,Boa
4889,Charina bottae,Reptiles,Animalia,Chordata,Reptilia,Squamata,Boidae,Charina
4890,Lichanura orcutti,Reptiles,Animalia,Chordata,Reptilia,Squamata,Boidae,Lichanura
4891,Bradypodion damaranum,Reptiles,Animalia,Chordata,Reptilia,Squamata,Chamaeleonidae,Bradypodion
4892,Bradypodion pumilum,Reptiles,Animalia,Chordata,Reptilia,Squamata,Chamaeleonidae,Bradypodion
4893,Chamaeleo chamaeleon,Reptiles,Animalia,Chordata,Reptilia,Squamata,Chamaeleonidae,Chamaeleo
4894,Chamaeleo dilepis,Reptiles,Animalia,Chordata,Reptilia,Squamata,Chamaeleonidae,Chamaeleo
4895,Ahaetulla prasina,Reptiles,Animalia,Chordata,Reptilia,Squamata,Colubridae,Ahaetulla
4896,Arizona elegans,Reptiles,Animalia,Chordata,Reptilia,Squamata,Colubridae,Arizona
4897,Carphophis amoenus,Reptiles,Animalia,Chordata,Reptilia,Squamata,Colubridae,Carphophis
4898,Cemophora coccinea,Reptiles,Animalia,Chordata,Reptilia,Squamata,Colubridae,Cemophora
4899,Chionactis occipitalis,Reptiles,Animalia,Chordata,Reptilia,Squamata,Colubridae,Chionactis
4900,Coluber constrictor,Reptiles,Animalia,Chordata,Reptilia,Squamata,Colubridae,Coluber
4901,Contia tenuis,Reptiles,Animalia,Chordata,Reptilia,Squamata,Colubridae,Contia
4902,Coronella austriaca,Reptiles,Animalia,Chordata,Reptilia,Squamata,Colubridae,Coronella
4903,Crotaphopeltis hotamboeia,Reptiles,Animalia,Chordata,Reptilia,Squamata,Colubridae,Crotaphopeltis
4904,Dendrelaphis pictus,Reptiles,Animalia,Chordata,Reptilia,Squamata,Colubridae,Dendrelaphis
4905,Dendrelaphis punctulatus,Reptiles,Animalia,Chordata,Reptilia,Squamata,Colubridae,Dendrelaphis
4906,Diadophis punctatus,Reptiles,Animalia,Chordata,Reptilia,Squamata,Colubridae,Diadophis
4907,Dispholidus typus,Reptiles,Animalia,Chordata,Reptilia,Squamata,Colubridae,Dispholidus
4908,Drymarchon melanurus,Reptiles,Animalia,Chordata,Reptilia,Squamata,Colubridae,Drymarchon
4909,Farancia abacura,Reptiles,Animalia,Chordata,Reptilia,Squamata,Colubridae,Farancia
4910,Haldea striatula,Reptiles,Animalia,Chordata,Reptilia,Squamata,Colubridae,Haldea
4911,Heterodon nasicus,Reptiles,Animalia,Chordata,Reptilia,Squamata,Colubridae,Heterodon
4912,Heterodon platirhinos,Reptiles,Animalia,Chordata,Reptilia,Squamata,Colubridae,Heterodon
4913,Hierophis viridiflavus,Reptiles,Animalia,Chordata,Reptilia,Squamata,Colubridae,Hierophis
4914,Hypsiglena chlorophaea,Reptiles,Animalia,Chordata,Reptilia,Squamata,Colubridae,Hypsiglena
4915,Hypsiglena jani,Reptiles,Animalia,Chordata,Reptilia,Squamata,Colubridae,Hypsiglena
4916,Hypsiglena ochrorhynchus,Reptiles,Animalia,Chordata,Reptilia,Squamata,Colubridae,Hypsiglena
4917,Imantodes cenchoa,Reptiles,Animalia,Chordata,Reptilia,Squamata,Colubridae,Imantodes
4918,Lampropeltis californiae,Reptiles,Animalia,Chordata,Reptilia,Squamata,Colubridae,Lampropeltis
4919,Lampropeltis calligaster,Reptiles,Animalia,Chordata,Reptilia,Squamata,Colubridae,Lampropeltis
4920,Lampropeltis gentilis,Reptiles,Animalia,Chordata,Reptilia,Squamata,Colubridae,Lampropeltis
4921,Lampropeltis getula,Reptiles,Animalia,Chordata,Reptilia,Squamata,Colubridae,Lampropeltis
4922,Lampropeltis holbrooki,Reptiles,Animalia,Chordata,Reptilia,Squamata,Colubridae,Lampropeltis
4923,Lampropeltis nigra,Reptiles,Animalia,Chordata,Reptilia,Squamata,Colubridae,Lampropeltis
4924,Lampropeltis splendida,Reptiles,Animalia,Chordata,Reptilia,Squamata,Colubridae,Lampropeltis
4925,Lampropeltis triangulum,Reptiles,Animalia,Chordata,Reptilia,Squamata,Colubridae,Lampropeltis
4926,Leptodeira septentrionalis,Reptiles,Animalia,Chordata,Reptilia,Squamata,Colubridae,Leptodeira
4927,Leptophis ahaetulla,Reptiles,Animalia,Chordata,Reptilia,Squamata,Colubridae,Leptophis
4928,Masticophis flagellum,Reptiles,Animalia,Chordata,Reptilia,Squamata,Colubridae,Masticophis
4929,Masticophis lateralis,Reptiles,Animalia,Chordata,Reptilia,Squamata,Colubridae,Masticophis
4930,Masticophis mentovarius,Reptiles,Animalia,Chordata,Reptilia,Squamata,Colubridae,Masticophis
4931,Masticophis taeniatus,Reptiles,Animalia,Chordata,Reptilia,Squamata,Colubridae,Masticophis
4932,Natrix helvetica,Reptiles,Animalia,Chordata,Reptilia,Squamata,Colubridae,Natrix
4933,Natrix maura,Reptiles,Animalia,Chordata,Reptilia,Squamata,Colubridae,Natrix
4934,Natrix natrix,Reptiles,Animalia,Chordata,Reptilia,Squamata,Colubridae,Natrix
4935,Natrix tessellata,Reptiles,Animalia,Chordata,Reptilia,Squamata,Colubridae,Natrix
4936,Nerodia clarkii,Reptiles,Animalia,Chordata,Reptilia,Squamata,Colubridae,Nerodia
4937,Nerodia erythrogaster,Reptiles,Animalia,Chordata,Reptilia,Squamata,Colubridae,Nerodia
4938,Nerodia fasciata,Reptiles,Animalia,Chordata,Reptilia,Squamata,Colubridae,Nerodia
4939,Nerodia floridana,Reptiles,Animalia,Chordata,Reptilia,Squamata,Colubridae,Nerodia
4940,Nerodia rhombifer,Reptiles,Animalia,Chordata,Reptilia,Squamata,Colubridae,Nerodia
4941,Nerodia sipedon,Reptiles,Animalia,Chordata,Reptilia,Squamata,Colubridae,Nerodia
4942,Nerodia taxispilota,Reptiles,Animalia,Chordata,Reptilia,Squamata,Colubridae,Nerodia
4943,Opheodrys aestivus,Reptiles,Animalia,Chordata,Reptilia,Squamata,Colubridae,Opheodrys
4944,Opheodrys vernalis,Reptiles,Animalia,Chordata,Reptilia,Squamata,Colubridae,Opheodrys
4945,Oxybelis aeneus,Reptiles,Animalia,Chordata,Reptilia,Squamata,Colubridae,Oxybelis
4946,Pantherophis alleghaniensis,Reptiles,Animalia,Chordata,Reptilia,Squamata,Colubridae,Pantherophis
4947,Pantherophis emoryi,Reptiles,Animalia,Chordata,Reptilia,Squamata,Colubridae,Pantherophis
4948,Pantherophis guttatus,Reptiles,Animalia,Chordata,Reptilia,Squamata,Colubridae,Pantherophis
4949,Pantherophis obsoletus,Reptiles,Animalia,Chordata,Reptilia,Squamata,Colubridae,Pantherophis
4950,Pantherophis spiloides,Reptiles,Animalia,Chordata,Reptilia,Squamata,Colubridae,Pantherophis
4951,Pantherophis vulpinus,Reptiles,Animalia,Chordata,Reptilia,Squamata,Colubridae,Pantherophis
4952,Phyllorhynchus decurtatus,Reptiles,Animalia,Chordata,Reptilia,Squamata,Colubridae,Phyllorhynchus
4953,Pituophis catenifer,Reptiles,Animalia,Chordata,Reptilia,Squamata,Colubridae,Pituophis
4954,Pituophis deppei,Reptiles,Animalia,Chordata,Reptilia,Squamata,Colubridae,Pituophis
4955,Regina grahamii,Reptiles,Animalia,Chordata,Reptilia,Squamata,Colubridae,Regina
4956,Regina septemvittata,Reptiles,Animalia,Chordata,Reptilia,Squamata,Colubridae,Regina
4957,Rhinocheilus lecontei,Reptiles,Animalia,Chordata,Reptilia,Squamata,Colubridae,Rhinocheilus
4958,Salvadora grahamiae,Reptiles,Animalia,Chordata,Reptilia,Squamata,Colubridae,Salvadora
4959,Salvadora hexalepis,Reptiles,Animalia,Chordata,Reptilia,Squamata,Colubridae,Salvadora
4960,Sonora semiannulata,Reptiles,Animalia,Chordata,Reptilia,Squamata,Colubridae,Sonora
4961,Spilotes pullatus,Reptiles,Animalia,Chordata,Reptilia,Squamata,Colubridae,Spilotes
4962,Storeria dekayi,Reptiles,Animalia,Chordata,Reptilia,Squamata,Colubridae,Storeria
4963,Storeria occipitomaculata,Reptiles,Animalia,Chordata,Reptilia,Squamata,Colubridae,Storeria
4964,Tantilla gracilis,Reptiles,Animalia,Chordata,Reptilia,Squamata,Colubridae,Tantilla
4965,Thamnophis atratus,Reptiles,Animalia,Chordata,Reptilia,Squamata,Colubridae,Thamnophis
4966,Thamnophis cyrtopsis,Reptiles,Animalia,Chordata,Reptilia,Squamata,Colubridae,Thamnophis
4967,Thamnophis elegans,Reptiles,Animalia,Chordata,Reptilia,Squamata,Colubridae,Thamnophis
4968,Thamnophis hammondii,Reptiles,Animalia,Chordata,Reptilia,Squamata,Colubridae,Thamnophis
4969,Thamnophis marcianus,Reptiles,Animalia,Chordata,Reptilia,Squamata,Colubridae,Thamnophis
4970,Thamnophis ordinoides,Reptiles,Animalia,Chordata,Reptilia,Squamata,Colubridae,Thamnophis
4971,Thamnophis proximus,Reptiles,Animalia,Chordata,Reptilia,Squamata,Colubridae,Thamnophis
4972,Thamnophis radix,Reptiles,Animalia,Chordata,Reptilia,Squamata,Colubridae,Thamnophis
4973,Thamnophis saurita,Reptiles,Animalia,Chordata,Reptilia,Squamata,Colubridae,Thamnophis
4974,Thamnophis sirtalis,Reptiles,Animalia,Chordata,Reptilia,Squamata,Colubridae,Thamnophis
4975,Tropidoclonion lineatum,Reptiles,Animalia,Chordata,Reptilia,Squamata,Colubridae,Tropidoclonion
4976,Virginia valeriae,Reptiles,Animalia,Chordata,Reptilia,Squamata,Colubridae,Virginia
4977,Zamenis longissimus,Reptiles,Animalia,Chordata,Reptilia,Squamata,Colubridae,Zamenis
4978,Cordylus niger,Reptiles,Animalia,Chordata,Reptilia,Squamata,Cordylidae,Cordylus
4979,Basiliscus basiliscus,Reptiles,Animalia,Chordata,Reptilia,Squamata,Corytophanidae,Basiliscus
4980,Basiliscus plumifrons,Reptiles,Animalia,Chordata,Reptilia,Squamata,Corytophanidae,Basiliscus
4981,Basiliscus vittatus,Reptiles,Animalia,Chordata,Reptilia,Squamata,Corytophanidae,Basiliscus
4982,Corytophanes cristatus,Reptiles,Animalia,Chordata,Reptilia,Squamata,Corytophanidae,Corytophanes
4983,Crotaphytus bicinctores,Reptiles,Animalia,Chordata,Reptilia,Squamata,Crotaphytidae,Crotaphytus
4984,Crotaphytus collaris,Reptiles,Animalia,Chordata,Reptilia,Squamata,Crotaphytidae,Crotaphytus
4985,Gambelia wislizenii,Reptiles,Animalia,Chordata,Reptilia,Squamata,Crotaphytidae,Gambelia
4986,Anolis biporcatus,Reptiles,Animalia,Chordata,Reptilia,Squamata,Dactyloidae,Anolis
4987,Anolis carolinensis,Reptiles,Animalia,Chordata,Reptilia,Squamata,Dactyloidae,Anolis
4988,Anolis cristatellus,Reptiles,Animalia,Chordata,Reptilia,Squamata,Dactyloidae,Anolis
4989,Anolis distichus,Reptiles,Animalia,Chordata,Reptilia,Squamata,Dactyloidae,Anolis
4990,Anolis equestris,Reptiles,Animalia,Chordata,Reptilia,Squamata,Dactyloidae,Anolis
4991,Anolis limifrons,Reptiles,Animalia,Chordata,Reptilia,Squamata,Dactyloidae,Anolis
4992,Anolis nebulosus,Reptiles,Animalia,Chordata,Reptilia,Squamata,Dactyloidae,Anolis
4993,Anolis sagrei,Reptiles,Animalia,Chordata,Reptilia,Squamata,Dactyloidae,Anolis
4994,Woodworthia maculata,Reptiles,Animalia,Chordata,Reptilia,Squamata,Diplodactylidae,Woodworthia
4995,Micrurus tener,Reptiles,Animalia,Chordata,Reptilia,Squamata,Elapidae,Micrurus
4996,Notechis scutatus,Reptiles,Animalia,Chordata,Reptilia,Squamata,Elapidae,Notechis
4997,Pseudechis porphyriacus,Reptiles,Animalia,Chordata,Reptilia,Squamata,Elapidae,Pseudechis
4998,Coleonyx variegatus,Reptiles,Animalia,Chordata,Reptilia,Squamata,Eublepharidae,Coleonyx
4999,Afrogecko porphyreus,Reptiles,Animalia,Chordata,Reptilia,Squamata,Gekkonidae,Afrogecko
5000,Christinus marmoratus,Reptiles,Animalia,Chordata,Reptilia,Squamata,Gekkonidae,Christinus
5001,Gehyra mutilata,Reptiles,Animalia,Chordata,Reptilia,Squamata,Gekkonidae,Gehyra
5002,Gekko chinensis,Reptiles,Animalia,Chordata,Reptilia,Squamata,Gekkonidae,Gekko
5003,Gekko gecko,Reptiles,Animalia,Chordata,Reptilia,Squamata,Gekkonidae,Gekko
5004,Hemidactylus frenatus,Reptiles,Animalia,Chordata,Reptilia,Squamata,Gekkonidae,Hemidactylus
5005,Hemidactylus mabouia,Reptiles,Animalia,Chordata,Reptilia,Squamata,Gekkonidae,Hemidactylus
5006,Hemidactylus platyurus,Reptiles,Animalia,Chordata,Reptilia,Squamata,Gekkonidae,Hemidactylus
5007,Hemidactylus turcicus,Reptiles,Animalia,Chordata,Reptilia,Squamata,Gekkonidae,Hemidactylus
5008,Lepidodactylus lugubris,Reptiles,Animalia,Chordata,Reptilia,Squamata,Gekkonidae,Lepidodactylus
5009,Lygodactylus capensis,Reptiles,Animalia,Chordata,Reptilia,Squamata,Gekkonidae,Lygodactylus
5010,Phelsuma laticauda,Reptiles,Animalia,Chordata,Reptilia,Squamata,Gekkonidae,Phelsuma
5011,Heloderma suspectum,Reptiles,Animalia,Chordata,Reptilia,Squamata,Helodermatidae,Heloderma
5012,Amblyrhynchus cristatus,Reptiles,Animalia,Chordata,Reptilia,Squamata,Iguanidae,Amblyrhynchus
5013,Ctenosaura pectinata,Reptiles,Animalia,Chordata,Reptilia,Squamata,Iguanidae,Ctenosaura
5014,Ctenosaura similis,Reptiles,Animalia,Chordata,Reptilia,Squamata,Iguanidae,Ctenosaura
5015,Dipsosaurus dorsalis,Reptiles,Animalia,Chordata,Reptilia,Squamata,Iguanidae,Dipsosaurus
5016,Iguana iguana,Reptiles,Animalia,Chordata,Reptilia,Squamata,Iguanidae,Iguana
5017,Sauromalus ater,Reptiles,Animalia,Chordata,Reptilia,Squamata,Iguanidae,Sauromalus
5018,Lacerta agilis,Reptiles,Animalia,Chordata,Reptilia,Squamata,Lacertidae,Lacerta
5019,Lacerta bilineata,Reptiles,Animalia,Chordata,Reptilia,Squamata,Lacertidae,Lacerta
5020,Lacerta viridis,Reptiles,Animalia,Chordata,Reptilia,Squamata,Lacertidae,Lacerta
5021,Podarcis muralis,Reptiles,Animalia,Chordata,Reptilia,Squamata,Lacertidae,Podarcis
5022,Podarcis siculus,Reptiles,Animalia,Chordata,Reptilia,Squamata,Lacertidae,Podarcis
5023,Psammodromus algirus,Reptiles,Animalia,Chordata,Reptilia,Squamata,Lacertidae,Psammodromus
5024,Timon lepidus,Reptiles,Animalia,Chordata,Reptilia,Squamata,Lacertidae,Timon
5025,Zootoca vivipara,Reptiles,Animalia,Chordata,Reptilia,Squamata,Lacertidae,Zootoca
5026,Duberria lutrix,Reptiles,Animalia,Chordata,Reptilia,Squamata,Lamprophiidae,Duberria
5027,Psammodynastes pulverulentus,Reptiles,Animalia,Chordata,Reptilia,Squamata,Lamprophiidae,Psammodynastes
5028,Pseudaspis cana,Reptiles,Animalia,Chordata,Reptilia,Squamata,Lamprophiidae,Pseudaspis
5029,Leiocephalus carinatus,Reptiles,Animalia,Chordata,Reptilia,Squamata,Leiocephalidae,Leiocephalus
5030,Rena dulcis,Reptiles,Animalia,Chordata,Reptilia,Squamata,Leptotyphlopidae,Rena
5031,Liolaemus tenuis,Reptiles,Animalia,Chordata,Reptilia,Squamata,Liolaemidae,Liolaemus
5032,Callisaurus draconoides,Reptiles,Animalia,Chordata,Reptilia,Squamata,Phrynosomatidae,Callisaurus
5033,Cophosaurus texanus,Reptiles,Animalia,Chordata,Reptilia,Squamata,Phrynosomatidae,Cophosaurus
5034,Holbrookia maculata,Reptiles,Animalia,Chordata,Reptilia,Squamata,Phrynosomatidae,Holbrookia
5035,Holbrookia propinqua,Reptiles,Animalia,Chordata,Reptilia,Squamata,Phrynosomatidae,Holbrookia
5036,Phrynosoma blainvillii,Reptiles,Animalia,Chordata,Reptilia,Squamata,Phrynosomatidae,Phrynosoma
5037,Phrynosoma cornutum,Reptiles,Animalia,Chordata,Reptilia,Squamata,Phrynosomatidae,Phrynosoma
5038,Phrynosoma hernandesi,Reptiles,Animalia,Chordata,Reptilia,Squamata,Phrynosomatidae,Phrynosoma
5039,Phrynosoma mcallii,Reptiles,Animalia,Chordata,Reptilia,Squamata,Phrynosomatidae,Phrynosoma
5040,Phrynosoma modestum,Reptiles,Animalia,Chordata,Reptilia,Squamata,Phrynosomatidae,Phrynosoma
5041,Phrynosoma orbiculare,Reptiles,Animalia,Chordata,Reptilia,Squamata,Phrynosomatidae,Phrynosoma
5042,Phrynosoma platyrhinos,Reptiles,Animalia,Chordata,Reptilia,Squamata,Phrynosomatidae,Phrynosoma
5043,Phrynosoma solare,Reptiles,Animalia,Chordata,Reptilia,Squamata,Phrynosomatidae,Phrynosoma
5044,Sceloporus clarkii,Reptiles,Animalia,Chordata,Reptilia,Squamata,Phrynosomatidae,Sceloporus
5045,Sceloporus consobrinus,Reptiles,Animalia,Chordata,Reptilia,Squamata,Phrynosomatidae,Sceloporus
5046,Sceloporus cowlesi,Reptiles,Animalia,Chordata,Reptilia,Squamata,Phrynosomatidae,Sceloporus
5047,Sceloporus cyanogenys,Reptiles,Animalia,Chordata,Reptilia,Squamata,Phrynosomatidae,Sceloporus
5048,Sceloporus graciosus,Reptiles,Animalia,Chordata,Reptilia,Squamata,Phrynosomatidae,Sceloporus
5049,Sceloporus grammicus,Reptiles,Animalia,Chordata,Reptilia,Squamata,Phrynosomatidae,Sceloporus
5050,Sceloporus jarrovii,Reptiles,Animalia,Chordata,Reptilia,Squamata,Phrynosomatidae,Sceloporus
5051,Sceloporus magister,Reptiles,Animalia,Chordata,Reptilia,Squamata,Phrynosomatidae,Sceloporus
5052,Sceloporus malachiticus,Reptiles,Animalia,Chordata,Reptilia,Squamata,Phrynosomatidae,Sceloporus
5053,Sceloporus occidentalis,Reptiles,Animalia,Chordata,Reptilia,Squamata,Phrynosomatidae,Sceloporus
5054,Sceloporus olivaceus,Reptiles,Animalia,Chordata,Reptilia,Squamata,Phrynosomatidae,Sceloporus
5055,Sceloporus orcutti,Reptiles,Animalia,Chordata,Reptilia,Squamata,Phrynosomatidae,Sceloporus
5056,Sceloporus poinsettii,Reptiles,Animalia,Chordata,Reptilia,Squamata,Phrynosomatidae,Sceloporus
5057,Sceloporus siniferus,Reptiles,Animalia,Chordata,Reptilia,Squamata,Phrynosomatidae,Sceloporus
5058,Sceloporus spinosus,Reptiles,Animalia,Chordata,Reptilia,Squamata,Phrynosomatidae,Sceloporus
5059,Sceloporus torquatus,Reptiles,Animalia,Chordata,Reptilia,Squamata,Phrynosomatidae,Sceloporus
5060,Sceloporus tristichus,Reptiles,Animalia,Chordata,Reptilia,Squamata,Phrynosomatidae,Sceloporus
5061,Sceloporus undulatus,Reptiles,Animalia,Chordata,Reptilia,Squamata,Phrynosomatidae,Sceloporus
5062,Sceloporus uniformis,Reptiles,Animalia,Chordata,Reptilia,Squamata,Phrynosomatidae,Sceloporus
5063,Sceloporus variabilis,Reptiles,Animalia,Chordata,Reptilia,Squamata,Phrynosomatidae,Sceloporus
5064,Urosaurus nigricaudus,Reptiles,Animalia,Chordata,Reptilia,Squamata,Phrynosomatidae,Urosaurus
5065,Urosaurus ornatus,Reptiles,Animalia,Chordata,Reptilia,Squamata,Phrynosomatidae,Urosaurus
5066,Uta stansburiana,Reptiles,Animalia,Chordata,Reptilia,Squamata,Phrynosomatidae,Uta
5067,Tarentola mauritanica,Reptiles,Animalia,Chordata,Reptilia,Squamata,Phyllodactylidae,Tarentola
5068,Thecadactylus rapicauda,Reptiles,Animalia,Chordata,Reptilia,Squamata,Phyllodactylidae,Thecadactylus
5069,Morelia spilota,Reptiles,Animalia,Chordata,Reptilia,Squamata,Pythonidae,Morelia
5070,Eulamprus quoyii,Reptiles,Animalia,Chordata,Reptilia,Squamata,Scincidae,Eulamprus
5071,Eutropis longicaudata,Reptiles,Animalia,Chordata,Reptilia,Squamata,Scincidae,Eutropis
5072,Eutropis multifasciata,Reptiles,Animalia,Chordata,Reptilia,Squamata,Scincidae,Eutropis
5073,Lampropholis delicata,Reptiles,Animalia,Chordata,Reptilia,Squamata,Scincidae,Lampropholis
5074,Lampropholis guichenoti,Reptiles,Animalia,Chordata,Reptilia,Squamata,Scincidae,Lampropholis
5075,Oligosoma polychroma,Reptiles,Animalia,Chordata,Reptilia,Squamata,Scincidae,Oligosoma
5076,Plestiodon fasciatus,Reptiles,Animalia,Chordata,Reptilia,Squamata,Scincidae,Plestiodon
5077,Plestiodon gilberti,Reptiles,Animalia,Chordata,Reptilia,Squamata,Scincidae,Plestiodon
5078,Plestiodon inexpectatus,Reptiles,Animalia,Chordata,Reptilia,Squamata,Scincidae,Plestiodon
5079,Plestiodon laticeps,Reptiles,Animalia,Chordata,Reptilia,Squamata,Scincidae,Plestiodon
5080,Plestiodon obsoletus,Reptiles,Animalia,Chordata,Reptilia,Squamata,Scincidae,Plestiodon
5081,Plestiodon skiltonianus,Reptiles,Animalia,Chordata,Reptilia,Squamata,Scincidae,Plestiodon
5082,Scincella lateralis,Reptiles,Animalia,Chordata,Reptilia,Squamata,Scincidae,Scincella
5083,Tiliqua rugosa,Reptiles,Animalia,Chordata,Reptilia,Squamata,Scincidae,Tiliqua
5084,Tiliqua scincoides,Reptiles,Animalia,Chordata,Reptilia,Squamata,Scincidae,Tiliqua
5085,Trachylepis margaritifera,Reptiles,Animalia,Chordata,Reptilia,Squamata,Scincidae,Trachylepis
5086,Trachylepis striata,Reptiles,Animalia,Chordata,Reptilia,Squamata,Scincidae,Trachylepis
5087,Gonatodes albogularis,Reptiles,Animalia,Chordata,Reptilia,Squamata,Sphaerodactylidae,Gonatodes
5088,Ameiva ameiva,Reptiles,Animalia,Chordata,Reptilia,Squamata,Teiidae,Ameiva
5089,Aspidoscelis exsanguis,Reptiles,Animalia,Chordata,Reptilia,Squamata,Teiidae,Aspidoscelis
5090,Aspidoscelis gularis,Reptiles,Animalia,Chordata,Reptilia,Squamata,Teiidae,Aspidoscelis
5091,Aspidoscelis hyperythrus,Reptiles,Animalia,Chordata,Reptilia,Squamata,Teiidae,Aspidoscelis
5092,Aspidoscelis sexlineatus,Reptiles,Animalia,Chordata,Reptilia,Squamata,Teiidae,Aspidoscelis
5093,Aspidoscelis sonorae,Reptiles,Animalia,Chordata,Reptilia,Squamata,Teiidae,Aspidoscelis
5094,Aspidoscelis tesselatus,Reptiles,Animalia,Chordata,Reptilia,Squamata,Teiidae,Aspidoscelis
5095,Aspidoscelis tigris,Reptiles,Animalia,Chordata,Reptilia,Squamata,Teiidae,Aspidoscelis
5096,Aspidoscelis velox,Reptiles,Animalia,Chordata,Reptilia,Squamata,Teiidae,Aspidoscelis
5097,Holcosus festivus,Reptiles,Animalia,Chordata,Reptilia,Squamata,Teiidae,Holcosus
5098,Holcosus undulatus,Reptiles,Animalia,Chordata,Reptilia,Squamata,Teiidae,Holcosus
5099,Salvator merianae,Reptiles,Animalia,Chordata,Reptilia,Squamata,Teiidae,Salvator
5100,Indotyphlops braminus,Reptiles,Animalia,Chordata,Reptilia,Squamata,Typhlopidae,Indotyphlops
5101,Varanus bengalensis,Reptiles,Animalia,Chordata,Reptilia,Squamata,Varanidae,Varanus
5102,Varanus nebulosus,Reptiles,Animalia,Chordata,Reptilia,Squamata,Varanidae,Varanus
5103,Varanus niloticus,Reptiles,Animalia,Chordata,Reptilia,Squamata,Varanidae,Varanus
5104,Varanus salvator,Reptiles,Animalia,Chordata,Reptilia,Squamata,Varanidae,Varanus
5105,Varanus varius,Reptiles,Animalia,Chordata,Reptilia,Squamata,Varanidae,Varanus
5106,Agkistrodon conanti,Reptiles,Animalia,Chordata,Reptilia,Squamata,Viperidae,Agkistrodon
5107,Agkistrodon contortrix,Reptiles,Animalia,Chordata,Reptilia,Squamata,Viperidae,Agkistrodon
5108,Agkistrodon laticinctus,Reptiles,Animalia,Chordata,Reptilia,Squamata,Viperidae,Agkistrodon
5109,Agkistrodon piscivorus,Reptiles,Animalia,Chordata,Reptilia,Squamata,Viperidae,Agkistrodon
5110,Bitis arietans,Reptiles,Animalia,Chordata,Reptilia,Squamata,Viperidae,Bitis
5111,Bothriechis schlegelii,Reptiles,Animalia,Chordata,Reptilia,Squamata,Viperidae,Bothriechis
5112,Bothrops asper,Reptiles,Animalia,Chordata,Reptilia,Squamata,Viperidae,Bothrops
5113,Crotalus adamanteus,Reptiles,Animalia,Chordata,Reptilia,Squamata,Viperidae,Crotalus
5114,Crotalus atrox,Reptiles,Animalia,Chordata,Reptilia,Squamata,Viperidae,Crotalus
5115,Crotalus cerastes,Reptiles,Animalia,Chordata,Reptilia,Squamata,Viperidae,Crotalus
5116,Crotalus horridus,Reptiles,Animalia,Chordata,Reptilia,Squamata,Viperidae,Crotalus
5117,Crotalus molossus,Reptiles,Animalia,Chordata,Reptilia,Squamata,Viperidae,Crotalus
5118,Crotalus oreganus,Reptiles,Animalia,Chordata,Reptilia,Squamata,Viperidae,Crotalus
5119,Crotalus ornatus,Reptiles,Animalia,Chordata,Reptilia,Squamata,Viperidae,Crotalus
5120,Crotalus pyrrhus,Reptiles,Animalia,Chordata,Reptilia,Squamata,Viperidae,Crotalus
5121,Crotalus ruber,Reptiles,Animalia,Chordata,Reptilia,Squamata,Viperidae,Crotalus
5122,Crotalus scutulatus,Reptiles,Animalia,Chordata,Reptilia,Squamata,Viperidae,Crotalus
5123,Crotalus viridis,Reptiles,Animalia,Chordata,Reptilia,Squamata,Viperidae,Crotalus
5124,Sistrurus catenatus,Reptiles,Animalia,Chordata,Reptilia,Squamata,Viperidae,Sistrurus
5125,Sistrurus miliarius,Reptiles,Animalia,Chordata,Reptilia,Squamata,Viperidae,Sistrurus
5126,Sistrurus tergeminus,Reptiles,Animalia,Chordata,Reptilia,Squamata,Viperidae,Sistrurus
5127,Trimeresurus stejnegeri,Reptiles,Animalia,Chordata,Reptilia,Squamata,Viperidae,Trimeresurus
5128,Vipera aspis,Reptiles,Animalia,Chordata,Reptilia,Squamata,Viperidae,Vipera
5129,Vipera berus,Reptiles,Animalia,Chordata,Reptilia,Squamata,Viperidae,Vipera
5130,Phrynops hilarii,Reptiles,Animalia,Chordata,Reptilia,Testudines,Chelidae,Phrynops
5131,Caretta caretta,Reptiles,Animalia,Chordata,Reptilia,Testudines,Cheloniidae,Caretta
5132,Chelonia mydas,Reptiles,Animalia,Chordata,Reptilia,Testudines,Cheloniidae,Chelonia
5133,Eretmochelys imbricata,Reptiles,Animalia,Chordata,Reptilia,Testudines,Cheloniidae,Eretmochelys
5134,Lepidochelys olivacea,Reptiles,Animalia,Chordata,Reptilia,Testudines,Cheloniidae,Lepidochelys
5135,Chelydra serpentina,Reptiles,Animalia,Chordata,Reptilia,Testudines,Chelydridae,Chelydra
5136,Actinemys marmorata,Reptiles,Animalia,Chordata,Reptilia,Testudines,Emydidae,Actinemys
5137,Chrysemys picta,Reptiles,Animalia,Chordata,Reptilia,Testudines,Emydidae,Chrysemys
5138,Clemmys guttata,Reptiles,Animalia,Chordata,Reptilia,Testudines,Emydidae,Clemmys
5139,Emydoidea blandingii,Reptiles,Animalia,Chordata,Reptilia,Testudines,Emydidae,Emydoidea
5140,Emys orbicularis,Reptiles,Animalia,Chordata,Reptilia,Testudines,Emydidae,Emys
5141,Glyptemys insculpta,Reptiles,Animalia,Chordata,Reptilia,Testudines,Emydidae,Glyptemys
5142,Graptemys geographica,Reptiles,Animalia,Chordata,Reptilia,Testudines,Emydidae,Graptemys
5143,Graptemys ouachitensis,Reptiles,Animalia,Chordata,Reptilia,Testudines,Emydidae,Graptemys
5144,Graptemys pseudogeographica,Reptiles,Animalia,Chordata,Reptilia,Testudines,Emydidae,Graptemys
5145,Malaclemys terrapin,Reptiles,Animalia,Chordata,Reptilia,Testudines,Emydidae,Malaclemys
5146,Pseudemys concinna,Reptiles,Animalia,Chordata,Reptilia,Testudines,Emydidae,Pseudemys
5147,Pseudemys nelsoni,Reptiles,Animalia,Chordata,Reptilia,Testudines,Emydidae,Pseudemys
5148,Pseudemys peninsularis,Reptiles,Animalia,Chordata,Reptilia,Testudines,Emydidae,Pseudemys
5149,Pseudemys rubriventris,Reptiles,Animalia,Chordata,Reptilia,Testudines,Emydidae,Pseudemys
5150,Pseudemys texana,Reptiles,Animalia,Chordata,Reptilia,Testudines,Emydidae,Pseudemys
5151,Terrapene carolina,Reptiles,Animalia,Chordata,Reptilia,Testudines,Emydidae,Terrapene
5152,Terrapene ornata,Reptiles,Animalia,Chordata,Reptilia,Testudines,Emydidae,Terrapene
5153,Trachemys scripta,Reptiles,Animalia,Chordata,Reptilia,Testudines,Emydidae,Trachemys
5154,Trachemys venusta,Reptiles,Animalia,Chordata,Reptilia,Testudines,Emydidae,Trachemys
5155,Mauremys leprosa,Reptiles,Animalia,Chordata,Reptilia,Testudines,Geoemydidae,Mauremys
5156,Kinosternon baurii,Reptiles,Animalia,Chordata,Reptilia,Testudines,Kinosternidae,Kinosternon
5157,Kinosternon flavescens,Reptiles,Animalia,Chordata,Reptilia,Testudines,Kinosternidae,Kinosternon
5158,Kinosternon integrum,Reptiles,Animalia,Chordata,Reptilia,Testudines,Kinosternidae,Kinosternon
5159,Kinosternon subrubrum,Reptiles,Animalia,Chordata,Reptilia,Testudines,Kinosternidae,Kinosternon
5160,Sternotherus carinatus,Reptiles,Animalia,Chordata,Reptilia,Testudines,Kinosternidae,Sternotherus
5161,Sternotherus odoratus,Reptiles,Animalia,Chordata,Reptilia,Testudines,Kinosternidae,Sternotherus
5162,Chersina angulata,Reptiles,Animalia,Chordata,Reptilia,Testudines,Testudinidae,Chersina
5163,Gopherus agassizii,Reptiles,Animalia,Chordata,Reptilia,Testudines,Testudinidae,Gopherus
5164,Gopherus berlandieri,Reptiles,Animalia,Chordata,Reptilia,Testudines,Testudinidae,Gopherus
5165,Gopherus morafkai,Reptiles,Animalia,Chordata,Reptilia,Testudines,Testudinidae,Gopherus
5166,Gopherus polyphemus,Reptiles,Animalia,Chordata,Reptilia,Testudines,Testudinidae,Gopherus
5167,Stigmochelys pardalis,Reptiles,Animalia,Chordata,Reptilia,Testudines,Testudinidae,Stigmochelys
5168,Testudo graeca,Reptiles,Animalia,Chordata,Reptilia,Testudines,Testudinidae,Testudo
5169,Testudo hermanni,Reptiles,Animalia,Chordata,Reptilia,Testudines,Testudinidae,Testudo
5170,Apalone ferox,Reptiles,Animalia,Chordata,Reptilia,Testudines,Trionychidae,Apalone
5171,Apalone spinifera,Reptiles,Animalia,Chordata,Reptilia,Testudines,Trionychidae,Apalone
5172,Actinia equina,Animalia,Animalia,Cnidaria,Anthozoa,Actiniaria,Actiniidae,Actinia
5173,Actinia tenebrosa,Animalia,Animalia,Cnidaria,Anthozoa,Actiniaria,Actiniidae,Actinia
5174,Anemonia viridis,Animalia,Animalia,Cnidaria,Anthozoa,Actiniaria,Actiniidae,Anemonia
5175,Anthopleura artemisia,Animalia,Animalia,Cnidaria,Anthozoa,Actiniaria,Actiniidae,Anthopleura
5176,Anthopleura elegantissima,Animalia,Animalia,Cnidaria,Anthozoa,Actiniaria,Actiniidae,Anthopleura
5177,Anthopleura sola,Animalia,Animalia,Cnidaria,Anthozoa,Actiniaria,Actiniidae,Anthopleura
5178,Anthopleura xanthogrammica,Animalia,Animalia,Cnidaria,Anthozoa,Actiniaria,Actiniidae,Anthopleura
5179,Epiactis prolifera,Animalia,Animalia,Cnidaria,Anthozoa,Actiniaria,Actiniidae,Epiactis
5180,Isactinia olivacea,Animalia,Animalia,Cnidaria,Anthozoa,Actiniaria,Actiniidae,Isactinia
5181,Oulactis muscosa,Animalia,Animalia,Cnidaria,Anthozoa,Actiniaria,Actiniidae,Oulactis
5182,Phlyctenactis tuberculosa,Animalia,Animalia,Cnidaria,Anthozoa,Actiniaria,Actiniidae,Phlyctenactis
5183,Urticina grebelnyi,Animalia,Animalia,Cnidaria,Anthozoa,Actiniaria,Actiniidae,Urticina
5184,Diadumene lineata,Animalia,Animalia,Cnidaria,Anthozoa,Actiniaria,Diadumenidae,Diadumene
5185,Metridium farcimen,Animalia,Animalia,Cnidaria,Anthozoa,Actiniaria,Metridiidae,Metridium
5186,Metridium senile,Animalia,Animalia,Cnidaria,Anthozoa,Actiniaria,Metridiidae,Metridium
5187,Anthothoe albocincta,Animalia,Animalia,Cnidaria,Anthozoa,Actiniaria,Sagartiidae,Anthothoe
5188,Corynactis californica,Animalia,Animalia,Cnidaria,Anthozoa,Corallimorpharia,Corallimorphidae,Corynactis
5189,Porpita porpita,Animalia,Animalia,Cnidaria,Hydrozoa,Anthoathecata,Porpitidae,Porpita
5190,Velella velella,Animalia,Animalia,Cnidaria,Hydrozoa,Anthoathecata,Porpitidae,Velella
5191,Physalia physalis,Animalia,Animalia,Cnidaria,Hydrozoa,Siphonophorae,Physaliidae,Physalia
5192,Stomolophus meleagris,Animalia,Animalia,Cnidaria,Scyphozoa,Rhizostomeae,Stomolophidae,Stomolophus
5193,Cyanea ferruginea,Animalia,Animalia,Cnidaria,Scyphozoa,Semaeostomeae,Cyaneidae,Cyanea
5194,Chrysaora fuscescens,Animalia,Animalia,Cnidaria,Scyphozoa,Semaeostomeae,Pelagiidae,Chrysaora
5195,Phacellophora camtschatica,Animalia,Animalia,Cnidaria,Scyphozoa,Semaeostomeae,Phacellophoridae,Phacellophora
5196,Aurelia aurita,Animalia,Animalia,Cnidaria,Scyphozoa,Semaeostomeae,Ulmaridae,Aurelia
5197,Aurelia labiata,Animalia,Animalia,Cnidaria,Scyphozoa,Semaeostomeae,Ulmaridae,Aurelia
5198,Asterias rubens,Animalia,Animalia,Echinodermata,Asteroidea,Forcipulatida,Asteriidae,Asterias
5199,Coscinasterias muricata,Animalia,Animalia,Echinodermata,Asteroidea,Forcipulatida,Asteriidae,Coscinasterias
5200,Evasterias troschelii,Animalia,Animalia,Echinodermata,Asteroidea,Forcipulatida,Asteriidae,Evasterias
5201,Pisaster giganteus,Animalia,Animalia,Echinodermata,Asteroidea,Forcipulatida,Asteriidae,Pisaster
5202,Pisaster ochraceus,Animalia,Animalia,Echinodermata,Asteroidea,Forcipulatida,Asteriidae,Pisaster
5203,Pycnopodia helianthoides,Animalia,Animalia,Echinodermata,Asteroidea,Forcipulatida,Asteriidae,Pycnopodia
5204,Henricia leviuscula,Animalia,Animalia,Echinodermata,Asteroidea,Spinulosida,Echinasteridae,Henricia
5205,Patiria miniata,Animalia,Animalia,Echinodermata,Asteroidea,Valvatida,Asterinidae,Patiria
5206,Patiriella regularis,Animalia,Animalia,Echinodermata,Asteroidea,Valvatida,Asterinidae,Patiriella
5207,Dermasterias imbricata,Animalia,Animalia,Echinodermata,Asteroidea,Valvatida,Asteropseidae,Dermasterias
5208,Oreaster reticulatus,Animalia,Animalia,Echinodermata,Asteroidea,Valvatida,Oreasteridae,Oreaster
5209,Echinometra mathaei,Animalia,Animalia,Echinodermata,Echinoidea,Camarodonta,Echinometridae,Echinometra
5210,Evechinus chloroticus,Animalia,Animalia,Echinodermata,Echinoidea,Camarodonta,Echinometridae,Evechinus
5211,Mesocentrotus franciscanus,Animalia,Animalia,Echinodermata,Echinoidea,Camarodonta,Strongylocentrotidae,Mesocentrotus
5212,Strongylocentrotus droebachiensis,Animalia,Animalia,Echinodermata,Echinoidea,Camarodonta,Strongylocentrotidae,Strongylocentrotus
5213,Strongylocentrotus purpuratus,Animalia,Animalia,Echinodermata,Echinoidea,Camarodonta,Strongylocentrotidae,Strongylocentrotus
5214,Dendraster excentricus,Animalia,Animalia,Echinodermata,Echinoidea,Clypeasteroida,Dendrasteridae,Dendraster
5215,Mellita quinquiesperforata,Animalia,Animalia,Echinodermata,Echinoidea,Clypeasteroida,Mellitidae,Mellita
5216,Cucumaria miniata,Animalia,Animalia,Echinodermata,Holothuroidea,Dendrochirotida,Cucumariidae,Cucumaria
5217,Apostichopus californicus,Animalia,Animalia,Echinodermata,Holothuroidea,Synallactida,Stichopodidae,Apostichopus
5218,Ophiothrix spiculata,Animalia,Animalia,Echinodermata,Ophiuroidea,Amphilepidida,Ophiotrichidae,Ophiothrix
5219,Ensis leei,Mollusks,Animalia,Mollusca,Bivalvia,Adapedonta,Pharidae,Ensis
5220,Clinocardium nuttallii,Mollusks,Animalia,Mollusca,Bivalvia,Cardiida,Cardiidae,Clinocardium
5221,Dinocardium robustum,Mollusks,Animalia,Mollusca,Bivalvia,Cardiida,Cardiidae,Dinocardium
5222,Tridacna maxima,Mollusks,Animalia,Mollusca,Bivalvia,Cardiida,Cardiidae,Tridacna
5223,Donax gouldii,Mollusks,Animalia,Mollusca,Bivalvia,Cardiida,Donacidae,Donax
5224,Donax variabilis,Mollusks,Animalia,Mollusca,Bivalvia,Cardiida,Donacidae,Donax
5225,Dreissena polymorpha,Mollusks,Animalia,Mollusca,Bivalvia,Myida,Dreissenidae,Dreissena
5226,Mya arenaria,Mollusks,Animalia,Mollusca,Bivalvia,Myida,Myidae,Mya
5227,Cyrtopleura costata,Mollusks,Animalia,Mollusca,Bivalvia,Myida,Pholadidae,Cyrtopleura
5228,Geukensia demissa,Mollusks,Animalia,Mollusca,Bivalvia,Mytilida,Mytilidae,Geukensia
5229,Mytilus californianus,Mollusks,Animalia,Mollusca,Bivalvia,Mytilida,Mytilidae,Mytilus
5230,Mytilus edulis,Mollusks,Animalia,Mollusca,Bivalvia,Mytilida,Mytilidae,Mytilus
5231,Perna canaliculus,Mollusks,Animalia,Mollusca,Bivalvia,Mytilida,Mytilidae,Perna
5232,Xenostrobus neozelanicus,Mollusks,Animalia,Mollusca,Bivalvia,Mytilida,Mytilidae,Xenostrobus
5233,Crassostrea virginica,Mollusks,Animalia,Mollusca,Bivalvia,Ostreida,Ostreidae,Crassostrea
5234,Magallana gigas,Mollusks,Animalia,Mollusca,Bivalvia,Ostreida,Ostreidae,Magallana
5235,Ostrea edulis,Mollusks,Animalia,Mollusca,Bivalvia,Ostreida,Ostreidae,Ostrea
5236,Anomia simplex,Mollusks,Animalia,Mollusca,Bivalvia,Pectinida,Anomiidae,Anomia
5237,Pododesmus macrochisma,Mollusks,Animalia,Mollusca,Bivalvia,Pectinida,Anomiidae,Pododesmus
5238,Argopecten gibbus,Mollusks,Animalia,Mollusca,Bivalvia,Pectinida,Pectinidae,Argopecten
5239,Argopecten irradians,Mollusks,Animalia,Mollusca,Bivalvia,Pectinida,Pectinidae,Argopecten
5240,Argopecten ventricosus,Mollusks,Animalia,Mollusca,Bivalvia,Pectinida,Pectinidae,Argopecten
5241,Crassadoma gigantea,Mollusks,Animalia,Mollusca,Bivalvia,Pectinida,Pectinidae,Crassadoma
5242,Elliptio complanata,Mollusks,Animalia,Mollusca,Bivalvia,Unionida,Unionidae,Elliptio
5243,Pyganodon grandis,Mollusks,Animalia,Mollusca,Bivalvia,Unionida,Unionidae,Pyganodon
5244,Corbicula fluminea,Mollusks,Animalia,Mollusca,Bivalvia,Venerida,Cyrenidae,Corbicula
5245,Spisula solidissima,Mollusks,Animalia,Mollusca,Bivalvia,Venerida,Mactridae,Spisula
5246,Austrovenus stutchburyi,Mollusks,Animalia,Mollusca,Bivalvia,Venerida,Veneridae,Austrovenus
5247,Chione elevata,Mollusks,Animalia,Mollusca,Bivalvia,Venerida,Veneridae,Chione
5248,Leukoma staminea,Mollusks,Animalia,Mollusca,Bivalvia,Venerida,Veneridae,Leukoma
5249,Mercenaria mercenaria,Mollusks,Animalia,Mollusca,Bivalvia,Venerida,Veneridae,Mercenaria
5250,Ruditapes philippinarum,Mollusks,Animalia,Mollusca,Bivalvia,Venerida,Veneridae,Ruditapes
5251,Tivela stultorum,Mollusks,Animalia,Mollusca,Bivalvia,Venerida,Veneridae,Tivela
5252,Octopus tetricus,Mollusks,Animalia,Mollusca,Cephalopoda,Octopoda,Octopodidae,Octopus
5253,Octopus vulgaris,Mollusks,Animalia,Mollusca,Cephalopoda,Octopoda,Octopodidae,Octopus
5254,Sepia apama,Mollusks,Animalia,Mollusca,Cephalopoda,Sepiida,Sepiidae,Sepia
5255,Sepia officinalis,Mollusks,Animalia,Mollusca,Cephalopoda,Sepiida,Sepiidae,Sepia
5256,Spirula spirula,Mollusks,Animalia,Mollusca,Cephalopoda,Spirulida,Spirulidae,Spirula
5257,Aplysia californica,Mollusks,Animalia,Mollusca,Gastropoda,Aplysiida,Aplysiidae,Aplysia
5258,Aplysia vaccaria,Mollusks,Animalia,Mollusca,Gastropoda,Aplysiida,Aplysiidae,Aplysia
5259,Pomacea canaliculata,Mollusks,Animalia,Mollusca,Gastropoda,Architaenioglossa,Ampullariidae,Pomacea
5260,Cipangopaludina chinensis,Mollusks,Animalia,Mollusca,Gastropoda,Architaenioglossa,Viviparidae,Cipangopaludina
5261,Navanax inermis,Mollusks,Animalia,Mollusca,Gastropoda,Cephalaspidea,Aglajidae,Navanax
5262,Helicina orbiculata,Mollusks,Animalia,Mollusca,Gastropoda,Cycloneritida,Helicinidae,Helicina
5263,Diodora aspera,Mollusks,Animalia,Mollusca,Gastropoda,Lepetellida,Fissurellidae,Diodora
5264,Fissurella volcano,Mollusks,Animalia,Mollusca,Gastropoda,Lepetellida,Fissurellidae,Fissurella
5265,Megathura crenulata,Mollusks,Animalia,Mollusca,Gastropoda,Lepetellida,Fissurellidae,Megathura
5266,Crepidula fornicata,Mollusks,Animalia,Mollusca,Gastropoda,Littorinimorpha,Calyptraeidae,Crepidula
5267,Littoraria irrorata,Mollusks,Animalia,Mollusca,Gastropoda,Littorinimorpha,Littorinidae,Littoraria
5268,Littorina littorea,Mollusks,Animalia,Mollusca,Gastropoda,Littorinimorpha,Littorinidae,Littorina
5269,Littorina obtusata,Mollusks,Animalia,Mollusca,Gastropoda,Littorinimorpha,Littorinidae,Littorina
5270,Neverita duplicata,Mollusks,Animalia,Mollusca,Gastropoda,Littorinimorpha,Naticidae,Neverita
5271,Neverita lewisii,Mollusks,Animalia,Mollusca,Gastropoda,Littorinimorpha,Naticidae,Neverita
5272,Pomatias elegans,Mollusks,Animalia,Mollusca,Gastropoda,Littorinimorpha,Pomatiidae,Pomatias
5273,Aliger gigas,Mollusks,Animalia,Mollusca,Gastropoda,Littorinimorpha,Strombidae,Aliger
5274,Strombus alatus,Mollusks,Animalia,Mollusca,Gastropoda,Littorinimorpha,Strombidae,Strombus
5275,Struthiolaria papulosa,Mollusks,Animalia,Mollusca,Gastropoda,Littorinimorpha,Struthiolariidae,Struthiolaria
5276,Thylacodes squamigerus,Mollusks,Animalia,Mollusca,Gastropoda,Littorinimorpha,Vermetidae,Thylacodes
5277,Buccinum undatum,Mollusks,Animalia,Mollusca,Gastropoda,Neogastropoda,Buccinidae,Buccinum
5278,Busycon carica,Mollusks,Animalia,Mollusca,Gastropoda,Neogastropoda,Buccinidae,Busycon
5279,Cominella adspersa,Mollusks,Animalia,Mollusca,Gastropoda,Neogastropoda,Buccinidae,Cominella
5280,Cominella glandiformis,Mollusks,Animalia,Mollusca,Gastropoda,Neogastropoda,Buccinidae,Cominella
5281,Kelletia kelletii,Mollusks,Animalia,Mollusca,Gastropoda,Neogastropoda,Buccinidae,Kelletia
5282,Sinistrofulgur sinistrum,Mollusks,Animalia,Mollusca,Gastropoda,Neogastropoda,Buccinidae,Sinistrofulgur
5283,Californiconus californicus,Mollusks,Animalia,Mollusca,Gastropoda,Neogastropoda,Conidae,Californiconus
5284,Ceratostoma foliatum,Mollusks,Animalia,Mollusca,Gastropoda,Neogastropoda,Muricidae,Ceratostoma
5285,Dicathais orbita,Mollusks,Animalia,Mollusca,Gastropoda,Neogastropoda,Muricidae,Dicathais
5286,Nucella lamellosa,Mollusks,Animalia,Mollusca,Gastropoda,Neogastropoda,Muricidae,Nucella
5287,Nucella lapillus,Mollusks,Animalia,Mollusca,Gastropoda,Neogastropoda,Muricidae,Nucella
5288,Nucella ostrina,Mollusks,Animalia,Mollusca,Gastropoda,Neogastropoda,Muricidae,Nucella
5289,Urosalpinx cinerea,Mollusks,Animalia,Mollusca,Gastropoda,Neogastropoda,Muricidae,Urosalpinx
5290,Tritia obsoleta,Mollusks,Animalia,Mollusca,Gastropoda,Neogastropoda,Nassariidae,Tritia
5291,Americoliva sayana,Mollusks,Animalia,Mollusca,Gastropoda,Neogastropoda,Olividae,Americoliva
5292,Olivella biplicata,Mollusks,Animalia,Mollusca,Gastropoda,Neogastropoda,Olividae,Olivella
5293,Alcithoe arabica,Mollusks,Animalia,Mollusca,Gastropoda,Neogastropoda,Volutidae,Alcithoe
5294,Aeolidia loui,Mollusks,Animalia,Mollusca,Gastropoda,Nudibranchia,Aeolidiidae,Aeolidia
5295,Cadlina modesta,Mollusks,Animalia,Mollusca,Gastropoda,Nudibranchia,Cadlinidae,Cadlina
5296,Ceratosoma amoenum,Mollusks,Animalia,Mollusca,Gastropoda,Nudibranchia,Chromodorididae,Ceratosoma
5297,Ceratosoma brevicaudatum,Mollusks,Animalia,Mollusca,Gastropoda,Nudibranchia,Chromodorididae,Ceratosoma
5298,Chromodoris annae,Mollusks,Animalia,Mollusca,Gastropoda,Nudibranchia,Chromodorididae,Chromodoris
5299,Doriprismatica atromarginata,Mollusks,Animalia,Mollusca,Gastropoda,Nudibranchia,Chromodorididae,Doriprismatica
5300,Orienthella trilineata,Mollusks,Animalia,Mollusca,Gastropoda,Nudibranchia,Coryphellidae,Orienthella
5301,Doriopsilla fulva,Mollusks,Animalia,Mollusca,Gastropoda,Nudibranchia,Dendrodorididae,Doriopsilla
5302,Dendronotus venustus,Mollusks,Animalia,Mollusca,Gastropoda,Nudibranchia,Dendronotidae,Dendronotus
5303,Dirona albolineata,Mollusks,Animalia,Mollusca,Gastropoda,Nudibranchia,Dironidae,Dirona
5304,Dirona picta,Mollusks,Animalia,Mollusca,Gastropoda,Nudibranchia,Dironidae,Dirona
5305,Diaulula odonoghuei,Mollusks,Animalia,Mollusca,Gastropoda,Nudibranchia,Discodorididae,Diaulula
5306,Diaulula sandiegensis,Mollusks,Animalia,Mollusca,Gastropoda,Nudibranchia,Discodorididae,Diaulula
5307,Geitodoris heathi,Mollusks,Animalia,Mollusca,Gastropoda,Nudibranchia,Discodorididae,Geitodoris
5308,Peltodoris nobilis,Mollusks,Animalia,Mollusca,Gastropoda,Nudibranchia,Discodorididae,Peltodoris
5309,Rostanga pulchra,Mollusks,Animalia,Mollusca,Gastropoda,Nudibranchia,Discodorididae,Rostanga
5310,Aphelodoris varia,Mollusks,Animalia,Mollusca,Gastropoda,Nudibranchia,Dorididae,Aphelodoris
5311,Doris montereyensis,Mollusks,Animalia,Mollusca,Gastropoda,Nudibranchia,Dorididae,Doris
5312,Phidiana hiltoni,Mollusks,Animalia,Mollusca,Gastropoda,Nudibranchia,Facelinidae,Phidiana
5313,Pteraeolidia ianthina,Mollusks,Animalia,Mollusca,Gastropoda,Nudibranchia,Facelinidae,Pteraeolidia
5314,Pteraeolidia semperi,Mollusks,Animalia,Mollusca,Gastropoda,Nudibranchia,Facelinidae,Pteraeolidia
5315,Flabellinopsis iodinea,Mollusks,Animalia,Mollusca,Gastropoda,Nudibranchia,Flabellinopsidae,Flabellinopsis
5316,Okenia rosacea,Mollusks,Animalia,Mollusca,Gastropoda,Nudibranchia,Goniodorididae,Okenia
5317,Hermissenda crassicornis,Mollusks,Animalia,Mollusca,Gastropoda,Nudibranchia,Myrrhinidae,Hermissenda
5318,Hermissenda opalescens,Mollusks,Animalia,Mollusca,Gastropoda,Nudibranchia,Myrrhinidae,Hermissenda
5319,Acanthodoris lutea,Mollusks,Animalia,Mollusca,Gastropoda,Nudibranchia,Onchidorididae,Acanthodoris
5320,Acanthodoris rhodoceras,Mollusks,Animalia,Mollusca,Gastropoda,Nudibranchia,Onchidorididae,Acanthodoris
5321,Onchidoris bilamellata,Mollusks,Animalia,Mollusca,Gastropoda,Nudibranchia,Onchidorididae,Onchidoris
5322,Phyllidia ocellata,Mollusks,Animalia,Mollusca,Gastropoda,Nudibranchia,Phyllidiidae,Phyllidia
5323,Phyllidia varicosa,Mollusks,Animalia,Mollusca,Gastropoda,Nudibranchia,Phyllidiidae,Phyllidia
5324,Phyllidiella pustulosa,Mollusks,Animalia,Mollusca,Gastropoda,Nudibranchia,Phyllidiidae,Phyllidiella
5325,Limacia cockerelli,Mollusks,Animalia,Mollusca,Gastropoda,Nudibranchia,Polyceridae,Limacia
5326,Polycera atra,Mollusks,Animalia,Mollusca,Gastropoda,Nudibranchia,Polyceridae,Polycera
5327,Triopha catalinae,Mollusks,Animalia,Mollusca,Gastropoda,Nudibranchia,Polyceridae,Triopha
5328,Triopha maculata,Mollusks,Animalia,Mollusca,Gastropoda,Nudibranchia,Polyceridae,Triopha
5329,Lissachatina fulica,Mollusks,Animalia,Mollusca,Gastropoda,Stylommatophora,Achatinidae,Lissachatina
5330,Rumina decollata,Mollusks,Animalia,Mollusca,Gastropoda,Stylommatophora,Achatinidae,Rumina
5331,Deroceras reticulatum,Mollusks,Animalia,Mollusca,Gastropoda,Stylommatophora,Agriolimacidae,Deroceras
5332,Ariolimax buttoni,Mollusks,Animalia,Mollusca,Gastropoda,Stylommatophora,Ariolimacidae,Ariolimax
5333,Ariolimax californicus,Mollusks,Animalia,Mollusca,Gastropoda,Stylommatophora,Ariolimacidae,Ariolimax
5334,Ariolimax columbianus,Mollusks,Animalia,Mollusca,Gastropoda,Stylommatophora,Ariolimacidae,Ariolimax
5335,Arion ater,Mollusks,Animalia,Mollusca,Gastropoda,Stylommatophora,Arionidae,Arion
5336,Arion rufus,Mollusks,Animalia,Mollusca,Gastropoda,Stylommatophora,Arionidae,Arion
5337,Arion subfuscus,Mollusks,Animalia,Mollusca,Gastropoda,Stylommatophora,Arionidae,Arion
5338,Megaustenia imperator,Mollusks,Animalia,Mollusca,Gastropoda,Stylommatophora,Ariophantidae,Megaustenia
5339,Bradybaena similaris,Mollusks,Animalia,Mollusca,Gastropoda,Stylommatophora,Camaenidae,Bradybaena
5340,Cochlicopa lubrica,Mollusks,Animalia,Mollusca,Gastropoda,Stylommatophora,Cochlicopidae,Cochlicopa
5341,Discus rotundatus,Mollusks,Animalia,Mollusca,Gastropoda,Stylommatophora,Discidae,Discus
5342,Cochlicella barbara,Mollusks,Animalia,Mollusca,Gastropoda,Stylommatophora,Geomitridae,Cochlicella
5343,Haplotrema minimum,Mollusks,Animalia,Mollusca,Gastropoda,Stylommatophora,Haplotrematidae,Haplotrema
5344,Haplotrema vancouverense,Mollusks,Animalia,Mollusca,Gastropoda,Stylommatophora,Haplotrematidae,Haplotrema
5345,Arianta arbustorum,Mollusks,Animalia,Mollusca,Gastropoda,Stylommatophora,Helicidae,Arianta
5346,Cantareus apertus,Mollusks,Animalia,Mollusca,Gastropoda,Stylommatophora,Helicidae,Cantareus
5347,Cepaea hortensis,Mollusks,Animalia,Mollusca,Gastropoda,Stylommatophora,Helicidae,Cepaea
5348,Cepaea nemoralis,Mollusks,Animalia,Mollusca,Gastropoda,Stylommatophora,Helicidae,Cepaea
5349,Cornu aspersum,Mollusks,Animalia,Mollusca,Gastropoda,Stylommatophora,Helicidae,Cornu
5350,Helix lucorum,Mollusks,Animalia,Mollusca,Gastropoda,Stylommatophora,Helicidae,Helix
5351,Helix pomatia,Mollusks,Animalia,Mollusca,Gastropoda,Stylommatophora,Helicidae,Helix
5352,Massylaea vermiculata,Mollusks,Animalia,Mollusca,Gastropoda,Stylommatophora,Helicidae,Massylaea
5353,Otala lactea,Mollusks,Animalia,Mollusca,Gastropoda,Stylommatophora,Helicidae,Otala
5354,Theba pisana,Mollusks,Animalia,Mollusca,Gastropoda,Stylommatophora,Helicidae,Theba
5355,Limacus flavus,Mollusks,Animalia,Mollusca,Gastropoda,Stylommatophora,Limacidae,Limacus
5356,Limax cinereoniger,Mollusks,Animalia,Mollusca,Gastropoda,Stylommatophora,Limacidae,Limax
5357,Limax maximus,Mollusks,Animalia,Mollusca,Gastropoda,Stylommatophora,Limacidae,Limax
5358,Milax gagates,Mollusks,Animalia,Mollusca,Gastropoda,Stylommatophora,Milacidae,Milax
5359,Liguus fasciatus,Mollusks,Animalia,Mollusca,Gastropoda,Stylommatophora,Orthalicidae,Liguus
5360,Oxychilus draparnaudi,Mollusks,Animalia,Mollusca,Gastropoda,Stylommatophora,Oxychilidae,Oxychilus
5361,Megapallifera mutabilis,Mollusks,Animalia,Mollusca,Gastropoda,Stylommatophora,Philomycidae,Megapallifera
5362,Meghimatium bilineatum,Mollusks,Animalia,Mollusca,Gastropoda,Stylommatophora,Philomycidae,Meghimatium
5363,Polygyra cereolus,Mollusks,Animalia,Mollusca,Gastropoda,Stylommatophora,Polygyridae,Polygyra
5364,Euglandina rosea,Mollusks,Animalia,Mollusca,Gastropoda,Stylommatophora,Spiraxidae,Euglandina
5365,Helminthoglypta tudiculata,Mollusks,Animalia,Mollusca,Gastropoda,Stylommatophora,Xanthonychidae,Helminthoglypta
5366,Monadenia fidelis,Mollusks,Animalia,Mollusca,Gastropoda,Stylommatophora,Xanthonychidae,Monadenia
5367,Monadenia infumata,Mollusks,Animalia,Mollusca,Gastropoda,Stylommatophora,Xanthonychidae,Monadenia
5368,Zachrysia provisoria,Mollusks,Animalia,Mollusca,Gastropoda,Stylommatophora,Zachrysiidae,Zachrysia
5369,Belocaulus angustipes,Mollusks,Animalia,Mollusca,Gastropoda,Systellommatophora,Veronicellidae,Belocaulus
5370,Laevicaulis alte,Mollusks,Animalia,Mollusca,Gastropoda,Systellommatophora,Veronicellidae,Laevicaulis
5371,Calliostoma ligatum,Mollusks,Animalia,Mollusca,Gastropoda,Trochida,Calliostomatidae,Calliostoma
5372,Norrisia norrisii,Mollusks,Animalia,Mollusca,Gastropoda,Trochida,Tegulidae,Norrisia
5373,Tegula brunnea,Mollusks,Animalia,Mollusca,Gastropoda,Trochida,Tegulidae,Tegula
5374,Tegula eiseni,Mollusks,Animalia,Mollusca,Gastropoda,Trochida,Tegulidae,Tegula
5375,Tegula funebralis,Mollusks,Animalia,Mollusca,Gastropoda,Trochida,Tegulidae,Tegula
5376,Diloma aethiops,Mollusks,Animalia,Mollusca,Gastropoda,Trochida,Trochidae,Diloma
5377,Lunella smaragdus,Mollusks,Animalia,Mollusca,Gastropoda,Trochida,Turbinidae,Lunella
5378,Megastraea undosa,Mollusks,Animalia,Mollusca,Gastropoda,Trochida,Turbinidae,Megastraea
5379,Cryptochiton stelleri,Mollusks,Animalia,Mollusca,Polyplacophora,Chitonida,Acanthochitonidae,Cryptochiton
5380,Acanthopleura granulata,Mollusks,Animalia,Mollusca,Polyplacophora,Chitonida,Chitonidae,Acanthopleura
5381,Chiton glaucus,Mollusks,Animalia,Mollusca,Polyplacophora,Chitonida,Chitonidae,Chiton
5382,Sypharochiton pelliserpentis,Mollusks,Animalia,Mollusca,Polyplacophora,Chitonida,Chitonidae,Sypharochiton
5383,Katharina tunicata,Mollusks,Animalia,Mollusca,Polyplacophora,Chitonida,Mopaliidae,Katharina
5384,Mopalia lignosa,Mollusks,Animalia,Mollusca,Polyplacophora,Chitonida,Mopaliidae,Mopalia
5385,Mopalia muscosa,Mollusks,Animalia,Mollusca,Polyplacophora,Chitonida,Mopaliidae,Mopalia
5386,Nuttallina californica,Mollusks,Animalia,Mollusca,Polyplacophora,Chitonida,Tonicellidae,Nuttallina
5387,Tonicella lineata,Mollusks,Animalia,Mollusca,Polyplacophora,Chitonida,Tonicellidae,Tonicella
5388,Herpothallon rubrocinctum,Fungi,Fungi,Ascomycota,Arthoniomycetes,Arthoniales,Arthoniaceae,Herpothallon
5389,Chrysothrix candelaris,Fungi,Fungi,Ascomycota,Arthoniomycetes,Arthoniales,Chrysothricaceae,Chrysothrix
5390,Apiosporina morbosa,Fungi,Fungi,Ascomycota,Dothideomycetes,Venturiales,Venturiaceae,Apiosporina
5391,Acarospora socialis,Fungi,Fungi,Ascomycota,Lecanoromycetes,Acarosporales,Acarosporaceae,Acarospora
5392,Physcia adscendens,Fungi,Fungi,Ascomycota,Lecanoromycetes,Caliciales,Physciaceae,Physcia
5393,Physcia aipolia,Fungi,Fungi,Ascomycota,Lecanoromycetes,Caliciales,Physciaceae,Physcia
5394,Physcia millegrana,Fungi,Fungi,Ascomycota,Lecanoromycetes,Caliciales,Physciaceae,Physcia
5395,Physcia stellaris,Fungi,Fungi,Ascomycota,Lecanoromycetes,Caliciales,Physciaceae,Physcia
5396,Candelaria concolor,Fungi,Fungi,Ascomycota,Lecanoromycetes,Candelariales,Candelariaceae,Candelaria
5397,Cladonia chlorophaea,Fungi,Fungi,Ascomycota,Lecanoromycetes,Lecanorales,Cladoniaceae,Cladonia
5398,Cladonia coniocraea,Fungi,Fungi,Ascomycota,Lecanoromycetes,Lecanorales,Cladoniaceae,Cladonia
5399,Cladonia cristatella,Fungi,Fungi,Ascomycota,Lecanoromycetes,Lecanorales,Cladoniaceae,Cladonia
5400,Cladonia evansii,Fungi,Fungi,Ascomycota,Lecanoromycetes,Lecanorales,Cladoniaceae,Cladonia
5401,Cladonia furcata,Fungi,Fungi,Ascomycota,Lecanoromycetes,Lecanorales,Cladoniaceae,Cladonia
5402,Cladonia macilenta,Fungi,Fungi,Ascomycota,Lecanoromycetes,Lecanorales,Cladoniaceae,Cladonia
5403,Cladonia rangiferina,Fungi,Fungi,Ascomycota,Lecanoromycetes,Lecanorales,Cladoniaceae,Cladonia
5404,Cladonia stellaris,Fungi,Fungi,Ascomycota,Lecanoromycetes,Lecanorales,Cladoniaceae,Cladonia
5405,Protoparmeliopsis muralis,Fungi,Fungi,Ascomycota,Lecanoromycetes,Lecanorales,Lecanoraceae,Protoparmeliopsis
5406,Evernia mesomorpha,Fungi,Fungi,Ascomycota,Lecanoromycetes,Lecanorales,Parmeliaceae,Evernia
5407,Evernia prunastri,Fungi,Fungi,Ascomycota,Lecanoromycetes,Lecanorales,Parmeliaceae,Evernia
5408,Flavoparmelia caperata,Fungi,Fungi,Ascomycota,Lecanoromycetes,Lecanorales,Parmeliaceae,Flavoparmelia
5409,Flavopunctelia flaventior,Fungi,Fungi,Ascomycota,Lecanoromycetes,Lecanorales,Parmeliaceae,Flavopunctelia
5410,Hypogymnia physodes,Fungi,Fungi,Ascomycota,Lecanoromycetes,Lecanorales,Parmeliaceae,Hypogymnia
5411,Hypogymnia tubulosa,Fungi,Fungi,Ascomycota,Lecanoromycetes,Lecanorales,Parmeliaceae,Hypogymnia
5412,Letharia columbiana,Fungi,Fungi,Ascomycota,Lecanoromycetes,Lecanorales,Parmeliaceae,Letharia
5413,Letharia vulpina,Fungi,Fungi,Ascomycota,Lecanoromycetes,Lecanorales,Parmeliaceae,Letharia
5414,Parmelia sulcata,Fungi,Fungi,Ascomycota,Lecanoromycetes,Lecanorales,Parmeliaceae,Parmelia
5415,Parmotrema hypotropum,Fungi,Fungi,Ascomycota,Lecanoromycetes,Lecanorales,Parmeliaceae,Parmotrema
5416,Platismatia glauca,Fungi,Fungi,Ascomycota,Lecanoromycetes,Lecanorales,Parmeliaceae,Platismatia
5417,Pseudevernia furfuracea,Fungi,Fungi,Ascomycota,Lecanoromycetes,Lecanorales,Parmeliaceae,Pseudevernia
5418,Punctelia rudecta,Fungi,Fungi,Ascomycota,Lecanoromycetes,Lecanorales,Parmeliaceae,Punctelia
5419,Usnea longissima,Fungi,Fungi,Ascomycota,Lecanoromycetes,Lecanorales,Parmeliaceae,Usnea
5420,Usnea rubicunda,Fungi,Fungi,Ascomycota,Lecanoromycetes,Lecanorales,Parmeliaceae,Usnea
5421,Usnea strigosa,Fungi,Fungi,Ascomycota,Lecanoromycetes,Lecanorales,Parmeliaceae,Usnea
5422,Vulpicida pinastri,Fungi,Fungi,Ascomycota,Lecanoromycetes,Lecanorales,Parmeliaceae,Vulpicida
5423,Ramalina celastri,Fungi,Fungi,Ascomycota,Lecanoromycetes,Lecanorales,Ramalinaceae,Ramalina
5424,Ramalina farinacea,Fungi,Fungi,Ascomycota,Lecanoromycetes,Lecanorales,Ramalinaceae,Ramalina
5425,Ramalina menziesii,Fungi,Fungi,Ascomycota,Lecanoromycetes,Lecanorales,Ramalinaceae,Ramalina
5426,Porpidia albocaerulescens,Fungi,Fungi,Ascomycota,Lecanoromycetes,Lecideales,Lecideaceae,Porpidia
5427,Graphis scripta,Fungi,Fungi,Ascomycota,Lecanoromycetes,Ostropales,Graphidaceae,Graphis
5428,Phlyctis argena,Fungi,Fungi,Ascomycota,Lecanoromycetes,Ostropales,Phlyctidaceae,Phlyctis
5429,Lobaria anthraspis,Fungi,Fungi,Ascomycota,Lecanoromycetes,Peltigerales,Lobariaceae,Lobaria
5430,Lobaria pulmonaria,Fungi,Fungi,Ascomycota,Lecanoromycetes,Peltigerales,Lobariaceae,Lobaria
5431,Ricasolia quercizans,Fungi,Fungi,Ascomycota,Lecanoromycetes,Peltigerales,Lobariaceae,Ricasolia
5432,Peltigera membranacea,Fungi,Fungi,Ascomycota,Lecanoromycetes,Peltigerales,Peltigeraceae,Peltigera
5433,Peltigera praetextata,Fungi,Fungi,Ascomycota,Lecanoromycetes,Peltigerales,Peltigeraceae,Peltigera
5434,Dibaeis arcuata,Fungi,Fungi,Ascomycota,Lecanoromycetes,Pertusariales,Icmadophilaceae,Dibaeis
5435,Dibaeis baeomyces,Fungi,Fungi,Ascomycota,Lecanoromycetes,Pertusariales,Icmadophilaceae,Dibaeis
5436,Icmadophila ericetorum,Fungi,Fungi,Ascomycota,Lecanoromycetes,Pertusariales,Icmadophilaceae,Icmadophila
5437,Rhizocarpon geographicum,Fungi,Fungi,Ascomycota,Lecanoromycetes,Rhizocarpales,Rhizocarpaceae,Rhizocarpon
5438,Rusavskia elegans,Fungi,Fungi,Ascomycota,Lecanoromycetes,Teloschistales,Teloschistaceae,Rusavskia
5439,Teloschistes chrysophthalmus,Fungi,Fungi,Ascomycota,Lecanoromycetes,Teloschistales,Teloschistaceae,Teloschistes
5440,Teloschistes exilis,Fungi,Fungi,Ascomycota,Lecanoromycetes,Teloschistales,Teloschistaceae,Teloschistes
5441,Teloschistes flavicans,Fungi,Fungi,Ascomycota,Lecanoromycetes,Teloschistales,Teloschistaceae,Teloschistes
5442,Xanthomendoza fallax,Fungi,Fungi,Ascomycota,Lecanoromycetes,Teloschistales,Teloschistaceae,Xanthomendoza
5443,Xanthoria parietina,Fungi,Fungi,Ascomycota,Lecanoromycetes,Teloschistales,Teloschistaceae,Xanthoria
5444,Lasallia papulosa,Fungi,Fungi,Ascomycota,Lecanoromycetes,Umbilicariales,Umbilicariaceae,Lasallia
5445,Umbilicaria mammulata,Fungi,Fungi,Ascomycota,Lecanoromycetes,Umbilicariales,Umbilicariaceae,Umbilicaria
5446,Chlorociboria aeruginascens,Fungi,Fungi,Ascomycota,Leotiomycetes,Helotiales,Chlorociboriaceae,Chlorociboria
5447,Ascocoryne sarcoides,Fungi,Fungi,Ascomycota,Leotiomycetes,Helotiales,Gelatinodiscaceae,Ascocoryne
5448,Calycina citrina,Fungi,Fungi,Ascomycota,Leotiomycetes,Helotiales,Pezizellaceae,Calycina
5449,Leotia lubrica,Fungi,Fungi,Ascomycota,Leotiomycetes,Leotiales,Leotiaceae,Leotia
5450,Bulgaria inquinans,Fungi,Fungi,Ascomycota,Leotiomycetes,Phacidiales,Phacidiaceae,Bulgaria
5451,Rhytisma acerinum,Fungi,Fungi,Ascomycota,Leotiomycetes,Rhytismatales,Rhytismataceae,Rhytisma
5452,Caloscypha fulgens,Fungi,Fungi,Ascomycota,Pezizomycetes,Pezizales,Caloscyphaceae,Caloscypha
5453,Gyromitra esculenta,Fungi,Fungi,Ascomycota,Pezizomycetes,Pezizales,Discinaceae,Gyromitra
5454,Gyromitra infula,Fungi,Fungi,Ascomycota,Pezizomycetes,Pezizales,Discinaceae,Gyromitra
5455,Helvella crispa,Fungi,Fungi,Ascomycota,Pezizomycetes,Pezizales,Helvellaceae,Helvella
5456,Helvella vespertina,Fungi,Fungi,Ascomycota,Pezizomycetes,Pezizales,Helvellaceae,Helvella
5457,Morchella americana,Fungi,Fungi,Ascomycota,Pezizomycetes,Pezizales,Morchellaceae,Morchella
5458,Verpa bohemica,Fungi,Fungi,Ascomycota,Pezizomycetes,Pezizales,Morchellaceae,Verpa
5459,Aleuria aurantia,Fungi,Fungi,Ascomycota,Pezizomycetes,Pezizales,Pyronemataceae,Aleuria
5460,Sarcoscypha austriaca,Fungi,Fungi,Ascomycota,Pezizomycetes,Pezizales,Sarcoscyphaceae,Sarcoscypha
5461,Sarcoscypha coccinea,Fungi,Fungi,Ascomycota,Pezizomycetes,Pezizales,Sarcoscyphaceae,Sarcoscypha
5462,Sarcoscypha occidentalis,Fungi,Fungi,Ascomycota,Pezizomycetes,Pezizales,Sarcoscyphaceae,Sarcoscypha
5463,Galiella rufa,Fungi,Fungi,Ascomycota,Pezizomycetes,Pezizales,Sarcosomataceae,Galiella
5464,Urnula craterium,Fungi,Fungi,Ascomycota,Pezizomycetes,Pezizales,Sarcosomataceae,Urnula
5465,Hypomyces chrysospermus,Fungi,Fungi,Ascomycota,Sordariomycetes,Hypocreales,Hypocreaceae,Hypomyces
5466,Hypomyces lactifluorum,Fungi,Fungi,Ascomycota,Sordariomycetes,Hypocreales,Hypocreaceae,Hypomyces
5467,Nectria cinnabarina,Fungi,Fungi,Ascomycota,Sordariomycetes,Hypocreales,Nectriaceae,Nectria
5468,Annulohypoxylon thouarsianum,Fungi,Fungi,Ascomycota,Sordariomycetes,Xylariales,Hypoxylaceae,Annulohypoxylon
5469,Kretzschmaria deusta,Fungi,Fungi,Ascomycota,Sordariomycetes,Xylariales,Xylariaceae,Kretzschmaria
5470,Xylaria hypoxylon,Fungi,Fungi,Ascomycota,Sordariomycetes,Xylariales,Xylariaceae,Xylaria
5471,Xylaria polymorpha,Fungi,Fungi,Ascomycota,Sordariomycetes,Xylariales,Xylariaceae,Xylaria
5472,Agaricus augustus,Fungi,Fungi,Basidiomycota,Agaricomycetes,Agaricales,Agaricaceae,Agaricus
5473,Agaricus campestris,Fungi,Fungi,Basidiomycota,Agaricomycetes,Agaricales,Agaricaceae,Agaricus
5474,Agaricus xanthodermus,Fungi,Fungi,Basidiomycota,Agaricomycetes,Agaricales,Agaricaceae,Agaricus
5475,Battarrea phalloides,Fungi,Fungi,Basidiomycota,Agaricomycetes,Agaricales,Agaricaceae,Battarrea
5476,Chlorophyllum brunneum,Fungi,Fungi,Basidiomycota,Agaricomycetes,Agaricales,Agaricaceae,Chlorophyllum
5477,Chlorophyllum molybdites,Fungi,Fungi,Basidiomycota,Agaricomycetes,Agaricales,Agaricaceae,Chlorophyllum
5478,Chlorophyllum rhacodes,Fungi,Fungi,Basidiomycota,Agaricomycetes,Agaricales,Agaricaceae,Chlorophyllum
5479,Coprinus comatus,Fungi,Fungi,Basidiomycota,Agaricomycetes,Agaricales,Agaricaceae,Coprinus
5480,Leucoagaricus americanus,Fungi,Fungi,Basidiomycota,Agaricomycetes,Agaricales,Agaricaceae,Leucoagaricus
5481,Leucoagaricus leucothites,Fungi,Fungi,Basidiomycota,Agaricomycetes,Agaricales,Agaricaceae,Leucoagaricus
5482,Leucocoprinus birnbaumii,Fungi,Fungi,Basidiomycota,Agaricomycetes,Agaricales,Agaricaceae,Leucocoprinus
5483,Leucocoprinus fragilissimus,Fungi,Fungi,Basidiomycota,Agaricomycetes,Agaricales,Agaricaceae,Leucocoprinus
5484,Macrolepiota clelandii,Fungi,Fungi,Basidiomycota,Agaricomycetes,Agaricales,Agaricaceae,Macrolepiota
5485,Macrolepiota procera,Fungi,Fungi,Basidiomycota,Agaricomycetes,Agaricales,Agaricaceae,Macrolepiota
5486,Podaxis pistillaris,Fungi,Fungi,Basidiomycota,Agaricomycetes,Agaricales,Agaricaceae,Podaxis
5487,Amanita augusta,Fungi,Fungi,Basidiomycota,Agaricomycetes,Agaricales,Amanitaceae,Amanita
5488,Amanita bisporigera,Fungi,Fungi,Basidiomycota,Agaricomycetes,Agaricales,Amanitaceae,Amanita
5489,Amanita citrina,Fungi,Fungi,Basidiomycota,Agaricomycetes,Agaricales,Amanitaceae,Amanita
5490,Amanita flavoconia,Fungi,Fungi,Basidiomycota,Agaricomycetes,Agaricales,Amanitaceae,Amanita
5491,Amanita fulva,Fungi,Fungi,Basidiomycota,Agaricomycetes,Agaricales,Amanitaceae,Amanita
5492,Amanita gemmata,Fungi,Fungi,Basidiomycota,Agaricomycetes,Agaricales,Amanitaceae,Amanita
5493,Amanita jacksonii,Fungi,Fungi,Basidiomycota,Agaricomycetes,Agaricales,Amanitaceae,Amanita
5494,Amanita muscaria,Fungi,Fungi,Basidiomycota,Agaricomycetes,Agaricales,Amanitaceae,Amanita
5495,Amanita novinupta,Fungi,Fungi,Basidiomycota,Agaricomycetes,Agaricales,Amanitaceae,Amanita
5496,Amanita pantherina,Fungi,Fungi,Basidiomycota,Agaricomycetes,Agaricales,Amanitaceae,Amanita
5497,Amanita phalloides,Fungi,Fungi,Basidiomycota,Agaricomycetes,Agaricales,Amanitaceae,Amanita
5498,Amanita rubescens,Fungi,Fungi,Basidiomycota,Agaricomycetes,Agaricales,Amanitaceae,Amanita
5499,Amanita vaginata,Fungi,Fungi,Basidiomycota,Agaricomycetes,Agaricales,Amanitaceae,Amanita
5500,Amanita velosa,Fungi,Fungi,Basidiomycota,Agaricomycetes,Agaricales,Amanitaceae,Amanita
5501,Bolbitius titubans,Fungi,Fungi,Basidiomycota,Agaricomycetes,Agaricales,Bolbitiaceae,Bolbitius
5502,Conocybe apala,Fungi,Fungi,Basidiomycota,Agaricomycetes,Agaricales,Bolbitiaceae,Conocybe
5503,Clavaria fragilis,Fungi,Fungi,Basidiomycota,Agaricomycetes,Agaricales,Clavariaceae,Clavaria
5504,Clavaria zollingeri,Fungi,Fungi,Basidiomycota,Agaricomycetes,Agaricales,Clavariaceae,Clavaria
5505,Clavulinopsis fusiformis,Fungi,Fungi,Basidiomycota,Agaricomycetes,Agaricales,Clavariaceae,Clavulinopsis
5506,Cortinarius iodes,Fungi,Fungi,Basidiomycota,Agaricomycetes,Agaricales,Cortinariaceae,Cortinarius
5507,Cortinarius violaceus,Fungi,Fungi,Basidiomycota,Agaricomycetes,Agaricales,Cortinariaceae,Cortinarius
5508,Crepidotus mollis,Fungi,Fungi,Basidiomycota,Agaricomycetes,Agaricales,Crepidotaceae,Crepidotus
5509,Chondrostereum purpureum,Fungi,Fungi,Basidiomycota,Agaricomycetes,Agaricales,Cyphellaceae,Chondrostereum
5510,Entoloma abortivum,Fungi,Fungi,Basidiomycota,Agaricomycetes,Agaricales,Entolomataceae,Entoloma
5511,Entoloma hochstetteri,Fungi,Fungi,Basidiomycota,Agaricomycetes,Agaricales,Entolomataceae,Entoloma
5512,Fistulina hepatica,Fungi,Fungi,Basidiomycota,Agaricomycetes,Agaricales,Fistulinaceae,Fistulina
5513,Laccaria amethysteo-occidentalis,Fungi,Fungi,Basidiomycota,Agaricomycetes,Agaricales,Hydnangiaceae,Laccaria
5514,Laccaria amethystina,Fungi,Fungi,Basidiomycota,Agaricomycetes,Agaricales,Hydnangiaceae,Laccaria
5515,Laccaria laccata,Fungi,Fungi,Basidiomycota,Agaricomycetes,Agaricales,Hydnangiaceae,Laccaria
5516,Laccaria ochropurpurea,Fungi,Fungi,Basidiomycota,Agaricomycetes,Agaricales,Hydnangiaceae,Laccaria
5517,Gliophorus psittacinus,Fungi,Fungi,Basidiomycota,Agaricomycetes,Agaricales,Hygrophoraceae,Gliophorus
5518,Hygrocybe coccinea,Fungi,Fungi,Basidiomycota,Agaricomycetes,Agaricales,Hygrophoraceae,Hygrocybe
5519,Hygrocybe conica,Fungi,Fungi,Basidiomycota,Agaricomycetes,Agaricales,Hygrophoraceae,Hygrocybe
5520,Hygrocybe flavescens,Fungi,Fungi,Basidiomycota,Agaricomycetes,Agaricales,Hygrophoraceae,Hygrocybe
5521,Hygrocybe singeri,Fungi,Fungi,Basidiomycota,Agaricomycetes,Agaricales,Hygrophoraceae,Hygrocybe
5522,Lichenomphalia chromacea,Fungi,Fungi,Basidiomycota,Agaricomycetes,Agaricales,Hygrophoraceae,Lichenomphalia
5523,Lichenomphalia umbellifera,Fungi,Fungi,Basidiomycota,Agaricomycetes,Agaricales,Hygrophoraceae,Lichenomphalia
5524,Galerina marginata,Fungi,Fungi,Basidiomycota,Agaricomycetes,Agaricales,Hymenogastraceae,Galerina
5525,Gymnopilus junonius,Fungi,Fungi,Basidiomycota,Agaricomycetes,Agaricales,Hymenogastraceae,Gymnopilus
5526,Apioperdon pyriforme,Fungi,Fungi,Basidiomycota,Agaricomycetes,Agaricales,Lycoperdaceae,Apioperdon
5527,Calvatia gigantea,Fungi,Fungi,Basidiomycota,Agaricomycetes,Agaricales,Lycoperdaceae,Calvatia
5528,Lycoperdon perlatum,Fungi,Fungi,Basidiomycota,Agaricomycetes,Agaricales,Lycoperdaceae,Lycoperdon
5529,Marasmius oreades,Fungi,Fungi,Basidiomycota,Agaricomycetes,Agaricales,Marasmiaceae,Marasmius
5530,Marasmius plicatulus,Fungi,Fungi,Basidiomycota,Agaricomycetes,Agaricales,Marasmiaceae,Marasmius
5531,Marasmius rotula,Fungi,Fungi,Basidiomycota,Agaricomycetes,Agaricales,Marasmiaceae,Marasmius
5532,Cruentomycena viscidocruenta,Fungi,Fungi,Basidiomycota,Agaricomycetes,Agaricales,Mycenaceae,Cruentomycena
5533,Favolaschia calocera,Fungi,Fungi,Basidiomycota,Agaricomycetes,Agaricales,Mycenaceae,Favolaschia
5534,Mycena acicula,Fungi,Fungi,Basidiomycota,Agaricomycetes,Agaricales,Mycenaceae,Mycena
5535,Mycena epipterygia,Fungi,Fungi,Basidiomycota,Agaricomycetes,Agaricales,Mycenaceae,Mycena
5536,Mycena haematopus,Fungi,Fungi,Basidiomycota,Agaricomycetes,Agaricales,Mycenaceae,Mycena
5537,Mycena interrupta,Fungi,Fungi,Basidiomycota,Agaricomycetes,Agaricales,Mycenaceae,Mycena
5538,Mycena leaiana,Fungi,Fungi,Basidiomycota,Agaricomycetes,Agaricales,Mycenaceae,Mycena
5539,Mycena pura,Fungi,Fungi,Basidiomycota,Agaricomycetes,Agaricales,Mycenaceae,Mycena
5540,Panellus stipticus,Fungi,Fungi,Basidiomycota,Agaricomycetes,Agaricales,Mycenaceae,Panellus
5541,Roridomyces austrororidus,Fungi,Fungi,Basidiomycota,Agaricomycetes,Agaricales,Mycenaceae,Roridomyces
5542,Sarcomyxa serotina,Fungi,Fungi,Basidiomycota,Agaricomycetes,Agaricales,Mycenaceae,Sarcomyxa
5543,Crucibulum laeve,Fungi,Fungi,Basidiomycota,Agaricomycetes,Agaricales,Nidulariaceae,Crucibulum
5544,Cyathus stercoreus,Fungi,Fungi,Basidiomycota,Agaricomycetes,Agaricales,Nidulariaceae,Cyathus
5545,Cyathus striatus,Fungi,Fungi,Basidiomycota,Agaricomycetes,Agaricales,Nidulariaceae,Cyathus
5546,Gymnopus dryophilus,Fungi,Fungi,Basidiomycota,Agaricomycetes,Agaricales,Omphalotaceae,Gymnopus
5547,Marasmiellus candidus,Fungi,Fungi,Basidiomycota,Agaricomycetes,Agaricales,Omphalotaceae,Marasmiellus
5548,Omphalotus illudens,Fungi,Fungi,Basidiomycota,Agaricomycetes,Agaricales,Omphalotaceae,Omphalotus
5549,Omphalotus olivascens,Fungi,Fungi,Basidiomycota,Agaricomycetes,Agaricales,Omphalotaceae,Omphalotus
5550,Armillaria mellea,Fungi,Fungi,Basidiomycota,Agaricomycetes,Agaricales,Physalacriaceae,Armillaria
5551,Desarmillaria tabescens,Fungi,Fungi,Basidiomycota,Agaricomycetes,Agaricales,Physalacriaceae,Desarmillaria
5552,Flammulina velutipes,Fungi,Fungi,Basidiomycota,Agaricomycetes,Agaricales,Physalacriaceae,Flammulina
5553,Strobilurus trullisatus,Fungi,Fungi,Basidiomycota,Agaricomycetes,Agaricales,Physalacriaceae,Strobilurus
5554,Pleurotus dryinus,Fungi,Fungi,Basidiomycota,Agaricomycetes,Agaricales,Pleurotaceae,Pleurotus
5555,Pleurotus ostreatus,Fungi,Fungi,Basidiomycota,Agaricomycetes,Agaricales,Pleurotaceae,Pleurotus
5556,Pleurotus pulmonarius,Fungi,Fungi,Basidiomycota,Agaricomycetes,Agaricales,Pleurotaceae,Pleurotus
5557,Pluteus cervinus,Fungi,Fungi,Basidiomycota,Agaricomycetes,Agaricales,Pluteaceae,Pluteus
5558,Volvariella bombycina,Fungi,Fungi,Basidiomycota,Agaricomycetes,Agaricales,Pluteaceae,Volvariella
5559,Volvopluteus gloiocephalus,Fungi,Fungi,Basidiomycota,Agaricomycetes,Agaricales,Pluteaceae,Volvopluteus
5560,Megacollybia rodmanii,Fungi,Fungi,Basidiomycota,Agaricomycetes,Agaricales,Porotheleaceae,Megacollybia
5561,Phyllotopsis nidulans,Fungi,Fungi,Basidiomycota,Agaricomycetes,Agaricales,Porotheleaceae,Phyllotopsis
5562,Coprinellus disseminatus,Fungi,Fungi,Basidiomycota,Agaricomycetes,Agaricales,Psathyrellaceae,Coprinellus
5563,Coprinellus micaceus,Fungi,Fungi,Basidiomycota,Agaricomycetes,Agaricales,Psathyrellaceae,Coprinellus
5564,Coprinopsis atramentaria,Fungi,Fungi,Basidiomycota,Agaricomycetes,Agaricales,Psathyrellaceae,Coprinopsis
5565,Coprinopsis lagopus,Fungi,Fungi,Basidiomycota,Agaricomycetes,Agaricales,Psathyrellaceae,Coprinopsis
5566,Coprinopsis picacea,Fungi,Fungi,Basidiomycota,Agaricomycetes,Agaricales,Psathyrellaceae,Coprinopsis
5567,Coprinopsis variegata,Fungi,Fungi,Basidiomycota,Agaricomycetes,Agaricales,Psathyrellaceae,Coprinopsis
5568,Lacrymaria lacrymabunda,Fungi,Fungi,Basidiomycota,Agaricomycetes,Agaricales,Psathyrellaceae,Lacrymaria
5569,Panaeolus antillarum,Fungi,Fungi,Basidiomycota,Agaricomycetes,Agaricales,Psathyrellaceae,Panaeolus
5570,Panaeolus foenisecii,Fungi,Fungi,Basidiomycota,Agaricomycetes,Agaricales,Psathyrellaceae,Panaeolus
5571,Panaeolus papilionaceus,Fungi,Fungi,Basidiomycota,Agaricomycetes,Agaricales,Psathyrellaceae,Panaeolus
5572,Parasola plicatilis,Fungi,Fungi,Basidiomycota,Agaricomycetes,Agaricales,Psathyrellaceae,Parasola
5573,Psathyrella candolleana,Fungi,Fungi,Basidiomycota,Agaricomycetes,Agaricales,Psathyrellaceae,Psathyrella
5574,Schizophyllum commune,Fungi,Fungi,Basidiomycota,Agaricomycetes,Agaricales,Schizophyllaceae,Schizophyllum
5575,Agrocybe pediades,Fungi,Fungi,Basidiomycota,Agaricomycetes,Agaricales,Strophariaceae,Agrocybe
5576,Agrocybe praecox,Fungi,Fungi,Basidiomycota,Agaricomycetes,Agaricales,Strophariaceae,Agrocybe
5577,Cyclocybe parasitica,Fungi,Fungi,Basidiomycota,Agaricomycetes,Agaricales,Strophariaceae,Cyclocybe
5578,Hypholoma capnoides,Fungi,Fungi,Basidiomycota,Agaricomycetes,Agaricales,Strophariaceae,Hypholoma
5579,Hypholoma fasciculare,Fungi,Fungi,Basidiomycota,Agaricomycetes,Agaricales,Strophariaceae,Hypholoma
5580,Hypholoma lateritium,Fungi,Fungi,Basidiomycota,Agaricomycetes,Agaricales,Strophariaceae,Hypholoma
5581,Leratiomyces ceres,Fungi,Fungi,Basidiomycota,Agaricomycetes,Agaricales,Strophariaceae,Leratiomyces
5582,Leratiomyces erythrocephalus,Fungi,Fungi,Basidiomycota,Agaricomycetes,Agaricales,Strophariaceae,Leratiomyces
5583,Leratiomyces percevalii,Fungi,Fungi,Basidiomycota,Agaricomycetes,Agaricales,Strophariaceae,Leratiomyces
5584,Pholiota aurivella,Fungi,Fungi,Basidiomycota,Agaricomycetes,Agaricales,Strophariaceae,Pholiota
5585,Pholiota squarrosa,Fungi,Fungi,Basidiomycota,Agaricomycetes,Agaricales,Strophariaceae,Pholiota
5586,Stropharia ambigua,Fungi,Fungi,Basidiomycota,Agaricomycetes,Agaricales,Strophariaceae,Stropharia
5587,Stropharia rugosoannulata,Fungi,Fungi,Basidiomycota,Agaricomycetes,Agaricales,Strophariaceae,Stropharia
5588,Clitocybe nebularis,Fungi,Fungi,Basidiomycota,Agaricomycetes,Agaricales,Tricholomataceae,Clitocybe
5589,Leucopaxillus gentianeus,Fungi,Fungi,Basidiomycota,Agaricomycetes,Agaricales,Tricholomataceae,Leucopaxillus
5590,Tubaria furfuracea,Fungi,Fungi,Basidiomycota,Agaricomycetes,Agaricales,Tubariaceae,Tubaria
5591,Xeromphalina campanella,Fungi,Fungi,Basidiomycota,Agaricomycetes,Agaricales,Typhulaceae,Xeromphalina
5592,Auricularia auricula-judae,Fungi,Fungi,Basidiomycota,Agaricomycetes,Auriculariales,Auriculariaceae,Auricularia
5593,Auricularia cornea,Fungi,Fungi,Basidiomycota,Agaricomycetes,Auriculariales,Auriculariaceae,Auricularia
5594,Exidia glandulosa,Fungi,Fungi,Basidiomycota,Agaricomycetes,Auriculariales,Auriculariaceae,Exidia
5595,Exidia recisa,Fungi,Fungi,Basidiomycota,Agaricomycetes,Auriculariales,Auriculariaceae,Exidia
5596,Myxarium nucleatum,Fungi,Fungi,Basidiomycota,Agaricomycetes,Auriculariales,Hyaloriaceae,Myxarium
5597,Astraeus hygrometricus,Fungi,Fungi,Basidiomycota,Agaricomycetes,Boletales,Astraeaceae,Astraeus
5598,Boletus edulis,Fungi,Fungi,Basidiomycota,Agaricomycetes,Boletales,Boletaceae,Boletus
5599,Chalciporus piperatus,Fungi,Fungi,Basidiomycota,Agaricomycetes,Boletales,Boletaceae,Chalciporus
5600,Exsudoporus frostii,Fungi,Fungi,Basidiomycota,Agaricomycetes,Boletales,Boletaceae,Exsudoporus
5601,Imleria badia,Fungi,Fungi,Basidiomycota,Agaricomycetes,Boletales,Boletaceae,Imleria
5602,Leccinum aurantiacum,Fungi,Fungi,Basidiomycota,Agaricomycetes,Boletales,Boletaceae,Leccinum
5603,Leccinum scabrum,Fungi,Fungi,Basidiomycota,Agaricomycetes,Boletales,Boletaceae,Leccinum
5604,Retiboletus ornatipes,Fungi,Fungi,Basidiomycota,Agaricomycetes,Boletales,Boletaceae,Retiboletus
5605,Strobilomyces strobilaceus,Fungi,Fungi,Basidiomycota,Agaricomycetes,Boletales,Boletaceae,Strobilomyces
5606,Suillellus amygdalinus,Fungi,Fungi,Basidiomycota,Agaricomycetes,Boletales,Boletaceae,Suillellus
5607,Tylopilus felleus,Fungi,Fungi,Basidiomycota,Agaricomycetes,Boletales,Boletaceae,Tylopilus
5608,Xerocomus subtomentosus,Fungi,Fungi,Basidiomycota,Agaricomycetes,Boletales,Boletaceae,Xerocomus
5609,Boletinellus merulioides,Fungi,Fungi,Basidiomycota,Agaricomycetes,Boletales,Boletinellaceae,Boletinellus
5610,Hygrophoropsis aurantiaca,Fungi,Fungi,Basidiomycota,Agaricomycetes,Boletales,Hygrophoropsidaceae,Hygrophoropsis
5611,Paxillus involutus,Fungi,Fungi,Basidiomycota,Agaricomycetes,Boletales,Paxillaceae,Paxillus
5612,Pisolithus arhizus,Fungi,Fungi,Basidiomycota,Agaricomycetes,Boletales,Pisolithaceae,Pisolithus
5613,Scleroderma citrinum,Fungi,Fungi,Basidiomycota,Agaricomycetes,Boletales,Sclerodermataceae,Scleroderma
5614,Suillus americanus,Fungi,Fungi,Basidiomycota,Agaricomycetes,Boletales,Suillaceae,Suillus
5615,Suillus caerulescens,Fungi,Fungi,Basidiomycota,Agaricomycetes,Boletales,Suillaceae,Suillus
5616,Suillus granulatus,Fungi,Fungi,Basidiomycota,Agaricomycetes,Boletales,Suillaceae,Suillus
5617,Suillus luteus,Fungi,Fungi,Basidiomycota,Agaricomycetes,Boletales,Suillaceae,Suillus
5618,Suillus pungens,Fungi,Fungi,Basidiomycota,Agaricomycetes,Boletales,Suillaceae,Suillus
5619,Suillus spraguei,Fungi,Fungi,Basidiomycota,Agaricomycetes,Boletales,Suillaceae,Suillus
5620,Tapinella atrotomentosa,Fungi,Fungi,Basidiomycota,Agaricomycetes,Boletales,Tapinellaceae,Tapinella
5621,Cantharellus californicus,Fungi,Fungi,Basidiomycota,Agaricomycetes,Cantharellales,Cantharellaceae,Cantharellus
5622,Cantharellus cibarius,Fungi,Fungi,Basidiomycota,Agaricomycetes,Cantharellales,Cantharellaceae,Cantharellus
5623,Cantharellus cinnabarinus,Fungi,Fungi,Basidiomycota,Agaricomycetes,Cantharellales,Cantharellaceae,Cantharellus
5624,Cantharellus lateritius,Fungi,Fungi,Basidiomycota,Agaricomycetes,Cantharellales,Cantharellaceae,Cantharellus
5625,Craterellus fallax,Fungi,Fungi,Basidiomycota,Agaricomycetes,Cantharellales,Cantharellaceae,Craterellus
5626,Craterellus tubaeformis,Fungi,Fungi,Basidiomycota,Agaricomycetes,Cantharellales,Cantharellaceae,Craterellus
5627,Clavulina coralloides,Fungi,Fungi,Basidiomycota,Agaricomycetes,Cantharellales,Clavulinaceae,Clavulina
5628,Clavulina rugosa,Fungi,Fungi,Basidiomycota,Agaricomycetes,Cantharellales,Clavulinaceae,Clavulina
5629,Geastrum saccatum,Fungi,Fungi,Basidiomycota,Agaricomycetes,Geastrales,Geastraceae,Geastrum
5630,Geastrum triplex,Fungi,Fungi,Basidiomycota,Agaricomycetes,Geastrales,Geastraceae,Geastrum
5631,Gloeophyllum sepiarium,Fungi,Fungi,Basidiomycota,Agaricomycetes,Gloeophyllales,Gloeophyllaceae,Gloeophyllum
5632,Ramaria stricta,Fungi,Fungi,Basidiomycota,Agaricomycetes,Gomphales,Gomphaceae,Ramaria
5633,Turbinellus floccosus,Fungi,Fungi,Basidiomycota,Agaricomycetes,Gomphales,Gomphaceae,Turbinellus
5634,Fuscoporia gilva,Fungi,Fungi,Basidiomycota,Agaricomycetes,Hymenochaetales,Hymenochaetaceae,Fuscoporia
5635,Inonotus obliquus,Fungi,Fungi,Basidiomycota,Agaricomycetes,Hymenochaetales,Hymenochaetaceae,Inonotus
5636,Phellinus robiniae,Fungi,Fungi,Basidiomycota,Agaricomycetes,Hymenochaetales,Hymenochaetaceae,Phellinus
5637,Phellinus tremulae,Fungi,Fungi,Basidiomycota,Agaricomycetes,Hymenochaetales,Hymenochaetaceae,Phellinus
5638,Porodaedalea pini,Fungi,Fungi,Basidiomycota,Agaricomycetes,Hymenochaetales,Hymenochaetaceae,Porodaedalea
5639,Pseudoinonotus dryadeus,Fungi,Fungi,Basidiomycota,Agaricomycetes,Hymenochaetales,Hymenochaetaceae,Pseudoinonotus
5640,Rickenella fibula,Fungi,Fungi,Basidiomycota,Agaricomycetes,Hymenochaetales,Rickenellaceae,Rickenella
5641,Aseroe rubra,Fungi,Fungi,Basidiomycota,Agaricomycetes,Phallales,Phallaceae,Aseroe
5642,Clathrus archeri,Fungi,Fungi,Basidiomycota,Agaricomycetes,Phallales,Phallaceae,Clathrus
5643,Clathrus columnatus,Fungi,Fungi,Basidiomycota,Agaricomycetes,Phallales,Phallaceae,Clathrus
5644,Clathrus ruber,Fungi,Fungi,Basidiomycota,Agaricomycetes,Phallales,Phallaceae,Clathrus
5645,Ileodictyon cibarium,Fungi,Fungi,Basidiomycota,Agaricomycetes,Phallales,Phallaceae,Ileodictyon
5646,Lysurus mokusin,Fungi,Fungi,Basidiomycota,Agaricomycetes,Phallales,Phallaceae,Lysurus
5647,Mutinus elegans,Fungi,Fungi,Basidiomycota,Agaricomycetes,Phallales,Phallaceae,Mutinus
5648,Phallus impudicus,Fungi,Fungi,Basidiomycota,Agaricomycetes,Phallales,Phallaceae,Phallus
5649,Phallus indusiatus,Fungi,Fungi,Basidiomycota,Agaricomycetes,Phallales,Phallaceae,Phallus
5650,Phallus ravenelii,Fungi,Fungi,Basidiomycota,Agaricomycetes,Phallales,Phallaceae,Phallus
5651,Daedalea quercina,Fungi,Fungi,Basidiomycota,Agaricomycetes,Polyporales,Fomitopsidaceae,Daedalea
5652,Fomitopsis betulina,Fungi,Fungi,Basidiomycota,Agaricomycetes,Polyporales,Fomitopsidaceae,Fomitopsis
5653,Fomitopsis mounceae,Fungi,Fungi,Basidiomycota,Agaricomycetes,Polyporales,Fomitopsidaceae,Fomitopsis
5654,Fomitopsis pinicola,Fungi,Fungi,Basidiomycota,Agaricomycetes,Polyporales,Fomitopsidaceae,Fomitopsis
5655,Ischnoderma resinosum,Fungi,Fungi,Basidiomycota,Agaricomycetes,Polyporales,Fomitopsidaceae,Ischnoderma
5656,Niveoporofomes spraguei,Fungi,Fungi,Basidiomycota,Agaricomycetes,Polyporales,Fomitopsidaceae,Niveoporofomes
5657,Rhodofomes cajanderi,Fungi,Fungi,Basidiomycota,Agaricomycetes,Polyporales,Fomitopsidaceae,Rhodofomes
5658,Irpex lacteus,Fungi,Fungi,Basidiomycota,Agaricomycetes,Polyporales,Irpicaceae,Irpex
5659,Laetiporus cincinnatus,Fungi,Fungi,Basidiomycota,Agaricomycetes,Polyporales,Laetiporaceae,Laetiporus
5660,Laetiporus conifericola,Fungi,Fungi,Basidiomycota,Agaricomycetes,Polyporales,Laetiporaceae,Laetiporus
5661,Laetiporus gilbertsonii,Fungi,Fungi,Basidiomycota,Agaricomycetes,Polyporales,Laetiporaceae,Laetiporus
5662,Laetiporus sulphureus,Fungi,Fungi,Basidiomycota,Agaricomycetes,Polyporales,Laetiporaceae,Laetiporus
5663,Phaeolus schweinitzii,Fungi,Fungi,Basidiomycota,Agaricomycetes,Polyporales,Laetiporaceae,Phaeolus
5664,Grifola frondosa,Fungi,Fungi,Basidiomycota,Agaricomycetes,Polyporales,Meripilaceae,Grifola
5665,Meripilus giganteus,Fungi,Fungi,Basidiomycota,Agaricomycetes,Polyporales,Meripilaceae,Meripilus
5666,Meripilus sumstinei,Fungi,Fungi,Basidiomycota,Agaricomycetes,Polyporales,Meripilaceae,Meripilus
5667,Abortiporus biennis,Fungi,Fungi,Basidiomycota,Agaricomycetes,Polyporales,Meruliaceae,Abortiporus
5668,Bjerkandera adusta,Fungi,Fungi,Basidiomycota,Agaricomycetes,Polyporales,Meruliaceae,Bjerkandera
5669,Merulius tremellosus,Fungi,Fungi,Basidiomycota,Agaricomycetes,Polyporales,Meruliaceae,Merulius
5670,Phlebia incarnata,Fungi,Fungi,Basidiomycota,Agaricomycetes,Polyporales,Meruliaceae,Phlebia
5671,Phlebia radiata,Fungi,Fungi,Basidiomycota,Agaricomycetes,Polyporales,Meruliaceae,Phlebia
5672,Climacodon septentrionalis,Fungi,Fungi,Basidiomycota,Agaricomycetes,Polyporales,Phanerochaetaceae,Climacodon
5673,Cerioporus squamosus,Fungi,Fungi,Basidiomycota,Agaricomycetes,Polyporales,Polyporaceae,Cerioporus
5674,Cryptoporus volvatus,Fungi,Fungi,Basidiomycota,Agaricomycetes,Polyporales,Polyporaceae,Cryptoporus
5675,Daedaleopsis confragosa,Fungi,Fungi,Basidiomycota,Agaricomycetes,Polyporales,Polyporaceae,Daedaleopsis
5676,Fomes fomentarius,Fungi,Fungi,Basidiomycota,Agaricomycetes,Polyporales,Polyporaceae,Fomes
5677,Ganoderma applanatum,Fungi,Fungi,Basidiomycota,Agaricomycetes,Polyporales,Polyporaceae,Ganoderma
5678,Ganoderma brownii,Fungi,Fungi,Basidiomycota,Agaricomycetes,Polyporales,Polyporaceae,Ganoderma
5679,Ganoderma curtisii,Fungi,Fungi,Basidiomycota,Agaricomycetes,Polyporales,Polyporaceae,Ganoderma
5680,Ganoderma oregonense,Fungi,Fungi,Basidiomycota,Agaricomycetes,Polyporales,Polyporaceae,Ganoderma
5681,Ganoderma sessile,Fungi,Fungi,Basidiomycota,Agaricomycetes,Polyporales,Polyporaceae,Ganoderma
5682,Ganoderma tsugae,Fungi,Fungi,Basidiomycota,Agaricomycetes,Polyporales,Polyporaceae,Ganoderma
5683,Hexagonia hydnoides,Fungi,Fungi,Basidiomycota,Agaricomycetes,Polyporales,Polyporaceae,Hexagonia
5684,Lentinus arcularius,Fungi,Fungi,Basidiomycota,Agaricomycetes,Polyporales,Polyporaceae,Lentinus
5685,Microporus xanthopus,Fungi,Fungi,Basidiomycota,Agaricomycetes,Polyporales,Polyporaceae,Microporus
5686,Neofavolus alveolaris,Fungi,Fungi,Basidiomycota,Agaricomycetes,Polyporales,Polyporaceae,Neofavolus
5687,Picipes badius,Fungi,Fungi,Basidiomycota,Agaricomycetes,Polyporales,Polyporaceae,Picipes
5688,Trametes betulina,Fungi,Fungi,Basidiomycota,Agaricomycetes,Polyporales,Polyporaceae,Trametes
5689,Trametes cinnabarina,Fungi,Fungi,Basidiomycota,Agaricomycetes,Polyporales,Polyporaceae,Trametes
5690,Trametes coccinea,Fungi,Fungi,Basidiomycota,Agaricomycetes,Polyporales,Polyporaceae,Trametes
5691,Trametes conchifer,Fungi,Fungi,Basidiomycota,Agaricomycetes,Polyporales,Polyporaceae,Trametes
5692,Trametes gibbosa,Fungi,Fungi,Basidiomycota,Agaricomycetes,Polyporales,Polyporaceae,Trametes
5693,Trametes hirsuta,Fungi,Fungi,Basidiomycota,Agaricomycetes,Polyporales,Polyporaceae,Trametes
5694,Trametes sanguinea,Fungi,Fungi,Basidiomycota,Agaricomycetes,Polyporales,Polyporaceae,Trametes
5695,Trametes versicolor,Fungi,Fungi,Basidiomycota,Agaricomycetes,Polyporales,Polyporaceae,Trametes
5696,Sparassis spathulata,Fungi,Fungi,Basidiomycota,Agaricomycetes,Polyporales,Sparassidaceae,Sparassis
5697,Artomyces pyxidatus,Fungi,Fungi,Basidiomycota,Agaricomycetes,Russulales,Auriscalpiaceae,Artomyces
5698,Auriscalpium vulgare,Fungi,Fungi,Basidiomycota,Agaricomycetes,Russulales,Auriscalpiaceae,Auriscalpium
5699,Bondarzewia berkeleyi,Fungi,Fungi,Basidiomycota,Agaricomycetes,Russulales,Bondarzewiaceae,Bondarzewia
5700,Hericium americanum,Fungi,Fungi,Basidiomycota,Agaricomycetes,Russulales,Hericiaceae,Hericium
5701,Hericium coralloides,Fungi,Fungi,Basidiomycota,Agaricomycetes,Russulales,Hericiaceae,Hericium
5702,Hericium erinaceus,Fungi,Fungi,Basidiomycota,Agaricomycetes,Russulales,Hericiaceae,Hericium
5703,Lactarius alnicola,Fungi,Fungi,Basidiomycota,Agaricomycetes,Russulales,Russulaceae,Lactarius
5704,Lactarius deliciosus,Fungi,Fungi,Basidiomycota,Agaricomycetes,Russulales,Russulaceae,Lactarius
5705,Lactarius indigo,Fungi,Fungi,Basidiomycota,Agaricomycetes,Russulales,Russulaceae,Lactarius
5706,Lactarius rubidus,Fungi,Fungi,Basidiomycota,Agaricomycetes,Russulales,Russulaceae,Lactarius
5707,Lactarius xanthogalactus,Fungi,Fungi,Basidiomycota,Agaricomycetes,Russulales,Russulaceae,Lactarius
5708,Lactifluus volemus,Fungi,Fungi,Basidiomycota,Agaricomycetes,Russulales,Russulaceae,Lactifluus
5709,Russula brevipes,Fungi,Fungi,Basidiomycota,Agaricomycetes,Russulales,Russulaceae,Russula
5710,Stereum complicatum,Fungi,Fungi,Basidiomycota,Agaricomycetes,Russulales,Stereaceae,Stereum
5711,Stereum hirsutum,Fungi,Fungi,Basidiomycota,Agaricomycetes,Russulales,Stereaceae,Stereum
5712,Stereum ostrea,Fungi,Fungi,Basidiomycota,Agaricomycetes,Russulales,Stereaceae,Stereum
5713,Stereum versicolor,Fungi,Fungi,Basidiomycota,Agaricomycetes,Russulales,Stereaceae,Stereum
5714,Xylobolus frustulatus,Fungi,Fungi,Basidiomycota,Agaricomycetes,Russulales,Stereaceae,Xylobolus
5715,Sebacina schweinitzii,Fungi,Fungi,Basidiomycota,Agaricomycetes,Sebacinales,Sebacinaceae,Sebacina
5716,Hydnellum peckii,Fungi,Fungi,Basidiomycota,Agaricomycetes,Thelephorales,Bankeraceae,Hydnellum
5717,Calocera cornea,Fungi,Fungi,Basidiomycota,Dacrymycetes,Dacrymycetales,Dacrymycetaceae,Calocera
5718,Calocera viscosa,Fungi,Fungi,Basidiomycota,Dacrymycetes,Dacrymycetales,Dacrymycetaceae,Calocera
5719,Dacrymyces chrysospermus,Fungi,Fungi,Basidiomycota,Dacrymycetes,Dacrymycetales,Dacrymycetaceae,Dacrymyces
5720,Dacryopinax spathularia,Fungi,Fungi,Basidiomycota,Dacrymycetes,Dacrymycetales,Dacrymycetaceae,Dacryopinax
5721,Guepiniopsis alpina,Fungi,Fungi,Basidiomycota,Dacrymycetes,Dacrymycetales,Dacrymycetaceae,Guepiniopsis
5722,Allodus podophylli,Fungi,Fungi,Basidiomycota,Pucciniomycetes,Pucciniales,Pucciniaceae,Allodus
5723,Gymnosporangium juniperi-virginianae,Fungi,Fungi,Basidiomycota,Pucciniomycetes,Pucciniales,Pucciniaceae,Gymnosporangium
5724,Puccinia malvacearum,Fungi,Fungi,Basidiomycota,Pucciniomycetes,Pucciniales,Pucciniaceae,Puccinia
5725,Naematelia aurantia,Fungi,Fungi,Basidiomycota,Tremellomycetes,Tremellales,Naemateliaceae,Naematelia
5726,Phaeotremella foliacea,Fungi,Fungi,Basidiomycota,Tremellomycetes,Tremellales,Phaeotremellaceae,Phaeotremella
5727,Tremella fuciformis,Fungi,Fungi,Basidiomycota,Tremellomycetes,Tremellales,Tremellaceae,Tremella
5728,Tremella mesenterica,Fungi,Fungi,Basidiomycota,Tremellomycetes,Tremellales,Tremellaceae,Tremella
5729,Bryum argenteum,Plants,Plantae,Bryophyta,Bryopsida,Bryales,Bryaceae,Bryum
5730,Rhodobryum ontariense,Plants,Plantae,Bryophyta,Bryopsida,Bryales,Bryaceae,Rhodobryum
5731,Leucolepis acanthoneura,Plants,Plantae,Bryophyta,Bryopsida,Bryales,Mniaceae,Leucolepis
5732,Plagiomnium cuspidatum,Plants,Plantae,Bryophyta,Bryopsida,Bryales,Mniaceae,Plagiomnium
5733,Plagiomnium insigne,Plants,Plantae,Bryophyta,Bryopsida,Bryales,Mniaceae,Plagiomnium
5734,Rhizomnium glabrescens,Plants,Plantae,Bryophyta,Bryopsida,Bryales,Mniaceae,Rhizomnium
5735,Dicranum scoparium,Plants,Plantae,Bryophyta,Bryopsida,Dicranales,Dicranaceae,Dicranum
5736,Ceratodon purpureus,Plants,Plantae,Bryophyta,Bryopsida,Dicranales,Ditrichaceae,Ceratodon
5737,Leucobryum glaucum,Plants,Plantae,Bryophyta,Bryopsida,Dicranales,Leucobryaceae,Leucobryum
5738,Funaria hygrometrica,Plants,Plantae,Bryophyta,Bryopsida,Funariales,Funariaceae,Funaria
5739,Physcomitrium pyriforme,Plants,Plantae,Bryophyta,Bryopsida,Funariales,Funariaceae,Physcomitrium
5740,Grimmia pulvinata,Plants,Plantae,Bryophyta,Bryopsida,Grimmiales,Grimmiaceae,Grimmia
5741,Racomitrium lanuginosum,Plants,Plantae,Bryophyta,Bryopsida,Grimmiales,Grimmiaceae,Racomitrium
5742,Hedwigia ciliata,Plants,Plantae,Bryophyta,Bryopsida,Hedwigiales,Hedwigiaceae,Hedwigia
5743,Anomodon attenuatus,Plants,Plantae,Bryophyta,Bryopsida,Hypnales,Anomodontaceae,Anomodon
5744,Kindbergia oregana,Plants,Plantae,Bryophyta,Bryopsida,Hypnales,Brachytheciaceae,Kindbergia
5745,Hylocomium splendens,Plants,Plantae,Bryophyta,Bryopsida,Hypnales,Hylocomiaceae,Hylocomium
5746,Pleurozium schreberi,Plants,Plantae,Bryophyta,Bryopsida,Hypnales,Hylocomiaceae,Pleurozium
5747,Rhytidiadelphus loreus,Plants,Plantae,Bryophyta,Bryopsida,Hypnales,Hylocomiaceae,Rhytidiadelphus
5748,Rhytidiadelphus squarrosus,Plants,Plantae,Bryophyta,Bryopsida,Hypnales,Hylocomiaceae,Rhytidiadelphus
5749,Rhytidiadelphus triquetrus,Plants,Plantae,Bryophyta,Bryopsida,Hypnales,Hylocomiaceae,Rhytidiadelphus
5750,Hypnum cupressiforme,Plants,Plantae,Bryophyta,Bryopsida,Hypnales,Hypnaceae,Hypnum
5751,Isothecium stoloniferum,Plants,Plantae,Bryophyta,Bryopsida,Hypnales,Lembophyllaceae,Isothecium
5752,Dendroalsia abietina,Plants,Plantae,Bryophyta,Bryopsida,Hypnales,Leucodontaceae,Dendroalsia
5753,Neckera pennata,Plants,Plantae,Bryophyta,Bryopsida,Hypnales,Neckeraceae,Neckera
5754,Plagiothecium undulatum,Plants,Plantae,Bryophyta,Bryopsida,Hypnales,Plagiotheciaceae,Plagiothecium
5755,Ptilium crista-castrensis,Plants,Plantae,Bryophyta,Bryopsida,Hypnales,Pylaisiaceae,Ptilium
5756,Thuidium delicatulum,Plants,Plantae,Bryophyta,Bryopsida,Hypnales,Thuidiaceae,Thuidium
5757,Syntrichia ruralis,Plants,Plantae,Bryophyta,Bryopsida,Pottiales,Pottiaceae,Syntrichia
5758,Tortula muralis,Plants,Plantae,Bryophyta,Bryopsida,Pottiales,Pottiaceae,Tortula
5759,Dawsonia superba,Plants,Plantae,Bryophyta,Polytrichopsida,Polytrichales,Polytrichaceae,Dawsonia
5760,Polytrichum commune,Plants,Plantae,Bryophyta,Polytrichopsida,Polytrichales,Polytrichaceae,Polytrichum
5761,Polytrichum juniperinum,Plants,Plantae,Bryophyta,Polytrichopsida,Polytrichales,Polytrichaceae,Polytrichum
5762,Polytrichum piliferum,Plants,Plantae,Bryophyta,Polytrichopsida,Polytrichales,Polytrichaceae,Polytrichum
5763,Sphagnum squarrosum,Plants,Plantae,Bryophyta,Sphagnopsida,Sphagnales,Sphagnaceae,Sphagnum
5764,Codium fragile,Plants,Plantae,Chlorophyta,Ulvophyceae,Bryopsidales,Codiaceae,Codium
5765,Cladophora columbiana,Plants,Plantae,Chlorophyta,Ulvophyceae,Cladophorales,Cladophoraceae,Cladophora
5766,Ulva intestinalis,Plants,Plantae,Chlorophyta,Ulvophyceae,Ulvales,Ulvaceae,Ulva
5767,Ulva lactuca,Plants,Plantae,Chlorophyta,Ulvophyceae,Ulvales,Ulvaceae,Ulva
5768,Bazzania trilobata,Plants,Plantae,Marchantiophyta,Jungermanniopsida,Jungermanniales,Lepidoziaceae,Bazzania
5769,Radula complanata,Plants,Plantae,Marchantiophyta,Jungermanniopsida,Porellales,Radulaceae,Radula
5770,Lunularia cruciata,Plants,Plantae,Marchantiophyta,Marchantiopsida,Lunulariales,Lunulariaceae,Lunularia
5771,Conocephalum conicum,Plants,Plantae,Marchantiophyta,Marchantiopsida,Marchantiales,Conocephalaceae,Conocephalum
5772,Conocephalum salebrosum,Plants,Plantae,Marchantiophyta,Marchantiopsida,Marchantiales,Conocephalaceae,Conocephalum
5773,Marchantia polymorpha,Plants,Plantae,Marchantiophyta,Marchantiopsida,Marchantiales,Marchantiaceae,Marchantia
5774,Asterella californica,Plants,Plantae,Marchantiophyta,Marchantiopsida,Marchantiales,Rebouliaceae,Asterella
5775,Neorhodomela larix,Plants,Plantae,Rhodophyta,Florideophyceae,Ceramiales,Rhodomelaceae,Neorhodomela
5776,Corallina officinalis,Plants,Plantae,Rhodophyta,Florideophyceae,Corallinales,Corallinaceae,Corallina
5777,Endocladia muricata,Plants,Plantae,Rhodophyta,Florideophyceae,Gigartinales,Endocladiaceae,Endocladia
5778,Chondracanthus exasperatus,Plants,Plantae,Rhodophyta,Florideophyceae,Gigartinales,Gigartinaceae,Chondracanthus
5779,Chondrus crispus,Plants,Plantae,Rhodophyta,Florideophyceae,Gigartinales,Gigartinaceae,Chondrus
5780,Mastocarpus papillatus,Plants,Plantae,Rhodophyta,Florideophyceae,Gigartinales,Phyllophoraceae,Mastocarpus
5781,Halosaccion glandiforme,Plants,Plantae,Rhodophyta,Florideophyceae,Palmariales,Palmariaceae,Halosaccion
5782,Zamia integrifolia,Plants,Plantae,Tracheophyta,Cycadopsida,Cycadales,Zamiaceae,Zamia
5783,Ephedra trifurca,Plants,Plantae,Tracheophyta,Gnetopsida,Ephedrales,Ephedraceae,Ephedra
5784,Ephedra viridis,Plants,Plantae,Tracheophyta,Gnetopsida,Ephedrales,Ephedraceae,Ephedra
5785,Acorus calamus,Plants,Plantae,Tracheophyta,Liliopsida,Acorales,Acoraceae,Acorus
5786,Alisma plantago-aquatica,Plants,Plantae,Tracheophyta,Liliopsida,Alismatales,Alismataceae,Alisma
5787,Alisma triviale,Plants,Plantae,Tracheophyta,Liliopsida,Alismatales,Alismataceae,Alisma
5788,Sagittaria lancifolia,Plants,Plantae,Tracheophyta,Liliopsida,Alismatales,Alismataceae,Sagittaria
5789,Sagittaria latifolia,Plants,Plantae,Tracheophyta,Liliopsida,Alismatales,Alismataceae,Sagittaria
5790,Sagittaria sagittifolia,Plants,Plantae,Tracheophyta,Liliopsida,Alismatales,Alismataceae,Sagittaria
5791,Alocasia odora,Plants,Plantae,Tracheophyta,Liliopsida,Alismatales,Araceae,Alocasia
5792,Arisaema dracontium,Plants,Plantae,Tracheophyta,Liliopsida,Alismatales,Araceae,Arisaema
5793,Arisaema triphyllum,Plants,Plantae,Tracheophyta,Liliopsida,Alismatales,Araceae,Arisaema
5794,Arum italicum,Plants,Plantae,Tracheophyta,Liliopsida,Alismatales,Araceae,Arum
5795,Arum maculatum,Plants,Plantae,Tracheophyta,Liliopsida,Alismatales,Araceae,Arum
5796,Calla palustris,Plants,Plantae,Tracheophyta,Liliopsida,Alismatales,Araceae,Calla
5797,Colocasia esculenta,Plants,Plantae,Tracheophyta,Liliopsida,Alismatales,Araceae,Colocasia
5798,Epipremnum aureum,Plants,Plantae,Tracheophyta,Liliopsida,Alismatales,Araceae,Epipremnum
5799,Lemna minor,Plants,Plantae,Tracheophyta,Liliopsida,Alismatales,Araceae,Lemna
5800,Lemna trisulca,Plants,Plantae,Tracheophyta,Liliopsida,Alismatales,Araceae,Lemna
5801,Lysichiton americanus,Plants,Plantae,Tracheophyta,Liliopsida,Alismatales,Araceae,Lysichiton
5802,Monstera deliciosa,Plants,Plantae,Tracheophyta,Liliopsida,Alismatales,Araceae,Monstera
5803,Orontium aquaticum,Plants,Plantae,Tracheophyta,Liliopsida,Alismatales,Araceae,Orontium
5804,Peltandra virginica,Plants,Plantae,Tracheophyta,Liliopsida,Alismatales,Araceae,Peltandra
5805,Pistia stratiotes,Plants,Plantae,Tracheophyta,Liliopsida,Alismatales,Araceae,Pistia
5806,Spirodela polyrhiza,Plants,Plantae,Tracheophyta,Liliopsida,Alismatales,Araceae,Spirodela
5807,Symplocarpus foetidus,Plants,Plantae,Tracheophyta,Liliopsida,Alismatales,Araceae,Symplocarpus
5808,Syngonium podophyllum,Plants,Plantae,Tracheophyta,Liliopsida,Alismatales,Araceae,Syngonium
5809,Zantedeschia aethiopica,Plants,Plantae,Tracheophyta,Liliopsida,Alismatales,Araceae,Zantedeschia
5810,Butomus umbellatus,Plants,Plantae,Tracheophyta,Liliopsida,Alismatales,Butomaceae,Butomus
5811,Elodea canadensis,Plants,Plantae,Tracheophyta,Liliopsida,Alismatales,Hydrocharitaceae,Elodea
5812,Hydrocharis morsus-ranae,Plants,Plantae,Tracheophyta,Liliopsida,Alismatales,Hydrocharitaceae,Hydrocharis
5813,Stratiotes aloides,Plants,Plantae,Tracheophyta,Liliopsida,Alismatales,Hydrocharitaceae,Stratiotes
5814,Triglochin maritima,Plants,Plantae,Tracheophyta,Liliopsida,Alismatales,Juncaginaceae,Triglochin
5815,Potamogeton crispus,Plants,Plantae,Tracheophyta,Liliopsida,Alismatales,Potamogetonaceae,Potamogeton
5816,Potamogeton natans,Plants,Plantae,Tracheophyta,Liliopsida,Alismatales,Potamogetonaceae,Potamogeton
5817,Potamogeton nodosus,Plants,Plantae,Tracheophyta,Liliopsida,Alismatales,Potamogetonaceae,Potamogeton
5818,Potamogeton perfoliatus,Plants,Plantae,Tracheophyta,Liliopsida,Alismatales,Potamogetonaceae,Potamogeton
5819,Scheuchzeria palustris,Plants,Plantae,Tracheophyta,Liliopsida,Alismatales,Scheuchzeriaceae,Scheuchzeria
5820,Triantha glutinosa,Plants,Plantae,Tracheophyta,Liliopsida,Alismatales,Tofieldiaceae,Triantha
5821,Phyllospadix torreyi,Plants,Plantae,Tracheophyta,Liliopsida,Alismatales,Zosteraceae,Phyllospadix
5822,Zostera marina,Plants,Plantae,Tracheophyta,Liliopsida,Alismatales,Zosteraceae,Zostera
5823,Chamaerops humilis,Plants,Plantae,Tracheophyta,Liliopsida,Arecales,Arecaceae,Chamaerops
5824,Cocos nucifera,Plants,Plantae,Tracheophyta,Liliopsida,Arecales,Arecaceae,Cocos
5825,Phoenix canariensis,Plants,Plantae,Tracheophyta,Liliopsida,Arecales,Arecaceae,Phoenix
5826,Phoenix dactylifera,Plants,Plantae,Tracheophyta,Liliopsida,Arecales,Arecaceae,Phoenix
5827,Phoenix reclinata,Plants,Plantae,Tracheophyta,Liliopsida,Arecales,Arecaceae,Phoenix
5828,Rhopalostylis sapida,Plants,Plantae,Tracheophyta,Liliopsida,Arecales,Arecaceae,Rhopalostylis
5829,Sabal minor,Plants,Plantae,Tracheophyta,Liliopsida,Arecales,Arecaceae,Sabal
5830,Sabal palmetto,Plants,Plantae,Tracheophyta,Liliopsida,Arecales,Arecaceae,Sabal
5831,Serenoa repens,Plants,Plantae,Tracheophyta,Liliopsida,Arecales,Arecaceae,Serenoa
5832,Washingtonia filifera,Plants,Plantae,Tracheophyta,Liliopsida,Arecales,Arecaceae,Washingtonia
5833,Washingtonia robusta,Plants,Plantae,Tracheophyta,Liliopsida,Arecales,Arecaceae,Washingtonia
5834,Agapanthus praecox,Plants,Plantae,Tracheophyta,Liliopsida,Asparagales,Amaryllidaceae,Agapanthus
5835,Allium acuminatum,Plants,Plantae,Tracheophyta,Liliopsida,Asparagales,Amaryllidaceae,Allium
5836,Allium canadense,Plants,Plantae,Tracheophyta,Liliopsida,Asparagales,Amaryllidaceae,Allium
5837,Allium cernuum,Plants,Plantae,Tracheophyta,Liliopsida,Asparagales,Amaryllidaceae,Allium
5838,Allium drummondii,Plants,Plantae,Tracheophyta,Liliopsida,Asparagales,Amaryllidaceae,Allium
5839,Allium neapolitanum,Plants,Plantae,Tracheophyta,Liliopsida,Asparagales,Amaryllidaceae,Allium
5840,Allium oleraceum,Plants,Plantae,Tracheophyta,Liliopsida,Asparagales,Amaryllidaceae,Allium
5841,Allium schoenoprasum,Plants,Plantae,Tracheophyta,Liliopsida,Asparagales,Amaryllidaceae,Allium
5842,Allium stellatum,Plants,Plantae,Tracheophyta,Liliopsida,Asparagales,Amaryllidaceae,Allium
5843,Allium tricoccum,Plants,Plantae,Tracheophyta,Liliopsida,Asparagales,Amaryllidaceae,Allium
5844,Allium triquetrum,Plants,Plantae,Tracheophyta,Liliopsida,Asparagales,Amaryllidaceae,Allium
5845,Allium ursinum,Plants,Plantae,Tracheophyta,Liliopsida,Asparagales,Amaryllidaceae,Allium
5846,Allium vineale,Plants,Plantae,Tracheophyta,Liliopsida,Asparagales,Amaryllidaceae,Allium
5847,Amaryllis belladonna,Plants,Plantae,Tracheophyta,Liliopsida,Asparagales,Amaryllidaceae,Amaryllis
5848,Boophone disticha,Plants,Plantae,Tracheophyta,Liliopsida,Asparagales,Amaryllidaceae,Boophone
5849,Brunsvigia orientalis,Plants,Plantae,Tracheophyta,Liliopsida,Asparagales,Amaryllidaceae,Brunsvigia
5850,Crinum americanum,Plants,Plantae,Tracheophyta,Liliopsida,Asparagales,Amaryllidaceae,Crinum
5851,Crinum asiaticum,Plants,Plantae,Tracheophyta,Liliopsida,Asparagales,Amaryllidaceae,Crinum
5852,Galanthus nivalis,Plants,Plantae,Tracheophyta,Liliopsida,Asparagales,Amaryllidaceae,Galanthus
5853,Habranthus tubispathus,Plants,Plantae,Tracheophyta,Liliopsida,Asparagales,Amaryllidaceae,Habranthus
5854,Haemanthus coccineus,Plants,Plantae,Tracheophyta,Liliopsida,Asparagales,Amaryllidaceae,Haemanthus
5855,Haemanthus sanguineus,Plants,Plantae,Tracheophyta,Liliopsida,Asparagales,Amaryllidaceae,Haemanthus
5856,Hymenocallis liriosme,Plants,Plantae,Tracheophyta,Liliopsida,Asparagales,Amaryllidaceae,Hymenocallis
5857,Hymenocallis littoralis,Plants,Plantae,Tracheophyta,Liliopsida,Asparagales,Amaryllidaceae,Hymenocallis
5858,Ipheion uniflorum,Plants,Plantae,Tracheophyta,Liliopsida,Asparagales,Amaryllidaceae,Ipheion
5859,Leucojum aestivum,Plants,Plantae,Tracheophyta,Liliopsida,Asparagales,Amaryllidaceae,Leucojum
5860,Leucojum vernum,Plants,Plantae,Tracheophyta,Liliopsida,Asparagales,Amaryllidaceae,Leucojum
5861,Lycoris radiata,Plants,Plantae,Tracheophyta,Liliopsida,Asparagales,Amaryllidaceae,Lycoris
5862,Narcissus poeticus,Plants,Plantae,Tracheophyta,Liliopsida,Asparagales,Amaryllidaceae,Narcissus
5863,Narcissus pseudonarcissus,Plants,Plantae,Tracheophyta,Liliopsida,Asparagales,Amaryllidaceae,Narcissus
5864,Narcissus tazetta,Plants,Plantae,Tracheophyta,Liliopsida,Asparagales,Amaryllidaceae,Narcissus
5865,Nothoscordum bivalve,Plants,Plantae,Tracheophyta,Liliopsida,Asparagales,Amaryllidaceae,Nothoscordum
5866,Pancratium maritimum,Plants,Plantae,Tracheophyta,Liliopsida,Asparagales,Amaryllidaceae,Pancratium
5867,Scadoxus puniceus,Plants,Plantae,Tracheophyta,Liliopsida,Asparagales,Amaryllidaceae,Scadoxus
5868,Zephyranthes atamasco,Plants,Plantae,Tracheophyta,Liliopsida,Asparagales,Amaryllidaceae,Zephyranthes
5869,Zephyranthes chlorosolen,Plants,Plantae,Tracheophyta,Liliopsida,Asparagales,Amaryllidaceae,Zephyranthes
5870,Zephyranthes drummondii,Plants,Plantae,Tracheophyta,Liliopsida,Asparagales,Amaryllidaceae,Zephyranthes
5871,Agave americana,Plants,Plantae,Tracheophyta,Liliopsida,Asparagales,Asparagaceae,Agave
5872,Agave deserti,Plants,Plantae,Tracheophyta,Liliopsida,Asparagales,Asparagaceae,Agave
5873,Agave lechuguilla,Plants,Plantae,Tracheophyta,Liliopsida,Asparagales,Asparagaceae,Agave
5874,Agave parryi,Plants,Plantae,Tracheophyta,Liliopsida,Asparagales,Asparagaceae,Agave
5875,Agave salmiana,Plants,Plantae,Tracheophyta,Liliopsida,Asparagales,Asparagaceae,Agave
5876,Agave shawii,Plants,Plantae,Tracheophyta,Liliopsida,Asparagales,Asparagaceae,Agave
5877,Agave utahensis,Plants,Plantae,Tracheophyta,Liliopsida,Asparagales,Asparagaceae,Agave
5878,Asparagus acutifolius,Plants,Plantae,Tracheophyta,Liliopsida,Asparagales,Asparagaceae,Asparagus
5879,Asparagus aethiopicus,Plants,Plantae,Tracheophyta,Liliopsida,Asparagales,Asparagaceae,Asparagus
5880,Asparagus asparagoides,Plants,Plantae,Tracheophyta,Liliopsida,Asparagales,Asparagaceae,Asparagus
5881,Asparagus officinalis,Plants,Plantae,Tracheophyta,Liliopsida,Asparagales,Asparagaceae,Asparagus
5882,Asparagus scandens,Plants,Plantae,Tracheophyta,Liliopsida,Asparagales,Asparagaceae,Asparagus
5883,Bloomeria crocea,Plants,Plantae,Tracheophyta,Liliopsida,Asparagales,Asparagaceae,Bloomeria
5884,Brodiaea elegans,Plants,Plantae,Tracheophyta,Liliopsida,Asparagales,Asparagaceae,Brodiaea
5885,Brodiaea terrestris,Plants,Plantae,Tracheophyta,Liliopsida,Asparagales,Asparagaceae,Brodiaea
5886,Camassia leichtlinii,Plants,Plantae,Tracheophyta,Liliopsida,Asparagales,Asparagaceae,Camassia
5887,Camassia quamash,Plants,Plantae,Tracheophyta,Liliopsida,Asparagales,Asparagaceae,Camassia
5888,Camassia scilloides,Plants,Plantae,Tracheophyta,Liliopsida,Asparagales,Asparagaceae,Camassia
5889,Chlorogalum pomeridianum,Plants,Plantae,Tracheophyta,Liliopsida,Asparagales,Asparagaceae,Chlorogalum
5890,Convallaria majalis,Plants,Plantae,Tracheophyta,Liliopsida,Asparagales,Asparagaceae,Convallaria
5891,Cordyline australis,Plants,Plantae,Tracheophyta,Liliopsida,Asparagales,Asparagaceae,Cordyline
5892,Cordyline fruticosa,Plants,Plantae,Tracheophyta,Liliopsida,Asparagales,Asparagaceae,Cordyline
5893,Dasylirion texanum,Plants,Plantae,Tracheophyta,Liliopsida,Asparagales,Asparagaceae,Dasylirion
5894,Dasylirion wheeleri,Plants,Plantae,Tracheophyta,Liliopsida,Asparagales,Asparagaceae,Dasylirion
5895,Dichelostemma capitatum,Plants,Plantae,Tracheophyta,Liliopsida,Asparagales,Asparagaceae,Dichelostemma
5896,Dichelostemma congestum,Plants,Plantae,Tracheophyta,Liliopsida,Asparagales,Asparagaceae,Dichelostemma
5897,Dichelostemma volubile,Plants,Plantae,Tracheophyta,Liliopsida,Asparagales,Asparagaceae,Dichelostemma
5898,Hesperocallis undulata,Plants,Plantae,Tracheophyta,Liliopsida,Asparagales,Asparagaceae,Hesperocallis
5899,Hesperoyucca whipplei,Plants,Plantae,Tracheophyta,Liliopsida,Asparagales,Asparagaceae,Hesperoyucca
5900,Hyacinthoides hispanica,Plants,Plantae,Tracheophyta,Liliopsida,Asparagales,Asparagaceae,Hyacinthoides
5901,Hyacinthoides non-scripta,Plants,Plantae,Tracheophyta,Liliopsida,Asparagales,Asparagaceae,Hyacinthoides
5902,Leopoldia comosa,Plants,Plantae,Tracheophyta,Liliopsida,Asparagales,Asparagaceae,Leopoldia
5903,Leucocrinum montanum,Plants,Plantae,Tracheophyta,Liliopsida,Asparagales,Asparagaceae,Leucocrinum
5904,Liriope muscari,Plants,Plantae,Tracheophyta,Liliopsida,Asparagales,Asparagaceae,Liriope
5905,Maianthemum bifolium,Plants,Plantae,Tracheophyta,Liliopsida,Asparagales,Asparagaceae,Maianthemum
5906,Maianthemum canadense,Plants,Plantae,Tracheophyta,Liliopsida,Asparagales,Asparagaceae,Maianthemum
5907,Maianthemum dilatatum,Plants,Plantae,Tracheophyta,Liliopsida,Asparagales,Asparagaceae,Maianthemum
5908,Maianthemum racemosum,Plants,Plantae,Tracheophyta,Liliopsida,Asparagales,Asparagaceae,Maianthemum
5909,Maianthemum stellatum,Plants,Plantae,Tracheophyta,Liliopsida,Asparagales,Asparagaceae,Maianthemum
5910,Maianthemum trifolium,Plants,Plantae,Tracheophyta,Liliopsida,Asparagales,Asparagaceae,Maianthemum
5911,Manfreda virginica,Plants,Plantae,Tracheophyta,Liliopsida,Asparagales,Asparagaceae,Manfreda
5912,Milla biflora,Plants,Plantae,Tracheophyta,Liliopsida,Asparagales,Asparagaceae,Milla
5913,Muilla maritima,Plants,Plantae,Tracheophyta,Liliopsida,Asparagales,Asparagaceae,Muilla
5914,Muscari armeniacum,Plants,Plantae,Tracheophyta,Liliopsida,Asparagales,Asparagaceae,Muscari
5915,Muscari botryoides,Plants,Plantae,Tracheophyta,Liliopsida,Asparagales,Asparagaceae,Muscari
5916,Muscari neglectum,Plants,Plantae,Tracheophyta,Liliopsida,Asparagales,Asparagaceae,Muscari
5917,Nolina parryi,Plants,Plantae,Tracheophyta,Liliopsida,Asparagales,Asparagaceae,Nolina
5918,Nolina texana,Plants,Plantae,Tracheophyta,Liliopsida,Asparagales,Asparagaceae,Nolina
5919,Ornithogalum umbellatum,Plants,Plantae,Tracheophyta,Liliopsida,Asparagales,Asparagaceae,Ornithogalum
5920,Polygonatum biflorum,Plants,Plantae,Tracheophyta,Liliopsida,Asparagales,Asparagaceae,Polygonatum
5921,Polygonatum multiflorum,Plants,Plantae,Tracheophyta,Liliopsida,Asparagales,Asparagaceae,Polygonatum
5922,Polygonatum odoratum,Plants,Plantae,Tracheophyta,Liliopsida,Asparagales,Asparagaceae,Polygonatum
5923,Polygonatum pubescens,Plants,Plantae,Tracheophyta,Liliopsida,Asparagales,Asparagaceae,Polygonatum
5924,Prospero autumnale,Plants,Plantae,Tracheophyta,Liliopsida,Asparagales,Asparagaceae,Prospero
5925,Ruscus aculeatus,Plants,Plantae,Tracheophyta,Liliopsida,Asparagales,Asparagaceae,Ruscus
5926,Scilla bifolia,Plants,Plantae,Tracheophyta,Liliopsida,Asparagales,Asparagaceae,Scilla
5927,Scilla forbesii,Plants,Plantae,Tracheophyta,Liliopsida,Asparagales,Asparagaceae,Scilla
5928,Scilla siberica,Plants,Plantae,Tracheophyta,Liliopsida,Asparagales,Asparagaceae,Scilla
5929,Triteleia grandiflora,Plants,Plantae,Tracheophyta,Liliopsida,Asparagales,Asparagaceae,Triteleia
5930,Triteleia hyacinthina,Plants,Plantae,Tracheophyta,Liliopsida,Asparagales,Asparagaceae,Triteleia
5931,Triteleia ixioides,Plants,Plantae,Tracheophyta,Liliopsida,Asparagales,Asparagaceae,Triteleia
5932,Triteleia laxa,Plants,Plantae,Tracheophyta,Liliopsida,Asparagales,Asparagaceae,Triteleia
5933,Yucca arkansana,Plants,Plantae,Tracheophyta,Liliopsida,Asparagales,Asparagaceae,Yucca
5934,Yucca baccata,Plants,Plantae,Tracheophyta,Liliopsida,Asparagales,Asparagaceae,Yucca
5935,Yucca brevifolia,Plants,Plantae,Tracheophyta,Liliopsida,Asparagales,Asparagaceae,Yucca
5936,Yucca elata,Plants,Plantae,Tracheophyta,Liliopsida,Asparagales,Asparagaceae,Yucca
5937,Yucca filamentosa,Plants,Plantae,Tracheophyta,Liliopsida,Asparagales,Asparagaceae,Yucca
5938,Yucca filifera,Plants,Plantae,Tracheophyta,Liliopsida,Asparagales,Asparagaceae,Yucca
5939,Yucca glauca,Plants,Plantae,Tracheophyta,Liliopsida,Asparagales,Asparagaceae,Yucca
5940,Yucca pallida,Plants,Plantae,Tracheophyta,Liliopsida,Asparagales,Asparagaceae,Yucca
5941,Yucca rupicola,Plants,Plantae,Tracheophyta,Liliopsida,Asparagales,Asparagaceae,Yucca
5942,Yucca schidigera,Plants,Plantae,Tracheophyta,Liliopsida,Asparagales,Asparagaceae,Yucca
5943,Yucca treculeana,Plants,Plantae,Tracheophyta,Liliopsida,Asparagales,Asparagaceae,Yucca
5944,Aloe arborescens,Plants,Plantae,Tracheophyta,Liliopsida,Asparagales,Asphodelaceae,Aloe
5945,Aloe ferox,Plants,Plantae,Tracheophyta,Liliopsida,Asparagales,Asphodelaceae,Aloe
5946,Aloe vera,Plants,Plantae,Tracheophyta,Liliopsida,Asparagales,Asphodelaceae,Aloe
5947,Asphodelus fistulosus,Plants,Plantae,Tracheophyta,Liliopsida,Asparagales,Asphodelaceae,Asphodelus
5948,Asphodelus ramosus,Plants,Plantae,Tracheophyta,Liliopsida,Asparagales,Asphodelaceae,Asphodelus
5949,Dianella nigra,Plants,Plantae,Tracheophyta,Liliopsida,Asparagales,Asphodelaceae,Dianella
5950,Hemerocallis fulva,Plants,Plantae,Tracheophyta,Liliopsida,Asparagales,Asphodelaceae,Hemerocallis
5951,Kniphofia uvaria,Plants,Plantae,Tracheophyta,Liliopsida,Asparagales,Asphodelaceae,Kniphofia
5952,Phormium cookianum,Plants,Plantae,Tracheophyta,Liliopsida,Asparagales,Asphodelaceae,Phormium
5953,Phormium tenax,Plants,Plantae,Tracheophyta,Liliopsida,Asparagales,Asphodelaceae,Phormium
5954,Astelia fragrans,Plants,Plantae,Tracheophyta,Liliopsida,Asparagales,Asteliaceae,Astelia
5955,Astelia hastata,Plants,Plantae,Tracheophyta,Liliopsida,Asparagales,Asteliaceae,Astelia
5956,Astelia nervosa,Plants,Plantae,Tracheophyta,Liliopsida,Asparagales,Asteliaceae,Astelia
5957,Hypoxis hirsuta,Plants,Plantae,Tracheophyta,Liliopsida,Asparagales,Hypoxidaceae,Hypoxis
5958,Pauridia capensis,Plants,Plantae,Tracheophyta,Liliopsida,Asparagales,Hypoxidaceae,Pauridia
5959,Alophia drummondii,Plants,Plantae,Tracheophyta,Liliopsida,Asparagales,Iridaceae,Alophia
5960,Chasmanthe floribunda,Plants,Plantae,Tracheophyta,Liliopsida,Asparagales,Iridaceae,Chasmanthe
5961,Crocus tommasinianus,Plants,Plantae,Tracheophyta,Liliopsida,Asparagales,Iridaceae,Crocus
5962,Crocus vernus,Plants,Plantae,Tracheophyta,Liliopsida,Asparagales,Iridaceae,Crocus
5963,Gladiolus italicus,Plants,Plantae,Tracheophyta,Liliopsida,Asparagales,Iridaceae,Gladiolus
5964,Herbertia lahue,Plants,Plantae,Tracheophyta,Liliopsida,Asparagales,Iridaceae,Herbertia
5965,Iris cristata,Plants,Plantae,Tracheophyta,Liliopsida,Asparagales,Iridaceae,Iris
5966,Iris domestica,Plants,Plantae,Tracheophyta,Liliopsida,Asparagales,Iridaceae,Iris
5967,Iris douglasiana,Plants,Plantae,Tracheophyta,Liliopsida,Asparagales,Iridaceae,Iris
5968,Iris foetidissima,Plants,Plantae,Tracheophyta,Liliopsida,Asparagales,Iridaceae,Iris
5969,Iris lacustris,Plants,Plantae,Tracheophyta,Liliopsida,Asparagales,Iridaceae,Iris
5970,Iris missouriensis,Plants,Plantae,Tracheophyta,Liliopsida,Asparagales,Iridaceae,Iris
5971,Iris pseudacorus,Plants,Plantae,Tracheophyta,Liliopsida,Asparagales,Iridaceae,Iris
5972,Iris ruthenica,Plants,Plantae,Tracheophyta,Liliopsida,Asparagales,Iridaceae,Iris
5973,Iris setosa,Plants,Plantae,Tracheophyta,Liliopsida,Asparagales,Iridaceae,Iris
5974,Iris sibirica,Plants,Plantae,Tracheophyta,Liliopsida,Asparagales,Iridaceae,Iris
5975,Iris tenax,Plants,Plantae,Tracheophyta,Liliopsida,Asparagales,Iridaceae,Iris
5976,Iris verna,Plants,Plantae,Tracheophyta,Liliopsida,Asparagales,Iridaceae,Iris
5977,Iris versicolor,Plants,Plantae,Tracheophyta,Liliopsida,Asparagales,Iridaceae,Iris
5978,Iris virginica,Plants,Plantae,Tracheophyta,Liliopsida,Asparagales,Iridaceae,Iris
5979,Moraea gawleri,Plants,Plantae,Tracheophyta,Liliopsida,Asparagales,Iridaceae,Moraea
5980,Moraea sisyrinchium,Plants,Plantae,Tracheophyta,Liliopsida,Asparagales,Iridaceae,Moraea
5981,Nemastylis geminiflora,Plants,Plantae,Tracheophyta,Liliopsida,Asparagales,Iridaceae,Nemastylis
5982,Olsynium douglasii,Plants,Plantae,Tracheophyta,Liliopsida,Asparagales,Iridaceae,Olsynium
5983,Romulea rosea,Plants,Plantae,Tracheophyta,Liliopsida,Asparagales,Iridaceae,Romulea
5984,Sisyrinchium angustifolium,Plants,Plantae,Tracheophyta,Liliopsida,Asparagales,Iridaceae,Sisyrinchium
5985,Sisyrinchium bellum,Plants,Plantae,Tracheophyta,Liliopsida,Asparagales,Iridaceae,Sisyrinchium
5986,Sisyrinchium montanum,Plants,Plantae,Tracheophyta,Liliopsida,Asparagales,Iridaceae,Sisyrinchium
5987,Sisyrinchium rosulatum,Plants,Plantae,Tracheophyta,Liliopsida,Asparagales,Iridaceae,Sisyrinchium
5988,Sparaxis tricolor,Plants,Plantae,Tracheophyta,Liliopsida,Asparagales,Iridaceae,Sparaxis
5989,Tigridia pavonia,Plants,Plantae,Tracheophyta,Liliopsida,Asparagales,Iridaceae,Tigridia
5990,Acianthus caudatus,Plants,Plantae,Tracheophyta,Liliopsida,Asparagales,Orchidaceae,Acianthus
5991,Acianthus sinclairii,Plants,Plantae,Tracheophyta,Liliopsida,Asparagales,Orchidaceae,Acianthus
5992,Anacamptis coriophora,Plants,Plantae,Tracheophyta,Liliopsida,Asparagales,Orchidaceae,Anacamptis
5993,Anacamptis morio,Plants,Plantae,Tracheophyta,Liliopsida,Asparagales,Orchidaceae,Anacamptis
5994,Anacamptis papilionacea,Plants,Plantae,Tracheophyta,Liliopsida,Asparagales,Orchidaceae,Anacamptis
5995,Anacamptis pyramidalis,Plants,Plantae,Tracheophyta,Liliopsida,Asparagales,Orchidaceae,Anacamptis
5996,Aplectrum hyemale,Plants,Plantae,Tracheophyta,Liliopsida,Asparagales,Orchidaceae,Aplectrum
5997,Arethusa bulbosa,Plants,Plantae,Tracheophyta,Liliopsida,Asparagales,Orchidaceae,Arethusa
5998,Arundina graminifolia,Plants,Plantae,Tracheophyta,Liliopsida,Asparagales,Orchidaceae,Arundina
5999,Caladenia carnea,Plants,Plantae,Tracheophyta,Liliopsida,Asparagales,Orchidaceae,Caladenia
6000,Calopogon tuberosus,Plants,Plantae,Tracheophyta,Liliopsida,Asparagales,Orchidaceae,Calopogon
6001,Calypso bulbosa,Plants,Plantae,Tracheophyta,Liliopsida,Asparagales,Orchidaceae,Calypso
6002,Cephalanthera austiniae,Plants,Plantae,Tracheophyta,Liliopsida,Asparagales,Orchidaceae,Cephalanthera
6003,Cephalanthera damasonium,Plants,Plantae,Tracheophyta,Liliopsida,Asparagales,Orchidaceae,Cephalanthera
6004,Cephalanthera longifolia,Plants,Plantae,Tracheophyta,Liliopsida,Asparagales,Orchidaceae,Cephalanthera
6005,Cephalanthera rubra,Plants,Plantae,Tracheophyta,Liliopsida,Asparagales,Orchidaceae,Cephalanthera
6006,Chiloglottis cornuta,Plants,Plantae,Tracheophyta,Liliopsida,Asparagales,Orchidaceae,Chiloglottis
6007,Corallorhiza maculata,Plants,Plantae,Tracheophyta,Liliopsida,Asparagales,Orchidaceae,Corallorhiza
6008,Corallorhiza mertensiana,Plants,Plantae,Tracheophyta,Liliopsida,Asparagales,Orchidaceae,Corallorhiza
6009,Corallorhiza striata,Plants,Plantae,Tracheophyta,Liliopsida,Asparagales,Orchidaceae,Corallorhiza
6010,Corallorhiza trifida,Plants,Plantae,Tracheophyta,Liliopsida,Asparagales,Orchidaceae,Corallorhiza
6011,Cypripedium acaule,Plants,Plantae,Tracheophyta,Liliopsida,Asparagales,Orchidaceae,Cypripedium
6012,Cypripedium calceolus,Plants,Plantae,Tracheophyta,Liliopsida,Asparagales,Orchidaceae,Cypripedium
6013,Cypripedium candidum,Plants,Plantae,Tracheophyta,Liliopsida,Asparagales,Orchidaceae,Cypripedium
6014,Cypripedium macranthos,Plants,Plantae,Tracheophyta,Liliopsida,Asparagales,Orchidaceae,Cypripedium
6015,Cypripedium montanum,Plants,Plantae,Tracheophyta,Liliopsida,Asparagales,Orchidaceae,Cypripedium
6016,Cypripedium parviflorum,Plants,Plantae,Tracheophyta,Liliopsida,Asparagales,Orchidaceae,Cypripedium
6017,Cypripedium reginae,Plants,Plantae,Tracheophyta,Liliopsida,Asparagales,Orchidaceae,Cypripedium
6018,Dactylorhiza fuchsii,Plants,Plantae,Tracheophyta,Liliopsida,Asparagales,Orchidaceae,Dactylorhiza
6019,Dactylorhiza incarnata,Plants,Plantae,Tracheophyta,Liliopsida,Asparagales,Orchidaceae,Dactylorhiza
6020,Dactylorhiza maculata,Plants,Plantae,Tracheophyta,Liliopsida,Asparagales,Orchidaceae,Dactylorhiza
6021,Dactylorhiza majalis,Plants,Plantae,Tracheophyta,Liliopsida,Asparagales,Orchidaceae,Dactylorhiza
6022,Dactylorhiza sambucina,Plants,Plantae,Tracheophyta,Liliopsida,Asparagales,Orchidaceae,Dactylorhiza
6023,Dactylorhiza viridis,Plants,Plantae,Tracheophyta,Liliopsida,Asparagales,Orchidaceae,Dactylorhiza
6024,Dendrobium cunninghamii,Plants,Plantae,Tracheophyta,Liliopsida,Asparagales,Orchidaceae,Dendrobium
6025,Dichromanthus cinnabarinus,Plants,Plantae,Tracheophyta,Liliopsida,Asparagales,Orchidaceae,Dichromanthus
6026,Dipodium roseum,Plants,Plantae,Tracheophyta,Liliopsida,Asparagales,Orchidaceae,Dipodium
6027,Disa bracteata,Plants,Plantae,Tracheophyta,Liliopsida,Asparagales,Orchidaceae,Disa
6028,Diuris orientis,Plants,Plantae,Tracheophyta,Liliopsida,Asparagales,Orchidaceae,Diuris
6029,Diuris pardina,Plants,Plantae,Tracheophyta,Liliopsida,Asparagales,Orchidaceae,Diuris
6030,Earina autumnalis,Plants,Plantae,Tracheophyta,Liliopsida,Asparagales,Orchidaceae,Earina
6031,Earina mucronata,Plants,Plantae,Tracheophyta,Liliopsida,Asparagales,Orchidaceae,Earina
6032,Epidendrum radicans,Plants,Plantae,Tracheophyta,Liliopsida,Asparagales,Orchidaceae,Epidendrum
6033,Epipactis atrorubens,Plants,Plantae,Tracheophyta,Liliopsida,Asparagales,Orchidaceae,Epipactis
6034,Epipactis gigantea,Plants,Plantae,Tracheophyta,Liliopsida,Asparagales,Orchidaceae,Epipactis
6035,Epipactis helleborine,Plants,Plantae,Tracheophyta,Liliopsida,Asparagales,Orchidaceae,Epipactis
6036,Epipactis palustris,Plants,Plantae,Tracheophyta,Liliopsida,Asparagales,Orchidaceae,Epipactis
6037,Galearis spectabilis,Plants,Plantae,Tracheophyta,Liliopsida,Asparagales,Orchidaceae,Galearis
6038,Glossodia major,Plants,Plantae,Tracheophyta,Liliopsida,Asparagales,Orchidaceae,Glossodia
6039,Goodyera oblongifolia,Plants,Plantae,Tracheophyta,Liliopsida,Asparagales,Orchidaceae,Goodyera
6040,Goodyera pubescens,Plants,Plantae,Tracheophyta,Liliopsida,Asparagales,Orchidaceae,Goodyera
6041,Goodyera repens,Plants,Plantae,Tracheophyta,Liliopsida,Asparagales,Orchidaceae,Goodyera
6042,Goodyera tesselata,Plants,Plantae,Tracheophyta,Liliopsida,Asparagales,Orchidaceae,Goodyera
6043,Gymnadenia conopsea,Plants,Plantae,Tracheophyta,Liliopsida,Asparagales,Orchidaceae,Gymnadenia
6044,Gymnadenia rhellicani,Plants,Plantae,Tracheophyta,Liliopsida,Asparagales,Orchidaceae,Gymnadenia
6045,Himantoglossum hircinum,Plants,Plantae,Tracheophyta,Liliopsida,Asparagales,Orchidaceae,Himantoglossum
6046,Himantoglossum robertianum,Plants,Plantae,Tracheophyta,Liliopsida,Asparagales,Orchidaceae,Himantoglossum
6047,Limodorum abortivum,Plants,Plantae,Tracheophyta,Liliopsida,Asparagales,Orchidaceae,Limodorum
6048,Liparis liliifolia,Plants,Plantae,Tracheophyta,Liliopsida,Asparagales,Orchidaceae,Liparis
6049,Liparis loeselii,Plants,Plantae,Tracheophyta,Liliopsida,Asparagales,Orchidaceae,Liparis
6050,Microtis unifolia,Plants,Plantae,Tracheophyta,Liliopsida,Asparagales,Orchidaceae,Microtis
6051,Neotinea tridentata,Plants,Plantae,Tracheophyta,Liliopsida,Asparagales,Orchidaceae,Neotinea
6052,Neotinea ustulata,Plants,Plantae,Tracheophyta,Liliopsida,Asparagales,Orchidaceae,Neotinea
6053,Neottia cordata,Plants,Plantae,Tracheophyta,Liliopsida,Asparagales,Orchidaceae,Neottia
6054,Neottia nidus-avis,Plants,Plantae,Tracheophyta,Liliopsida,Asparagales,Orchidaceae,Neottia
6055,Neottia ovata,Plants,Plantae,Tracheophyta,Liliopsida,Asparagales,Orchidaceae,Neottia
6056,Oeceoclades maculata,Plants,Plantae,Tracheophyta,Liliopsida,Asparagales,Orchidaceae,Oeceoclades
6057,Ophrys apifera,Plants,Plantae,Tracheophyta,Liliopsida,Asparagales,Orchidaceae,Ophrys
6058,Ophrys fuciflora,Plants,Plantae,Tracheophyta,Liliopsida,Asparagales,Orchidaceae,Ophrys
6059,Ophrys fusca,Plants,Plantae,Tracheophyta,Liliopsida,Asparagales,Orchidaceae,Ophrys
6060,Ophrys insectifera,Plants,Plantae,Tracheophyta,Liliopsida,Asparagales,Orchidaceae,Ophrys
6061,Ophrys lutea,Plants,Plantae,Tracheophyta,Liliopsida,Asparagales,Orchidaceae,Ophrys
6062,Ophrys scolopax,Plants,Plantae,Tracheophyta,Liliopsida,Asparagales,Orchidaceae,Ophrys
6063,Ophrys sphegodes,Plants,Plantae,Tracheophyta,Liliopsida,Asparagales,Orchidaceae,Ophrys
6064,Ophrys tenthredinifera,Plants,Plantae,Tracheophyta,Liliopsida,Asparagales,Orchidaceae,Ophrys
6065,Orchis anthropophora,Plants,Plantae,Tracheophyta,Liliopsida,Asparagales,Orchidaceae,Orchis
6066,Orchis italica,Plants,Plantae,Tracheophyta,Liliopsida,Asparagales,Orchidaceae,Orchis
6067,Orchis mascula,Plants,Plantae,Tracheophyta,Liliopsida,Asparagales,Orchidaceae,Orchis
6068,Orchis militaris,Plants,Plantae,Tracheophyta,Liliopsida,Asparagales,Orchidaceae,Orchis
6069,Orchis purpurea,Plants,Plantae,Tracheophyta,Liliopsida,Asparagales,Orchidaceae,Orchis
6070,Platanthera aquilonis,Plants,Plantae,Tracheophyta,Liliopsida,Asparagales,Orchidaceae,Platanthera
6071,Platanthera bifolia,Plants,Plantae,Tracheophyta,Liliopsida,Asparagales,Orchidaceae,Platanthera
6072,Platanthera blephariglottis,Plants,Plantae,Tracheophyta,Liliopsida,Asparagales,Orchidaceae,Platanthera
6073,Platanthera chlorantha,Plants,Plantae,Tracheophyta,Liliopsida,Asparagales,Orchidaceae,Platanthera
6074,Platanthera ciliaris,Plants,Plantae,Tracheophyta,Liliopsida,Asparagales,Orchidaceae,Platanthera
6075,Platanthera clavellata,Plants,Plantae,Tracheophyta,Liliopsida,Asparagales,Orchidaceae,Platanthera
6076,Platanthera dilatata,Plants,Plantae,Tracheophyta,Liliopsida,Asparagales,Orchidaceae,Platanthera
6077,Platanthera elegans,Plants,Plantae,Tracheophyta,Liliopsida,Asparagales,Orchidaceae,Platanthera
6078,Platanthera huronensis,Plants,Plantae,Tracheophyta,Liliopsida,Asparagales,Orchidaceae,Platanthera
6079,Platanthera lacera,Plants,Plantae,Tracheophyta,Liliopsida,Asparagales,Orchidaceae,Platanthera
6080,Platanthera orbiculata,Plants,Plantae,Tracheophyta,Liliopsida,Asparagales,Orchidaceae,Platanthera
6081,Platanthera psycodes,Plants,Plantae,Tracheophyta,Liliopsida,Asparagales,Orchidaceae,Platanthera
6082,Platanthera stricta,Plants,Plantae,Tracheophyta,Liliopsida,Asparagales,Orchidaceae,Platanthera
6083,Platanthera transversa,Plants,Plantae,Tracheophyta,Liliopsida,Asparagales,Orchidaceae,Platanthera
6084,Pogonia ophioglossoides,Plants,Plantae,Tracheophyta,Liliopsida,Asparagales,Orchidaceae,Pogonia
6085,Ponerorchis cucullata,Plants,Plantae,Tracheophyta,Liliopsida,Asparagales,Orchidaceae,Ponerorchis
6086,Prasophyllum colensoi,Plants,Plantae,Tracheophyta,Liliopsida,Asparagales,Orchidaceae,Prasophyllum
6087,Pterostylis banksii,Plants,Plantae,Tracheophyta,Liliopsida,Asparagales,Orchidaceae,Pterostylis
6088,Pterostylis melagramma,Plants,Plantae,Tracheophyta,Liliopsida,Asparagales,Orchidaceae,Pterostylis
6089,Pterostylis nana,Plants,Plantae,Tracheophyta,Liliopsida,Asparagales,Orchidaceae,Pterostylis
6090,Pterostylis nutans,Plants,Plantae,Tracheophyta,Liliopsida,Asparagales,Orchidaceae,Pterostylis
6091,Pterostylis pedunculata,Plants,Plantae,Tracheophyta,Liliopsida,Asparagales,Orchidaceae,Pterostylis
6092,Pyrorchis nigricans,Plants,Plantae,Tracheophyta,Liliopsida,Asparagales,Orchidaceae,Pyrorchis
6093,Serapias lingua,Plants,Plantae,Tracheophyta,Liliopsida,Asparagales,Orchidaceae,Serapias
6094,Spathoglottis plicata,Plants,Plantae,Tracheophyta,Liliopsida,Asparagales,Orchidaceae,Spathoglottis
6095,Spiranthes cernua,Plants,Plantae,Tracheophyta,Liliopsida,Asparagales,Orchidaceae,Spiranthes
6096,Spiranthes incurva,Plants,Plantae,Tracheophyta,Liliopsida,Asparagales,Orchidaceae,Spiranthes
6097,Spiranthes lacera,Plants,Plantae,Tracheophyta,Liliopsida,Asparagales,Orchidaceae,Spiranthes
6098,Spiranthes magnicamporum,Plants,Plantae,Tracheophyta,Liliopsida,Asparagales,Orchidaceae,Spiranthes
6099,Spiranthes romanzoffiana,Plants,Plantae,Tracheophyta,Liliopsida,Asparagales,Orchidaceae,Spiranthes
6100,Spiranthes vernalis,Plants,Plantae,Tracheophyta,Liliopsida,Asparagales,Orchidaceae,Spiranthes
6101,Thelymitra longifolia,Plants,Plantae,Tracheophyta,Liliopsida,Asparagales,Orchidaceae,Thelymitra
6102,Tipularia discolor,Plants,Plantae,Tracheophyta,Liliopsida,Asparagales,Orchidaceae,Tipularia
6103,Commelina africana,Plants,Plantae,Tracheophyta,Liliopsida,Commelinales,Commelinaceae,Commelina
6104,Commelina communis,Plants,Plantae,Tracheophyta,Liliopsida,Commelinales,Commelinaceae,Commelina
6105,Commelina diffusa,Plants,Plantae,Tracheophyta,Liliopsida,Commelinales,Commelinaceae,Commelina
6106,Commelina erecta,Plants,Plantae,Tracheophyta,Liliopsida,Commelinales,Commelinaceae,Commelina
6107,Commelina virginica,Plants,Plantae,Tracheophyta,Liliopsida,Commelinales,Commelinaceae,Commelina
6108,Tinantia anomala,Plants,Plantae,Tracheophyta,Liliopsida,Commelinales,Commelinaceae,Tinantia
6109,Tradescantia fluminensis,Plants,Plantae,Tracheophyta,Liliopsida,Commelinales,Commelinaceae,Tradescantia
6110,Tradescantia occidentalis,Plants,Plantae,Tracheophyta,Liliopsida,Commelinales,Commelinaceae,Tradescantia
6111,Tradescantia ohiensis,Plants,Plantae,Tracheophyta,Liliopsida,Commelinales,Commelinaceae,Tradescantia
6112,Tradescantia pallida,Plants,Plantae,Tracheophyta,Liliopsida,Commelinales,Commelinaceae,Tradescantia
6113,Tradescantia spathacea,Plants,Plantae,Tracheophyta,Liliopsida,Commelinales,Commelinaceae,Tradescantia
6114,Tradescantia virginiana,Plants,Plantae,Tracheophyta,Liliopsida,Commelinales,Commelinaceae,Tradescantia
6115,Tradescantia zebrina,Plants,Plantae,Tracheophyta,Liliopsida,Commelinales,Commelinaceae,Tradescantia
6116,Lachnanthes caroliniana,Plants,Plantae,Tracheophyta,Liliopsida,Commelinales,Haemodoraceae,Lachnanthes
6117,Wachendorfia paniculata,Plants,Plantae,Tracheophyta,Liliopsida,Commelinales,Haemodoraceae,Wachendorfia
6118,Pontederia cordata,Plants,Plantae,Tracheophyta,Liliopsida,Commelinales,Pontederiaceae,Pontederia
6119,Pontederia crassipes,Plants,Plantae,Tracheophyta,Liliopsida,Commelinales,Pontederiaceae,Pontederia
6120,Dioscorea bulbifera,Plants,Plantae,Tracheophyta,Liliopsida,Dioscoreales,Dioscoreaceae,Dioscorea
6121,Dioscorea communis,Plants,Plantae,Tracheophyta,Liliopsida,Dioscoreales,Dioscoreaceae,Dioscorea
6122,Dioscorea villosa,Plants,Plantae,Tracheophyta,Liliopsida,Dioscoreales,Dioscoreaceae,Dioscorea
6123,Narthecium ossifragum,Plants,Plantae,Tracheophyta,Liliopsida,Dioscoreales,Nartheciaceae,Narthecium
6124,Burchardia umbellata,Plants,Plantae,Tracheophyta,Liliopsida,Liliales,Colchicaceae,Burchardia
6125,Colchicum autumnale,Plants,Plantae,Tracheophyta,Liliopsida,Liliales,Colchicaceae,Colchicum
6126,Gloriosa superba,Plants,Plantae,Tracheophyta,Liliopsida,Liliales,Colchicaceae,Gloriosa
6127,Uvularia grandiflora,Plants,Plantae,Tracheophyta,Liliopsida,Liliales,Colchicaceae,Uvularia
6128,Uvularia perfoliata,Plants,Plantae,Tracheophyta,Liliopsida,Liliales,Colchicaceae,Uvularia
6129,Uvularia sessilifolia,Plants,Plantae,Tracheophyta,Liliopsida,Liliales,Colchicaceae,Uvularia
6130,Calochortus albus,Plants,Plantae,Tracheophyta,Liliopsida,Liliales,Liliaceae,Calochortus
6131,Calochortus amabilis,Plants,Plantae,Tracheophyta,Liliopsida,Liliales,Liliaceae,Calochortus
6132,Calochortus argillosus,Plants,Plantae,Tracheophyta,Liliopsida,Liliales,Liliaceae,Calochortus
6133,Calochortus catalinae,Plants,Plantae,Tracheophyta,Liliopsida,Liliales,Liliaceae,Calochortus
6134,Calochortus clavatus,Plants,Plantae,Tracheophyta,Liliopsida,Liliales,Liliaceae,Calochortus
6135,Calochortus gunnisonii,Plants,Plantae,Tracheophyta,Liliopsida,Liliales,Liliaceae,Calochortus
6136,Calochortus invenustus,Plants,Plantae,Tracheophyta,Liliopsida,Liliales,Liliaceae,Calochortus
6137,Calochortus kennedyi,Plants,Plantae,Tracheophyta,Liliopsida,Liliales,Liliaceae,Calochortus
6138,Calochortus leichtlinii,Plants,Plantae,Tracheophyta,Liliopsida,Liliales,Liliaceae,Calochortus
6139,Calochortus luteus,Plants,Plantae,Tracheophyta,Liliopsida,Liliales,Liliaceae,Calochortus
6140,Calochortus macrocarpus,Plants,Plantae,Tracheophyta,Liliopsida,Liliales,Liliaceae,Calochortus
6141,Calochortus monophyllus,Plants,Plantae,Tracheophyta,Liliopsida,Liliales,Liliaceae,Calochortus
6142,Calochortus nuttallii,Plants,Plantae,Tracheophyta,Liliopsida,Liliales,Liliaceae,Calochortus
6143,Calochortus plummerae,Plants,Plantae,Tracheophyta,Liliopsida,Liliales,Liliaceae,Calochortus
6144,Calochortus pulchellus,Plants,Plantae,Tracheophyta,Liliopsida,Liliales,Liliaceae,Calochortus
6145,Calochortus splendens,Plants,Plantae,Tracheophyta,Liliopsida,Liliales,Liliaceae,Calochortus
6146,Calochortus tolmiei,Plants,Plantae,Tracheophyta,Liliopsida,Liliales,Liliaceae,Calochortus
6147,Calochortus umbellatus,Plants,Plantae,Tracheophyta,Liliopsida,Liliales,Liliaceae,Calochortus
6148,Calochortus venustus,Plants,Plantae,Tracheophyta,Liliopsida,Liliales,Liliaceae,Calochortus
6149,Calochortus weedii,Plants,Plantae,Tracheophyta,Liliopsida,Liliales,Liliaceae,Calochortus
6150,Clintonia andrewsiana,Plants,Plantae,Tracheophyta,Liliopsida,Liliales,Liliaceae,Clintonia
6151,Clintonia borealis,Plants,Plantae,Tracheophyta,Liliopsida,Liliales,Liliaceae,Clintonia
6152,Clintonia uniflora,Plants,Plantae,Tracheophyta,Liliopsida,Liliales,Liliaceae,Clintonia
6153,Erythronium albidum,Plants,Plantae,Tracheophyta,Liliopsida,Liliales,Liliaceae,Erythronium
6154,Erythronium americanum,Plants,Plantae,Tracheophyta,Liliopsida,Liliales,Liliaceae,Erythronium
6155,Erythronium grandiflorum,Plants,Plantae,Tracheophyta,Liliopsida,Liliales,Liliaceae,Erythronium
6156,Erythronium montanum,Plants,Plantae,Tracheophyta,Liliopsida,Liliales,Liliaceae,Erythronium
6157,Erythronium oregonum,Plants,Plantae,Tracheophyta,Liliopsida,Liliales,Liliaceae,Erythronium
6158,Erythronium sibiricum,Plants,Plantae,Tracheophyta,Liliopsida,Liliales,Liliaceae,Erythronium
6159,Erythronium umbilicatum,Plants,Plantae,Tracheophyta,Liliopsida,Liliales,Liliaceae,Erythronium
6160,Fritillaria affinis,Plants,Plantae,Tracheophyta,Liliopsida,Liliales,Liliaceae,Fritillaria
6161,Fritillaria atropurpurea,Plants,Plantae,Tracheophyta,Liliopsida,Liliales,Liliaceae,Fritillaria
6162,Fritillaria biflora,Plants,Plantae,Tracheophyta,Liliopsida,Liliales,Liliaceae,Fritillaria
6163,Fritillaria camschatcensis,Plants,Plantae,Tracheophyta,Liliopsida,Liliales,Liliaceae,Fritillaria
6164,Fritillaria pudica,Plants,Plantae,Tracheophyta,Liliopsida,Liliales,Liliaceae,Fritillaria
6165,Fritillaria recurva,Plants,Plantae,Tracheophyta,Liliopsida,Liliales,Liliaceae,Fritillaria
6166,Gagea lutea,Plants,Plantae,Tracheophyta,Liliopsida,Liliales,Liliaceae,Gagea
6167,Gagea minima,Plants,Plantae,Tracheophyta,Liliopsida,Liliales,Liliaceae,Gagea
6168,Lilium bulbiferum,Plants,Plantae,Tracheophyta,Liliopsida,Liliales,Liliaceae,Lilium
6169,Lilium canadense,Plants,Plantae,Tracheophyta,Liliopsida,Liliales,Liliaceae,Lilium
6170,Lilium columbianum,Plants,Plantae,Tracheophyta,Liliopsida,Liliales,Liliaceae,Lilium
6171,Lilium formosanum,Plants,Plantae,Tracheophyta,Liliopsida,Liliales,Liliaceae,Lilium
6172,Lilium humboldtii,Plants,Plantae,Tracheophyta,Liliopsida,Liliales,Liliaceae,Lilium
6173,Lilium lancifolium,Plants,Plantae,Tracheophyta,Liliopsida,Liliales,Liliaceae,Lilium
6174,Lilium martagon,Plants,Plantae,Tracheophyta,Liliopsida,Liliales,Liliaceae,Lilium
6175,Lilium michiganense,Plants,Plantae,Tracheophyta,Liliopsida,Liliales,Liliaceae,Lilium
6176,Lilium pardalinum,Plants,Plantae,Tracheophyta,Liliopsida,Liliales,Liliaceae,Lilium
6177,Lilium parvum,Plants,Plantae,Tracheophyta,Liliopsida,Liliales,Liliaceae,Lilium
6178,Lilium philadelphicum,Plants,Plantae,Tracheophyta,Liliopsida,Liliales,Liliaceae,Lilium
6179,Lilium superbum,Plants,Plantae,Tracheophyta,Liliopsida,Liliales,Liliaceae,Lilium
6180,Lilium washingtonianum,Plants,Plantae,Tracheophyta,Liliopsida,Liliales,Liliaceae,Lilium
6181,Medeola virginiana,Plants,Plantae,Tracheophyta,Liliopsida,Liliales,Liliaceae,Medeola
6182,Prosartes hookeri,Plants,Plantae,Tracheophyta,Liliopsida,Liliales,Liliaceae,Prosartes
6183,Prosartes smithii,Plants,Plantae,Tracheophyta,Liliopsida,Liliales,Liliaceae,Prosartes
6184,Prosartes trachycarpa,Plants,Plantae,Tracheophyta,Liliopsida,Liliales,Liliaceae,Prosartes
6185,Scoliopus bigelovii,Plants,Plantae,Tracheophyta,Liliopsida,Liliales,Liliaceae,Scoliopus
6186,Streptopus amplexifolius,Plants,Plantae,Tracheophyta,Liliopsida,Liliales,Liliaceae,Streptopus
6187,Streptopus lanceolatus,Plants,Plantae,Tracheophyta,Liliopsida,Liliales,Liliaceae,Streptopus
6188,Tulipa sylvestris,Plants,Plantae,Tracheophyta,Liliopsida,Liliales,Liliaceae,Tulipa
6189,Anticlea elegans,Plants,Plantae,Tracheophyta,Liliopsida,Liliales,Melanthiaceae,Anticlea
6190,Paris quadrifolia,Plants,Plantae,Tracheophyta,Liliopsida,Liliales,Melanthiaceae,Paris
6191,Toxicoscordion fremontii,Plants,Plantae,Tracheophyta,Liliopsida,Liliales,Melanthiaceae,Toxicoscordion
6192,Toxicoscordion venenosum,Plants,Plantae,Tracheophyta,Liliopsida,Liliales,Melanthiaceae,Toxicoscordion
6193,Trillium albidum,Plants,Plantae,Tracheophyta,Liliopsida,Liliales,Melanthiaceae,Trillium
6194,Trillium catesbaei,Plants,Plantae,Tracheophyta,Liliopsida,Liliales,Melanthiaceae,Trillium
6195,Trillium cernuum,Plants,Plantae,Tracheophyta,Liliopsida,Liliales,Melanthiaceae,Trillium
6196,Trillium chloropetalum,Plants,Plantae,Tracheophyta,Liliopsida,Liliales,Melanthiaceae,Trillium
6197,Trillium cuneatum,Plants,Plantae,Tracheophyta,Liliopsida,Liliales,Melanthiaceae,Trillium
6198,Trillium erectum,Plants,Plantae,Tracheophyta,Liliopsida,Liliales,Melanthiaceae,Trillium
6199,Trillium flexipes,Plants,Plantae,Tracheophyta,Liliopsida,Liliales,Melanthiaceae,Trillium
6200,Trillium grandiflorum,Plants,Plantae,Tracheophyta,Liliopsida,Liliales,Melanthiaceae,Trillium
6201,Trillium luteum,Plants,Plantae,Tracheophyta,Liliopsida,Liliales,Melanthiaceae,Trillium
6202,Trillium nivale,Plants,Plantae,Tracheophyta,Liliopsida,Liliales,Melanthiaceae,Trillium
6203,Trillium ovatum,Plants,Plantae,Tracheophyta,Liliopsida,Liliales,Melanthiaceae,Trillium
6204,Trillium recurvatum,Plants,Plantae,Tracheophyta,Liliopsida,Liliales,Melanthiaceae,Trillium
6205,Trillium sessile,Plants,Plantae,Tracheophyta,Liliopsida,Liliales,Melanthiaceae,Trillium
6206,Trillium undulatum,Plants,Plantae,Tracheophyta,Liliopsida,Liliales,Melanthiaceae,Trillium
6207,Veratrum californicum,Plants,Plantae,Tracheophyta,Liliopsida,Liliales,Melanthiaceae,Veratrum
6208,Veratrum lobelianum,Plants,Plantae,Tracheophyta,Liliopsida,Liliales,Melanthiaceae,Veratrum
6209,Veratrum viride,Plants,Plantae,Tracheophyta,Liliopsida,Liliales,Melanthiaceae,Veratrum
6210,Xerophyllum tenax,Plants,Plantae,Tracheophyta,Liliopsida,Liliales,Melanthiaceae,Xerophyllum
6211,Ripogonum scandens,Plants,Plantae,Tracheophyta,Liliopsida,Liliales,Ripogonaceae,Ripogonum
6212,Smilax aspera,Plants,Plantae,Tracheophyta,Liliopsida,Liliales,Smilacaceae,Smilax
6213,Smilax auriculata,Plants,Plantae,Tracheophyta,Liliopsida,Liliales,Smilacaceae,Smilax
6214,Smilax bona-nox,Plants,Plantae,Tracheophyta,Liliopsida,Liliales,Smilacaceae,Smilax
6215,Smilax glauca,Plants,Plantae,Tracheophyta,Liliopsida,Liliales,Smilacaceae,Smilax
6216,Smilax herbacea,Plants,Plantae,Tracheophyta,Liliopsida,Liliales,Smilacaceae,Smilax
6217,Smilax lasioneura,Plants,Plantae,Tracheophyta,Liliopsida,Liliales,Smilacaceae,Smilax
6218,Smilax laurifolia,Plants,Plantae,Tracheophyta,Liliopsida,Liliales,Smilacaceae,Smilax
6219,Smilax pumila,Plants,Plantae,Tracheophyta,Liliopsida,Liliales,Smilacaceae,Smilax
6220,Smilax rotundifolia,Plants,Plantae,Tracheophyta,Liliopsida,Liliales,Smilacaceae,Smilax
6221,Smilax smallii,Plants,Plantae,Tracheophyta,Liliopsida,Liliales,Smilacaceae,Smilax
6222,Smilax tamnoides,Plants,Plantae,Tracheophyta,Liliopsida,Liliales,Smilacaceae,Smilax
6223,Freycinetia banksii,Plants,Plantae,Tracheophyta,Liliopsida,Pandanales,Pandanaceae,Freycinetia
6224,Pandanus tectorius,Plants,Plantae,Tracheophyta,Liliopsida,Pandanales,Pandanaceae,Pandanus
6225,Bromelia pinguin,Plants,Plantae,Tracheophyta,Liliopsida,Poales,Bromeliaceae,Bromelia
6226,Tillandsia fasciculata,Plants,Plantae,Tracheophyta,Liliopsida,Poales,Bromeliaceae,Tillandsia
6227,Tillandsia recurvata,Plants,Plantae,Tracheophyta,Liliopsida,Poales,Bromeliaceae,Tillandsia
6228,Tillandsia usneoides,Plants,Plantae,Tracheophyta,Liliopsida,Poales,Bromeliaceae,Tillandsia
6229,Tillandsia utriculata,Plants,Plantae,Tracheophyta,Liliopsida,Poales,Bromeliaceae,Tillandsia
6230,Bolboschoenus maritimus,Plants,Plantae,Tracheophyta,Liliopsida,Poales,Cyperaceae,Bolboschoenus
6231,Carex albursina,Plants,Plantae,Tracheophyta,Liliopsida,Poales,Cyperaceae,Carex
6232,Carex aurea,Plants,Plantae,Tracheophyta,Liliopsida,Poales,Cyperaceae,Carex
6233,Carex blanda,Plants,Plantae,Tracheophyta,Liliopsida,Poales,Cyperaceae,Carex
6234,Carex canescens,Plants,Plantae,Tracheophyta,Liliopsida,Poales,Cyperaceae,Carex
6235,Carex cherokeensis,Plants,Plantae,Tracheophyta,Liliopsida,Poales,Cyperaceae,Carex
6236,Carex comosa,Plants,Plantae,Tracheophyta,Liliopsida,Poales,Cyperaceae,Carex
6237,Carex crinita,Plants,Plantae,Tracheophyta,Liliopsida,Poales,Cyperaceae,Carex
6238,Carex digitata,Plants,Plantae,Tracheophyta,Liliopsida,Poales,Cyperaceae,Carex
6239,Carex eburnea,Plants,Plantae,Tracheophyta,Liliopsida,Poales,Cyperaceae,Carex
6240,Carex echinata,Plants,Plantae,Tracheophyta,Liliopsida,Poales,Cyperaceae,Carex
6241,Carex flava,Plants,Plantae,Tracheophyta,Liliopsida,Poales,Cyperaceae,Carex
6242,Carex gracillima,Plants,Plantae,Tracheophyta,Liliopsida,Poales,Cyperaceae,Carex
6243,Carex granularis,Plants,Plantae,Tracheophyta,Liliopsida,Poales,Cyperaceae,Carex
6244,Carex grayi,Plants,Plantae,Tracheophyta,Liliopsida,Poales,Cyperaceae,Carex
6245,Carex hirta,Plants,Plantae,Tracheophyta,Liliopsida,Poales,Cyperaceae,Carex
6246,Carex hystericina,Plants,Plantae,Tracheophyta,Liliopsida,Poales,Cyperaceae,Carex
6247,Carex intumescens,Plants,Plantae,Tracheophyta,Liliopsida,Poales,Cyperaceae,Carex
6248,Carex leptalea,Plants,Plantae,Tracheophyta,Liliopsida,Poales,Cyperaceae,Carex
6249,Carex lupulina,Plants,Plantae,Tracheophyta,Liliopsida,Poales,Cyperaceae,Carex
6250,Carex lurida,Plants,Plantae,Tracheophyta,Liliopsida,Poales,Cyperaceae,Carex
6251,Carex macrocephala,Plants,Plantae,Tracheophyta,Liliopsida,Poales,Cyperaceae,Carex
6252,Carex magellanica,Plants,Plantae,Tracheophyta,Liliopsida,Poales,Cyperaceae,Carex
6253,Carex obnupta,Plants,Plantae,Tracheophyta,Liliopsida,Poales,Cyperaceae,Carex
6254,Carex oligosperma,Plants,Plantae,Tracheophyta,Liliopsida,Poales,Cyperaceae,Carex
6255,Carex pallescens,Plants,Plantae,Tracheophyta,Liliopsida,Poales,Cyperaceae,Carex
6256,Carex pedunculata,Plants,Plantae,Tracheophyta,Liliopsida,Poales,Cyperaceae,Carex
6257,Carex pendula,Plants,Plantae,Tracheophyta,Liliopsida,Poales,Cyperaceae,Carex
6258,Carex pensylvanica,Plants,Plantae,Tracheophyta,Liliopsida,Poales,Cyperaceae,Carex
6259,Carex pilosa,Plants,Plantae,Tracheophyta,Liliopsida,Poales,Cyperaceae,Carex
6260,Carex plantaginea,Plants,Plantae,Tracheophyta,Liliopsida,Poales,Cyperaceae,Carex
6261,Carex pseudocyperus,Plants,Plantae,Tracheophyta,Liliopsida,Poales,Cyperaceae,Carex
6262,Carex pumila,Plants,Plantae,Tracheophyta,Liliopsida,Poales,Cyperaceae,Carex
6263,Carex rosea,Plants,Plantae,Tracheophyta,Liliopsida,Poales,Cyperaceae,Carex
6264,Carex rostrata,Plants,Plantae,Tracheophyta,Liliopsida,Poales,Cyperaceae,Carex
6265,Carex spicata,Plants,Plantae,Tracheophyta,Liliopsida,Poales,Cyperaceae,Carex
6266,Carex sprengelii,Plants,Plantae,Tracheophyta,Liliopsida,Poales,Cyperaceae,Carex
6267,Carex squarrosa,Plants,Plantae,Tracheophyta,Liliopsida,Poales,Cyperaceae,Carex
6268,Carex stipata,Plants,Plantae,Tracheophyta,Liliopsida,Poales,Cyperaceae,Carex
6269,Carex sylvatica,Plants,Plantae,Tracheophyta,Liliopsida,Poales,Cyperaceae,Carex
6270,Carex utriculata,Plants,Plantae,Tracheophyta,Liliopsida,Poales,Cyperaceae,Carex
6271,Carex vesicaria,Plants,Plantae,Tracheophyta,Liliopsida,Poales,Cyperaceae,Carex
6272,Carex viridula,Plants,Plantae,Tracheophyta,Liliopsida,Poales,Cyperaceae,Carex
6273,Carex vulpinoidea,Plants,Plantae,Tracheophyta,Liliopsida,Poales,Cyperaceae,Carex
6274,Cladium mariscus,Plants,Plantae,Tracheophyta,Liliopsida,Poales,Cyperaceae,Cladium
6275,Cyperus brevifolius,Plants,Plantae,Tracheophyta,Liliopsida,Poales,Cyperaceae,Cyperus
6276,Cyperus echinatus,Plants,Plantae,Tracheophyta,Liliopsida,Poales,Cyperaceae,Cyperus
6277,Cyperus eragrostis,Plants,Plantae,Tracheophyta,Liliopsida,Poales,Cyperaceae,Cyperus
6278,Cyperus esculentus,Plants,Plantae,Tracheophyta,Liliopsida,Poales,Cyperaceae,Cyperus
6279,Cyperus involucratus,Plants,Plantae,Tracheophyta,Liliopsida,Poales,Cyperaceae,Cyperus
6280,Cyperus odoratus,Plants,Plantae,Tracheophyta,Liliopsida,Poales,Cyperaceae,Cyperus
6281,Cyperus rotundus,Plants,Plantae,Tracheophyta,Liliopsida,Poales,Cyperaceae,Cyperus
6282,Cyperus strigosus,Plants,Plantae,Tracheophyta,Liliopsida,Poales,Cyperaceae,Cyperus
6283,Cyperus ustulatus,Plants,Plantae,Tracheophyta,Liliopsida,Poales,Cyperaceae,Cyperus
6284,Dulichium arundinaceum,Plants,Plantae,Tracheophyta,Liliopsida,Poales,Cyperaceae,Dulichium
6285,Eleocharis palustris,Plants,Plantae,Tracheophyta,Liliopsida,Poales,Cyperaceae,Eleocharis
6286,Eriophorum angustifolium,Plants,Plantae,Tracheophyta,Liliopsida,Poales,Cyperaceae,Eriophorum
6287,Eriophorum vaginatum,Plants,Plantae,Tracheophyta,Liliopsida,Poales,Cyperaceae,Eriophorum
6288,Eriophorum virginicum,Plants,Plantae,Tracheophyta,Liliopsida,Poales,Cyperaceae,Eriophorum
6289,Ficinia nodosa,Plants,Plantae,Tracheophyta,Liliopsida,Poales,Cyperaceae,Ficinia
6290,Ficinia spiralis,Plants,Plantae,Tracheophyta,Liliopsida,Poales,Cyperaceae,Ficinia
6291,Rhynchospora alba,Plants,Plantae,Tracheophyta,Liliopsida,Poales,Cyperaceae,Rhynchospora
6292,Rhynchospora colorata,Plants,Plantae,Tracheophyta,Liliopsida,Poales,Cyperaceae,Rhynchospora
6293,Schoenoplectus acutus,Plants,Plantae,Tracheophyta,Liliopsida,Poales,Cyperaceae,Schoenoplectus
6294,Schoenoplectus californicus,Plants,Plantae,Tracheophyta,Liliopsida,Poales,Cyperaceae,Schoenoplectus
6295,Schoenoplectus pungens,Plants,Plantae,Tracheophyta,Liliopsida,Poales,Cyperaceae,Schoenoplectus
6296,Schoenoplectus tabernaemontani,Plants,Plantae,Tracheophyta,Liliopsida,Poales,Cyperaceae,Schoenoplectus
6297,Scirpus atrovirens,Plants,Plantae,Tracheophyta,Liliopsida,Poales,Cyperaceae,Scirpus
6298,Scirpus cyperinus,Plants,Plantae,Tracheophyta,Liliopsida,Poales,Cyperaceae,Scirpus
6299,Scirpus microcarpus,Plants,Plantae,Tracheophyta,Liliopsida,Poales,Cyperaceae,Scirpus
6300,Scirpus pendulus,Plants,Plantae,Tracheophyta,Liliopsida,Poales,Cyperaceae,Scirpus
6301,Scirpus sylvaticus,Plants,Plantae,Tracheophyta,Liliopsida,Poales,Cyperaceae,Scirpus
6302,Trichophorum cespitosum,Plants,Plantae,Tracheophyta,Liliopsida,Poales,Cyperaceae,Trichophorum
6303,Eriocaulon aquaticum,Plants,Plantae,Tracheophyta,Liliopsida,Poales,Eriocaulaceae,Eriocaulon
6304,Juncus acutus,Plants,Plantae,Tracheophyta,Liliopsida,Poales,Juncaceae,Juncus
6305,Juncus articulatus,Plants,Plantae,Tracheophyta,Liliopsida,Poales,Juncaceae,Juncus
6306,Juncus balticus,Plants,Plantae,Tracheophyta,Liliopsida,Poales,Juncaceae,Juncus
6307,Juncus bufonius,Plants,Plantae,Tracheophyta,Liliopsida,Poales,Juncaceae,Juncus
6308,Juncus compressus,Plants,Plantae,Tracheophyta,Liliopsida,Poales,Juncaceae,Juncus
6309,Juncus effusus,Plants,Plantae,Tracheophyta,Liliopsida,Poales,Juncaceae,Juncus
6310,Juncus tenuis,Plants,Plantae,Tracheophyta,Liliopsida,Poales,Juncaceae,Juncus
6311,Juncus torreyi,Plants,Plantae,Tracheophyta,Liliopsida,Poales,Juncaceae,Juncus
6312,Luzula campestris,Plants,Plantae,Tracheophyta,Liliopsida,Poales,Juncaceae,Luzula
6313,Luzula multiflora,Plants,Plantae,Tracheophyta,Liliopsida,Poales,Juncaceae,Luzula
6314,Luzula pilosa,Plants,Plantae,Tracheophyta,Liliopsida,Poales,Juncaceae,Luzula
6315,Achnatherum hymenoides,Plants,Plantae,Tracheophyta,Liliopsida,Poales,Poaceae,Achnatherum
6316,Achnatherum miliaceum,Plants,Plantae,Tracheophyta,Liliopsida,Poales,Poaceae,Achnatherum
6317,Agropyron cristatum,Plants,Plantae,Tracheophyta,Liliopsida,Poales,Poaceae,Agropyron
6318,Alopecurus aequalis,Plants,Plantae,Tracheophyta,Liliopsida,Poales,Poaceae,Alopecurus
6319,Alopecurus pratensis,Plants,Plantae,Tracheophyta,Liliopsida,Poales,Poaceae,Alopecurus
6320,Ammophila arenaria,Plants,Plantae,Tracheophyta,Liliopsida,Poales,Poaceae,Ammophila
6321,Ammophila breviligulata,Plants,Plantae,Tracheophyta,Liliopsida,Poales,Poaceae,Ammophila
6322,Andropogon gerardi,Plants,Plantae,Tracheophyta,Liliopsida,Poales,Poaceae,Andropogon
6323,Andropogon glomeratus,Plants,Plantae,Tracheophyta,Liliopsida,Poales,Poaceae,Andropogon
6324,Andropogon ternarius,Plants,Plantae,Tracheophyta,Liliopsida,Poales,Poaceae,Andropogon
6325,Andropogon virginicus,Plants,Plantae,Tracheophyta,Liliopsida,Poales,Poaceae,Andropogon
6326,Anthoxanthum odoratum,Plants,Plantae,Tracheophyta,Liliopsida,Poales,Poaceae,Anthoxanthum
6327,Aristida purpurea,Plants,Plantae,Tracheophyta,Liliopsida,Poales,Poaceae,Aristida
6328,Arrhenatherum elatius,Plants,Plantae,Tracheophyta,Liliopsida,Poales,Poaceae,Arrhenatherum
6329,Arundinaria gigantea,Plants,Plantae,Tracheophyta,Liliopsida,Poales,Poaceae,Arundinaria
6330,Arundo donax,Plants,Plantae,Tracheophyta,Liliopsida,Poales,Poaceae,Arundo
6331,Austroderia richardii,Plants,Plantae,Tracheophyta,Liliopsida,Poales,Poaceae,Austroderia
6332,Avena barbata,Plants,Plantae,Tracheophyta,Liliopsida,Poales,Poaceae,Avena
6333,Avena fatua,Plants,Plantae,Tracheophyta,Liliopsida,Poales,Poaceae,Avena
6334,Bothriochloa ischaemum,Plants,Plantae,Tracheophyta,Liliopsida,Poales,Poaceae,Bothriochloa
6335,Bothriochloa laguroides,Plants,Plantae,Tracheophyta,Liliopsida,Poales,Poaceae,Bothriochloa
6336,Bouteloua curtipendula,Plants,Plantae,Tracheophyta,Liliopsida,Poales,Poaceae,Bouteloua
6337,Bouteloua dactyloides,Plants,Plantae,Tracheophyta,Liliopsida,Poales,Poaceae,Bouteloua
6338,Bouteloua gracilis,Plants,Plantae,Tracheophyta,Liliopsida,Poales,Poaceae,Bouteloua
6339,Bouteloua hirsuta,Plants,Plantae,Tracheophyta,Liliopsida,Poales,Poaceae,Bouteloua
6340,Bouteloua rigidiseta,Plants,Plantae,Tracheophyta,Liliopsida,Poales,Poaceae,Bouteloua
6341,Briza maxima,Plants,Plantae,Tracheophyta,Liliopsida,Poales,Poaceae,Briza
6342,Briza media,Plants,Plantae,Tracheophyta,Liliopsida,Poales,Poaceae,Briza
6343,Briza minor,Plants,Plantae,Tracheophyta,Liliopsida,Poales,Poaceae,Briza
6344,Bromus catharticus,Plants,Plantae,Tracheophyta,Liliopsida,Poales,Poaceae,Bromus
6345,Bromus diandrus,Plants,Plantae,Tracheophyta,Liliopsida,Poales,Poaceae,Bromus
6346,Bromus hordeaceus,Plants,Plantae,Tracheophyta,Liliopsida,Poales,Poaceae,Bromus
6347,Bromus inermis,Plants,Plantae,Tracheophyta,Liliopsida,Poales,Poaceae,Bromus
6348,Bromus rubens,Plants,Plantae,Tracheophyta,Liliopsida,Poales,Poaceae,Bromus
6349,Bromus tectorum,Plants,Plantae,Tracheophyta,Liliopsida,Poales,Poaceae,Bromus
6350,Calamagrostis canadensis,Plants,Plantae,Tracheophyta,Liliopsida,Poales,Poaceae,Calamagrostis
6351,Calamagrostis epigejos,Plants,Plantae,Tracheophyta,Liliopsida,Poales,Poaceae,Calamagrostis
6352,Cenchrus ciliaris,Plants,Plantae,Tracheophyta,Liliopsida,Poales,Poaceae,Cenchrus
6353,Cenchrus setaceus,Plants,Plantae,Tracheophyta,Liliopsida,Poales,Poaceae,Cenchrus
6354,Chasmanthium latifolium,Plants,Plantae,Tracheophyta,Liliopsida,Poales,Poaceae,Chasmanthium
6355,Chloris barbata,Plants,Plantae,Tracheophyta,Liliopsida,Poales,Poaceae,Chloris
6356,Cortaderia jubata,Plants,Plantae,Tracheophyta,Liliopsida,Poales,Poaceae,Cortaderia
6357,Cortaderia selloana,Plants,Plantae,Tracheophyta,Liliopsida,Poales,Poaceae,Cortaderia
6358,Cynodon dactylon,Plants,Plantae,Tracheophyta,Liliopsida,Poales,Poaceae,Cynodon
6359,Cynosurus echinatus,Plants,Plantae,Tracheophyta,Liliopsida,Poales,Poaceae,Cynosurus
6360,Dactylis glomerata,Plants,Plantae,Tracheophyta,Liliopsida,Poales,Poaceae,Dactylis
6361,Dactyloctenium aegyptium,Plants,Plantae,Tracheophyta,Liliopsida,Poales,Poaceae,Dactyloctenium
6362,Danthonia spicata,Plants,Plantae,Tracheophyta,Liliopsida,Poales,Poaceae,Danthonia
6363,Dasyochloa pulchella,Plants,Plantae,Tracheophyta,Liliopsida,Poales,Poaceae,Dasyochloa
6364,Deschampsia cespitosa,Plants,Plantae,Tracheophyta,Liliopsida,Poales,Poaceae,Deschampsia
6365,Dichanthelium clandestinum,Plants,Plantae,Tracheophyta,Liliopsida,Poales,Poaceae,Dichanthelium
6366,Digitaria sanguinalis,Plants,Plantae,Tracheophyta,Liliopsida,Poales,Poaceae,Digitaria
6367,Distichlis spicata,Plants,Plantae,Tracheophyta,Liliopsida,Poales,Poaceae,Distichlis
6368,Echinochloa crus-galli,Plants,Plantae,Tracheophyta,Liliopsida,Poales,Poaceae,Echinochloa
6369,Ehrharta erecta,Plants,Plantae,Tracheophyta,Liliopsida,Poales,Poaceae,Ehrharta
6370,Eleusine indica,Plants,Plantae,Tracheophyta,Liliopsida,Poales,Poaceae,Eleusine
6371,Elymus canadensis,Plants,Plantae,Tracheophyta,Liliopsida,Poales,Poaceae,Elymus
6372,Elymus elymoides,Plants,Plantae,Tracheophyta,Liliopsida,Poales,Poaceae,Elymus
6373,Elymus hystrix,Plants,Plantae,Tracheophyta,Liliopsida,Poales,Poaceae,Elymus
6374,Elymus repens,Plants,Plantae,Tracheophyta,Liliopsida,Poales,Poaceae,Elymus
6375,Elymus virginicus,Plants,Plantae,Tracheophyta,Liliopsida,Poales,Poaceae,Elymus
6376,Glyceria canadensis,Plants,Plantae,Tracheophyta,Liliopsida,Poales,Poaceae,Glyceria
6377,Glyceria maxima,Plants,Plantae,Tracheophyta,Liliopsida,Poales,Poaceae,Glyceria
6378,Glyceria striata,Plants,Plantae,Tracheophyta,Liliopsida,Poales,Poaceae,Glyceria
6379,Hilaria rigida,Plants,Plantae,Tracheophyta,Liliopsida,Poales,Poaceae,Hilaria
6380,Holcus lanatus,Plants,Plantae,Tracheophyta,Liliopsida,Poales,Poaceae,Holcus
6381,Hordeum jubatum,Plants,Plantae,Tracheophyta,Liliopsida,Poales,Poaceae,Hordeum
6382,Hordeum murinum,Plants,Plantae,Tracheophyta,Liliopsida,Poales,Poaceae,Hordeum
6383,Hordeum pusillum,Plants,Plantae,Tracheophyta,Liliopsida,Poales,Poaceae,Hordeum
6384,Imperata cylindrica,Plants,Plantae,Tracheophyta,Liliopsida,Poales,Poaceae,Imperata
6385,Koeleria macrantha,Plants,Plantae,Tracheophyta,Liliopsida,Poales,Poaceae,Koeleria
6386,Lagurus ovatus,Plants,Plantae,Tracheophyta,Liliopsida,Poales,Poaceae,Lagurus
6387,Lamarckia aurea,Plants,Plantae,Tracheophyta,Liliopsida,Poales,Poaceae,Lamarckia
6388,Leersia oryzoides,Plants,Plantae,Tracheophyta,Liliopsida,Poales,Poaceae,Leersia
6389,Leymus condensatus,Plants,Plantae,Tracheophyta,Liliopsida,Poales,Poaceae,Leymus
6390,Leymus mollis,Plants,Plantae,Tracheophyta,Liliopsida,Poales,Poaceae,Leymus
6391,Lolium arundinaceum,Plants,Plantae,Tracheophyta,Liliopsida,Poales,Poaceae,Lolium
6392,Lolium perenne,Plants,Plantae,Tracheophyta,Liliopsida,Poales,Poaceae,Lolium
6393,Lolium pratense,Plants,Plantae,Tracheophyta,Liliopsida,Poales,Poaceae,Lolium
6394,Melica nutans,Plants,Plantae,Tracheophyta,Liliopsida,Poales,Poaceae,Melica
6395,Melinis repens,Plants,Plantae,Tracheophyta,Liliopsida,Poales,Poaceae,Melinis
6396,Microstegium vimineum,Plants,Plantae,Tracheophyta,Liliopsida,Poales,Poaceae,Microstegium
6397,Milium effusum,Plants,Plantae,Tracheophyta,Liliopsida,Poales,Poaceae,Milium
6398,Miscanthus sinensis,Plants,Plantae,Tracheophyta,Liliopsida,Poales,Poaceae,Miscanthus
6399,Muhlenbergia rigens,Plants,Plantae,Tracheophyta,Liliopsida,Poales,Poaceae,Muhlenbergia
6400,Nassella leucotricha,Plants,Plantae,Tracheophyta,Liliopsida,Poales,Poaceae,Nassella
6401,Nassella pulchra,Plants,Plantae,Tracheophyta,Liliopsida,Poales,Poaceae,Nassella
6402,Oplismenus hirtellus,Plants,Plantae,Tracheophyta,Liliopsida,Poales,Poaceae,Oplismenus
6403,Oryzopsis asperifolia,Plants,Plantae,Tracheophyta,Liliopsida,Poales,Poaceae,Oryzopsis
6404,Panicum capillare,Plants,Plantae,Tracheophyta,Liliopsida,Poales,Poaceae,Panicum
6405,Panicum maximum,Plants,Plantae,Tracheophyta,Liliopsida,Poales,Poaceae,Panicum
6406,Panicum virgatum,Plants,Plantae,Tracheophyta,Liliopsida,Poales,Poaceae,Panicum
6407,Paspalum dilatatum,Plants,Plantae,Tracheophyta,Liliopsida,Poales,Poaceae,Paspalum
6408,Paspalum notatum,Plants,Plantae,Tracheophyta,Liliopsida,Poales,Poaceae,Paspalum
6409,Paspalum urvillei,Plants,Plantae,Tracheophyta,Liliopsida,Poales,Poaceae,Paspalum
6410,Pennisetum clandestinum,Plants,Plantae,Tracheophyta,Liliopsida,Poales,Poaceae,Pennisetum
6411,Phalaris aquatica,Plants,Plantae,Tracheophyta,Liliopsida,Poales,Poaceae,Phalaris
6412,Phalaris arundinacea,Plants,Plantae,Tracheophyta,Liliopsida,Poales,Poaceae,Phalaris
6413,Phleum alpinum,Plants,Plantae,Tracheophyta,Liliopsida,Poales,Poaceae,Phleum
6414,Phleum pratense,Plants,Plantae,Tracheophyta,Liliopsida,Poales,Poaceae,Phleum
6415,Phragmites australis,Plants,Plantae,Tracheophyta,Liliopsida,Poales,Poaceae,Phragmites
6416,Poa annua,Plants,Plantae,Tracheophyta,Liliopsida,Poales,Poaceae,Poa
6417,Poa bulbosa,Plants,Plantae,Tracheophyta,Liliopsida,Poales,Poaceae,Poa
6418,Poa pratensis,Plants,Plantae,Tracheophyta,Liliopsida,Poales,Poaceae,Poa
6419,Polypogon monspeliensis,Plants,Plantae,Tracheophyta,Liliopsida,Poales,Poaceae,Polypogon
6420,Schizachyrium scoparium,Plants,Plantae,Tracheophyta,Liliopsida,Poales,Poaceae,Schizachyrium
6421,Setaria faberi,Plants,Plantae,Tracheophyta,Liliopsida,Poales,Poaceae,Setaria
6422,Setaria palmifolia,Plants,Plantae,Tracheophyta,Liliopsida,Poales,Poaceae,Setaria
6423,Setaria parviflora,Plants,Plantae,Tracheophyta,Liliopsida,Poales,Poaceae,Setaria
6424,Setaria pumila,Plants,Plantae,Tracheophyta,Liliopsida,Poales,Poaceae,Setaria
6425,Setaria viridis,Plants,Plantae,Tracheophyta,Liliopsida,Poales,Poaceae,Setaria
6426,Sorghastrum nutans,Plants,Plantae,Tracheophyta,Liliopsida,Poales,Poaceae,Sorghastrum
6427,Sorghum halepense,Plants,Plantae,Tracheophyta,Liliopsida,Poales,Poaceae,Sorghum
6428,Spinifex sericeus,Plants,Plantae,Tracheophyta,Liliopsida,Poales,Poaceae,Spinifex
6429,Sporobolus alterniflorus,Plants,Plantae,Tracheophyta,Liliopsida,Poales,Poaceae,Sporobolus
6430,Sporobolus michauxianus,Plants,Plantae,Tracheophyta,Liliopsida,Poales,Poaceae,Sporobolus
6431,Stenotaphrum secundatum,Plants,Plantae,Tracheophyta,Liliopsida,Poales,Poaceae,Stenotaphrum
6432,Stipa pennata,Plants,Plantae,Tracheophyta,Liliopsida,Poales,Poaceae,Stipa
6433,Themeda triandra,Plants,Plantae,Tracheophyta,Liliopsida,Poales,Poaceae,Themeda
6434,Tridens albescens,Plants,Plantae,Tracheophyta,Liliopsida,Poales,Poaceae,Tridens
6435,Tridens flavus,Plants,Plantae,Tracheophyta,Liliopsida,Poales,Poaceae,Tridens
6436,Tripsacum dactyloides,Plants,Plantae,Tracheophyta,Liliopsida,Poales,Poaceae,Tripsacum
6437,Triticum aestivum,Plants,Plantae,Tracheophyta,Liliopsida,Poales,Poaceae,Triticum
6438,Uniola paniculata,Plants,Plantae,Tracheophyta,Liliopsida,Poales,Poaceae,Uniola
6439,Apodasmia similis,Plants,Plantae,Tracheophyta,Liliopsida,Poales,Restionaceae,Apodasmia
6440,Sparganium emersum,Plants,Plantae,Tracheophyta,Liliopsida,Poales,Typhaceae,Sparganium
6441,Sparganium erectum,Plants,Plantae,Tracheophyta,Liliopsida,Poales,Typhaceae,Sparganium
6442,Sparganium eurycarpum,Plants,Plantae,Tracheophyta,Liliopsida,Poales,Typhaceae,Sparganium
6443,Typha angustifolia,Plants,Plantae,Tracheophyta,Liliopsida,Poales,Typhaceae,Typha
6444,Typha domingensis,Plants,Plantae,Tracheophyta,Liliopsida,Poales,Typhaceae,Typha
6445,Typha latifolia,Plants,Plantae,Tracheophyta,Liliopsida,Poales,Typhaceae,Typha
6446,Typha orientalis,Plants,Plantae,Tracheophyta,Liliopsida,Poales,Typhaceae,Typha
6447,Canna indica,Plants,Plantae,Tracheophyta,Liliopsida,Zingiberales,Cannaceae,Canna
6448,Hellenia speciosa,Plants,Plantae,Tracheophyta,Liliopsida,Zingiberales,Costaceae,Hellenia
6449,Heliconia latispatha,Plants,Plantae,Tracheophyta,Liliopsida,Zingiberales,Heliconiaceae,Heliconia
6450,Heliconia psittacorum,Plants,Plantae,Tracheophyta,Liliopsida,Zingiberales,Heliconiaceae,Heliconia
6451,Heliconia rostrata,Plants,Plantae,Tracheophyta,Liliopsida,Zingiberales,Heliconiaceae,Heliconia
6452,Thalia geniculata,Plants,Plantae,Tracheophyta,Liliopsida,Zingiberales,Marantaceae,Thalia
6453,Musa acuminata,Plants,Plantae,Tracheophyta,Liliopsida,Zingiberales,Musaceae,Musa
6454,Alpinia purpurata,Plants,Plantae,Tracheophyta,Liliopsida,Zingiberales,Zingiberaceae,Alpinia
6455,Alpinia zerumbet,Plants,Plantae,Tracheophyta,Liliopsida,Zingiberales,Zingiberaceae,Alpinia
6456,Etlingera elatior,Plants,Plantae,Tracheophyta,Liliopsida,Zingiberales,Zingiberaceae,Etlingera
6457,Hedychium coronarium,Plants,Plantae,Tracheophyta,Liliopsida,Zingiberales,Zingiberaceae,Hedychium
6458,Hedychium gardnerianum,Plants,Plantae,Tracheophyta,Liliopsida,Zingiberales,Zingiberaceae,Hedychium
6459,Dendrolycopodium dendroideum,Plants,Plantae,Tracheophyta,Lycopodiopsida,Lycopodiales,Lycopodiaceae,Dendrolycopodium
6460,Dendrolycopodium hickeyi,Plants,Plantae,Tracheophyta,Lycopodiopsida,Lycopodiales,Lycopodiaceae,Dendrolycopodium
6461,Dendrolycopodium obscurum,Plants,Plantae,Tracheophyta,Lycopodiopsida,Lycopodiales,Lycopodiaceae,Dendrolycopodium
6462,Diphasiastrum complanatum,Plants,Plantae,Tracheophyta,Lycopodiopsida,Lycopodiales,Lycopodiaceae,Diphasiastrum
6463,Diphasiastrum digitatum,Plants,Plantae,Tracheophyta,Lycopodiopsida,Lycopodiales,Lycopodiaceae,Diphasiastrum
6464,Huperzia lucidula,Plants,Plantae,Tracheophyta,Lycopodiopsida,Lycopodiales,Lycopodiaceae,Huperzia
6465,Huperzia selago,Plants,Plantae,Tracheophyta,Lycopodiopsida,Lycopodiales,Lycopodiaceae,Huperzia
6466,Lycopodiella cernua,Plants,Plantae,Tracheophyta,Lycopodiopsida,Lycopodiales,Lycopodiaceae,Lycopodiella
6467,Lycopodiella inundata,Plants,Plantae,Tracheophyta,Lycopodiopsida,Lycopodiales,Lycopodiaceae,Lycopodiella
6468,Lycopodium clavatum,Plants,Plantae,Tracheophyta,Lycopodiopsida,Lycopodiales,Lycopodiaceae,Lycopodium
6469,Lycopodium deuterodensum,Plants,Plantae,Tracheophyta,Lycopodiopsida,Lycopodiales,Lycopodiaceae,Lycopodium
6470,Lycopodium fastigiatum,Plants,Plantae,Tracheophyta,Lycopodiopsida,Lycopodiales,Lycopodiaceae,Lycopodium
6471,Lycopodium scariosum,Plants,Plantae,Tracheophyta,Lycopodiopsida,Lycopodiales,Lycopodiaceae,Lycopodium
6472,Lycopodium volubile,Plants,Plantae,Tracheophyta,Lycopodiopsida,Lycopodiales,Lycopodiaceae,Lycopodium
6473,Phlegmariurus varius,Plants,Plantae,Tracheophyta,Lycopodiopsida,Lycopodiales,Lycopodiaceae,Phlegmariurus
6474,Spinulum annotinum,Plants,Plantae,Tracheophyta,Lycopodiopsida,Lycopodiales,Lycopodiaceae,Spinulum
6475,Selaginella bigelovii,Plants,Plantae,Tracheophyta,Lycopodiopsida,Selaginellales,Selaginellaceae,Selaginella
6476,Selaginella kraussiana,Plants,Plantae,Tracheophyta,Lycopodiopsida,Selaginellales,Selaginellaceae,Selaginella
6477,Selaginella lepidophylla,Plants,Plantae,Tracheophyta,Lycopodiopsida,Selaginellales,Selaginellaceae,Selaginella
6478,Selaginella rupestris,Plants,Plantae,Tracheophyta,Lycopodiopsida,Selaginellales,Selaginellaceae,Selaginella
6479,Aegopodium podagraria,Plants,Plantae,Tracheophyta,Magnoliopsida,Apiales,Apiaceae,Aegopodium
6480,Angelica archangelica,Plants,Plantae,Tracheophyta,Magnoliopsida,Apiales,Apiaceae,Angelica
6481,Angelica atropurpurea,Plants,Plantae,Tracheophyta,Magnoliopsida,Apiales,Apiaceae,Angelica
6482,Angelica capitellata,Plants,Plantae,Tracheophyta,Magnoliopsida,Apiales,Apiaceae,Angelica
6483,Angelica sylvestris,Plants,Plantae,Tracheophyta,Magnoliopsida,Apiales,Apiaceae,Angelica
6484,Anthriscus caucalis,Plants,Plantae,Tracheophyta,Magnoliopsida,Apiales,Apiaceae,Anthriscus
6485,Anthriscus sylvestris,Plants,Plantae,Tracheophyta,Magnoliopsida,Apiales,Apiaceae,Anthriscus
6486,Apium prostratum,Plants,Plantae,Tracheophyta,Magnoliopsida,Apiales,Apiaceae,Apium
6487,Astrantia major,Plants,Plantae,Tracheophyta,Magnoliopsida,Apiales,Apiaceae,Astrantia
6488,Bifora americana,Plants,Plantae,Tracheophyta,Magnoliopsida,Apiales,Apiaceae,Bifora
6489,Bowlesia incana,Plants,Plantae,Tracheophyta,Magnoliopsida,Apiales,Apiaceae,Bowlesia
6490,Carum carvi,Plants,Plantae,Tracheophyta,Magnoliopsida,Apiales,Apiaceae,Carum
6491,Centella asiatica,Plants,Plantae,Tracheophyta,Magnoliopsida,Apiales,Apiaceae,Centella
6492,Chaerophyllum aromaticum,Plants,Plantae,Tracheophyta,Magnoliopsida,Apiales,Apiaceae,Chaerophyllum
6493,Chaerophyllum tainturieri,Plants,Plantae,Tracheophyta,Magnoliopsida,Apiales,Apiaceae,Chaerophyllum
6494,Cicuta bulbifera,Plants,Plantae,Tracheophyta,Magnoliopsida,Apiales,Apiaceae,Cicuta
6495,Cicuta maculata,Plants,Plantae,Tracheophyta,Magnoliopsida,Apiales,Apiaceae,Cicuta
6496,Cicuta virosa,Plants,Plantae,Tracheophyta,Magnoliopsida,Apiales,Apiaceae,Cicuta
6497,Conium maculatum,Plants,Plantae,Tracheophyta,Magnoliopsida,Apiales,Apiaceae,Conium
6498,Crithmum maritimum,Plants,Plantae,Tracheophyta,Magnoliopsida,Apiales,Apiaceae,Crithmum
6499,Cryptotaenia canadensis,Plants,Plantae,Tracheophyta,Magnoliopsida,Apiales,Apiaceae,Cryptotaenia
6500,Cyclospermum leptophyllum,Plants,Plantae,Tracheophyta,Magnoliopsida,Apiales,Apiaceae,Cyclospermum
6501,Daucus carota,Plants,Plantae,Tracheophyta,Magnoliopsida,Apiales,Apiaceae,Daucus
6502,Daucus pusillus,Plants,Plantae,Tracheophyta,Magnoliopsida,Apiales,Apiaceae,Daucus
6503,Erigenia bulbosa,Plants,Plantae,Tracheophyta,Magnoliopsida,Apiales,Apiaceae,Erigenia
6504,Eryngium campestre,Plants,Plantae,Tracheophyta,Magnoliopsida,Apiales,Apiaceae,Eryngium
6505,Eryngium hookeri,Plants,Plantae,Tracheophyta,Magnoliopsida,Apiales,Apiaceae,Eryngium
6506,Eryngium leavenworthii,Plants,Plantae,Tracheophyta,Magnoliopsida,Apiales,Apiaceae,Eryngium
6507,Eryngium maritimum,Plants,Plantae,Tracheophyta,Magnoliopsida,Apiales,Apiaceae,Eryngium
6508,Eryngium planum,Plants,Plantae,Tracheophyta,Magnoliopsida,Apiales,Apiaceae,Eryngium
6509,Eryngium yuccifolium,Plants,Plantae,Tracheophyta,Magnoliopsida,Apiales,Apiaceae,Eryngium
6510,Falcaria vulgaris,Plants,Plantae,Tracheophyta,Magnoliopsida,Apiales,Apiaceae,Falcaria
6511,Ferula communis,Plants,Plantae,Tracheophyta,Magnoliopsida,Apiales,Apiaceae,Ferula
6512,Foeniculum vulgare,Plants,Plantae,Tracheophyta,Magnoliopsida,Apiales,Apiaceae,Foeniculum
6513,Heracleum mantegazzianum,Plants,Plantae,Tracheophyta,Magnoliopsida,Apiales,Apiaceae,Heracleum
6514,Heracleum maximum,Plants,Plantae,Tracheophyta,Magnoliopsida,Apiales,Apiaceae,Heracleum
6515,Heracleum sosnowskyi,Plants,Plantae,Tracheophyta,Magnoliopsida,Apiales,Apiaceae,Heracleum
6516,Heracleum sphondylium,Plants,Plantae,Tracheophyta,Magnoliopsida,Apiales,Apiaceae,Heracleum
6517,Ligusticum scoticum,Plants,Plantae,Tracheophyta,Magnoliopsida,Apiales,Apiaceae,Ligusticum
6518,Lomatium dissectum,Plants,Plantae,Tracheophyta,Magnoliopsida,Apiales,Apiaceae,Lomatium
6519,Lomatium triternatum,Plants,Plantae,Tracheophyta,Magnoliopsida,Apiales,Apiaceae,Lomatium
6520,Lomatium utriculatum,Plants,Plantae,Tracheophyta,Magnoliopsida,Apiales,Apiaceae,Lomatium
6521,Oenanthe aquatica,Plants,Plantae,Tracheophyta,Magnoliopsida,Apiales,Apiaceae,Oenanthe
6522,Oenanthe sarmentosa,Plants,Plantae,Tracheophyta,Magnoliopsida,Apiales,Apiaceae,Oenanthe
6523,Osmorhiza berteroi,Plants,Plantae,Tracheophyta,Magnoliopsida,Apiales,Apiaceae,Osmorhiza
6524,Osmorhiza claytonii,Plants,Plantae,Tracheophyta,Magnoliopsida,Apiales,Apiaceae,Osmorhiza
6525,Osmorhiza longistylis,Plants,Plantae,Tracheophyta,Magnoliopsida,Apiales,Apiaceae,Osmorhiza
6526,Oxypolis rigidior,Plants,Plantae,Tracheophyta,Magnoliopsida,Apiales,Apiaceae,Oxypolis
6527,Pastinaca sativa,Plants,Plantae,Tracheophyta,Magnoliopsida,Apiales,Apiaceae,Pastinaca
6528,Pimpinella saxifraga,Plants,Plantae,Tracheophyta,Magnoliopsida,Apiales,Apiaceae,Pimpinella
6529,Polytaenia texana,Plants,Plantae,Tracheophyta,Magnoliopsida,Apiales,Apiaceae,Polytaenia
6530,Pseudocymopterus montanus,Plants,Plantae,Tracheophyta,Magnoliopsida,Apiales,Apiaceae,Pseudocymopterus
6531,Sanicula arctopoides,Plants,Plantae,Tracheophyta,Magnoliopsida,Apiales,Apiaceae,Sanicula
6532,Sanicula bipinnatifida,Plants,Plantae,Tracheophyta,Magnoliopsida,Apiales,Apiaceae,Sanicula
6533,Sanicula canadensis,Plants,Plantae,Tracheophyta,Magnoliopsida,Apiales,Apiaceae,Sanicula
6534,Sanicula crassicaulis,Plants,Plantae,Tracheophyta,Magnoliopsida,Apiales,Apiaceae,Sanicula
6535,Sanicula europaea,Plants,Plantae,Tracheophyta,Magnoliopsida,Apiales,Apiaceae,Sanicula
6536,Sanicula odorata,Plants,Plantae,Tracheophyta,Magnoliopsida,Apiales,Apiaceae,Sanicula
6537,Scandix pecten-veneris,Plants,Plantae,Tracheophyta,Magnoliopsida,Apiales,Apiaceae,Scandix
6538,Seseli libanotis,Plants,Plantae,Tracheophyta,Magnoliopsida,Apiales,Apiaceae,Seseli
6539,Sium suave,Plants,Plantae,Tracheophyta,Magnoliopsida,Apiales,Apiaceae,Sium
6540,Smyrnium olusatrum,Plants,Plantae,Tracheophyta,Magnoliopsida,Apiales,Apiaceae,Smyrnium
6541,Taenidia integerrima,Plants,Plantae,Tracheophyta,Magnoliopsida,Apiales,Apiaceae,Taenidia
6542,Torilis arvensis,Plants,Plantae,Tracheophyta,Magnoliopsida,Apiales,Apiaceae,Torilis
6543,Torilis japonica,Plants,Plantae,Tracheophyta,Magnoliopsida,Apiales,Apiaceae,Torilis
6544,Torilis nodosa,Plants,Plantae,Tracheophyta,Magnoliopsida,Apiales,Apiaceae,Torilis
6545,Zizia aptera,Plants,Plantae,Tracheophyta,Magnoliopsida,Apiales,Apiaceae,Zizia
6546,Zizia aurea,Plants,Plantae,Tracheophyta,Magnoliopsida,Apiales,Apiaceae,Zizia
6547,Aralia californica,Plants,Plantae,Tracheophyta,Magnoliopsida,Apiales,Araliaceae,Aralia
6548,Aralia elata,Plants,Plantae,Tracheophyta,Magnoliopsida,Apiales,Araliaceae,Aralia
6549,Aralia hispida,Plants,Plantae,Tracheophyta,Magnoliopsida,Apiales,Araliaceae,Aralia
6550,Aralia nudicaulis,Plants,Plantae,Tracheophyta,Magnoliopsida,Apiales,Araliaceae,Aralia
6551,Aralia racemosa,Plants,Plantae,Tracheophyta,Magnoliopsida,Apiales,Araliaceae,Aralia
6552,Aralia spinosa,Plants,Plantae,Tracheophyta,Magnoliopsida,Apiales,Araliaceae,Aralia
6553,Cussonia spicata,Plants,Plantae,Tracheophyta,Magnoliopsida,Apiales,Araliaceae,Cussonia
6554,Fatsia japonica,Plants,Plantae,Tracheophyta,Magnoliopsida,Apiales,Araliaceae,Fatsia
6555,Hedera helix,Plants,Plantae,Tracheophyta,Magnoliopsida,Apiales,Araliaceae,Hedera
6556,Hydrocotyle bonariensis,Plants,Plantae,Tracheophyta,Magnoliopsida,Apiales,Araliaceae,Hydrocotyle
6557,Hydrocotyle moschata,Plants,Plantae,Tracheophyta,Magnoliopsida,Apiales,Araliaceae,Hydrocotyle
6558,Hydrocotyle ranunculoides,Plants,Plantae,Tracheophyta,Magnoliopsida,Apiales,Araliaceae,Hydrocotyle
6559,Hydrocotyle umbellata,Plants,Plantae,Tracheophyta,Magnoliopsida,Apiales,Araliaceae,Hydrocotyle
6560,Oplopanax horridus,Plants,Plantae,Tracheophyta,Magnoliopsida,Apiales,Araliaceae,Oplopanax
6561,Panax quinquefolius,Plants,Plantae,Tracheophyta,Magnoliopsida,Apiales,Araliaceae,Panax
6562,Panax trifolius,Plants,Plantae,Tracheophyta,Magnoliopsida,Apiales,Araliaceae,Panax
6563,Pseudopanax arboreus,Plants,Plantae,Tracheophyta,Magnoliopsida,Apiales,Araliaceae,Pseudopanax
6564,Pseudopanax colensoi,Plants,Plantae,Tracheophyta,Magnoliopsida,Apiales,Araliaceae,Pseudopanax
6565,Pseudopanax crassifolius,Plants,Plantae,Tracheophyta,Magnoliopsida,Apiales,Araliaceae,Pseudopanax
6566,Pseudopanax lessonii,Plants,Plantae,Tracheophyta,Magnoliopsida,Apiales,Araliaceae,Pseudopanax
6567,Raukaua simplex,Plants,Plantae,Tracheophyta,Magnoliopsida,Apiales,Araliaceae,Raukaua
6568,Schefflera actinophylla,Plants,Plantae,Tracheophyta,Magnoliopsida,Apiales,Araliaceae,Schefflera
6569,Schefflera arboricola,Plants,Plantae,Tracheophyta,Magnoliopsida,Apiales,Araliaceae,Schefflera
6570,Schefflera digitata,Plants,Plantae,Tracheophyta,Magnoliopsida,Apiales,Araliaceae,Schefflera
6571,Schefflera heptaphylla,Plants,Plantae,Tracheophyta,Magnoliopsida,Apiales,Araliaceae,Schefflera
6572,Griselinia littoralis,Plants,Plantae,Tracheophyta,Magnoliopsida,Apiales,Griseliniaceae,Griselinia
6573,Pennantia corymbosa,Plants,Plantae,Tracheophyta,Magnoliopsida,Apiales,Pennantiaceae,Pennantia
6574,Bursaria spinosa,Plants,Plantae,Tracheophyta,Magnoliopsida,Apiales,Pittosporaceae,Bursaria
6575,Pittosporum crassifolium,Plants,Plantae,Tracheophyta,Magnoliopsida,Apiales,Pittosporaceae,Pittosporum
6576,Pittosporum eugenioides,Plants,Plantae,Tracheophyta,Magnoliopsida,Apiales,Pittosporaceae,Pittosporum
6577,Pittosporum tenuifolium,Plants,Plantae,Tracheophyta,Magnoliopsida,Apiales,Pittosporaceae,Pittosporum
6578,Pittosporum undulatum,Plants,Plantae,Tracheophyta,Magnoliopsida,Apiales,Pittosporaceae,Pittosporum
6579,Ilex aquifolium,Plants,Plantae,Tracheophyta,Magnoliopsida,Aquifoliales,Aquifoliaceae,Ilex
6580,Ilex cassine,Plants,Plantae,Tracheophyta,Magnoliopsida,Aquifoliales,Aquifoliaceae,Ilex
6581,Ilex cornuta,Plants,Plantae,Tracheophyta,Magnoliopsida,Aquifoliales,Aquifoliaceae,Ilex
6582,Ilex decidua,Plants,Plantae,Tracheophyta,Magnoliopsida,Aquifoliales,Aquifoliaceae,Ilex
6583,Ilex glabra,Plants,Plantae,Tracheophyta,Magnoliopsida,Aquifoliales,Aquifoliaceae,Ilex
6584,Ilex mucronata,Plants,Plantae,Tracheophyta,Magnoliopsida,Aquifoliales,Aquifoliaceae,Ilex
6585,Ilex opaca,Plants,Plantae,Tracheophyta,Magnoliopsida,Aquifoliales,Aquifoliaceae,Ilex
6586,Ilex verticillata,Plants,Plantae,Tracheophyta,Magnoliopsida,Aquifoliales,Aquifoliaceae,Ilex
6587,Ilex vomitoria,Plants,Plantae,Tracheophyta,Magnoliopsida,Aquifoliales,Aquifoliaceae,Ilex
6588,Alseuosmia macrophylla,Plants,Plantae,Tracheophyta,Magnoliopsida,Asterales,Alseuosmiaceae,Alseuosmia
6589,Corokia cotoneaster,Plants,Plantae,Tracheophyta,Magnoliopsida,Asterales,Argophyllaceae,Corokia
6590,Achillea millefolium,Plants,Plantae,Tracheophyta,Magnoliopsida,Asterales,Asteraceae,Achillea
6591,Achillea ptarmica,Plants,Plantae,Tracheophyta,Magnoliopsida,Asterales,Asteraceae,Achillea
6592,Achyrachaena mollis,Plants,Plantae,Tracheophyta,Magnoliopsida,Asterales,Asteraceae,Achyrachaena
6593,Acmella repens,Plants,Plantae,Tracheophyta,Magnoliopsida,Asterales,Asteraceae,Acmella
6594,Acourtia microcephala,Plants,Plantae,Tracheophyta,Magnoliopsida,Asterales,Asteraceae,Acourtia
6595,Adenocaulon bicolor,Plants,Plantae,Tracheophyta,Magnoliopsida,Asterales,Asteraceae,Adenocaulon
6596,Adenophyllum porophylloides,Plants,Plantae,Tracheophyta,Magnoliopsida,Asterales,Asteraceae,Adenophyllum
6597,Ageratina adenophora,Plants,Plantae,Tracheophyta,Magnoliopsida,Asterales,Asteraceae,Ageratina
6598,Ageratina altissima,Plants,Plantae,Tracheophyta,Magnoliopsida,Asterales,Asteraceae,Ageratina
6599,Ageratina havanensis,Plants,Plantae,Tracheophyta,Magnoliopsida,Asterales,Asteraceae,Ageratina
6600,Ageratum conyzoides,Plants,Plantae,Tracheophyta,Magnoliopsida,Asterales,Asteraceae,Ageratum
6601,Ageratum houstonianum,Plants,Plantae,Tracheophyta,Magnoliopsida,Asterales,Asteraceae,Ageratum
6602,Agoseris aurantiaca,Plants,Plantae,Tracheophyta,Magnoliopsida,Asterales,Asteraceae,Agoseris
6603,Ambrosia ambrosioides,Plants,Plantae,Tracheophyta,Magnoliopsida,Asterales,Asteraceae,Ambrosia
6604,Ambrosia artemisiifolia,Plants,Plantae,Tracheophyta,Magnoliopsida,Asterales,Asteraceae,Ambrosia
6605,Ambrosia chamissonis,Plants,Plantae,Tracheophyta,Magnoliopsida,Asterales,Asteraceae,Ambrosia
6606,Ambrosia deltoidea,Plants,Plantae,Tracheophyta,Magnoliopsida,Asterales,Asteraceae,Ambrosia
6607,Ambrosia dumosa,Plants,Plantae,Tracheophyta,Magnoliopsida,Asterales,Asteraceae,Ambrosia
6608,Ambrosia psilostachya,Plants,Plantae,Tracheophyta,Magnoliopsida,Asterales,Asteraceae,Ambrosia
6609,Ambrosia salsola,Plants,Plantae,Tracheophyta,Magnoliopsida,Asterales,Asteraceae,Ambrosia
6610,Ambrosia trifida,Plants,Plantae,Tracheophyta,Magnoliopsida,Asterales,Asteraceae,Ambrosia
6611,Anaphalioides bellidioides,Plants,Plantae,Tracheophyta,Magnoliopsida,Asterales,Asteraceae,Anaphalioides
6612,Anaphalis margaritacea,Plants,Plantae,Tracheophyta,Magnoliopsida,Asterales,Asteraceae,Anaphalis
6613,Anisocarpus madioides,Plants,Plantae,Tracheophyta,Magnoliopsida,Asterales,Asteraceae,Anisocarpus
6614,Antennaria dioica,Plants,Plantae,Tracheophyta,Magnoliopsida,Asterales,Asteraceae,Antennaria
6615,Antennaria neglecta,Plants,Plantae,Tracheophyta,Magnoliopsida,Asterales,Asteraceae,Antennaria
6616,Antennaria rosea,Plants,Plantae,Tracheophyta,Magnoliopsida,Asterales,Asteraceae,Antennaria
6617,Anthemis cotula,Plants,Plantae,Tracheophyta,Magnoliopsida,Asterales,Asteraceae,Anthemis
6618,Arctium lappa,Plants,Plantae,Tracheophyta,Magnoliopsida,Asterales,Asteraceae,Arctium
6619,Arctium minus,Plants,Plantae,Tracheophyta,Magnoliopsida,Asterales,Asteraceae,Arctium
6620,Arctium tomentosum,Plants,Plantae,Tracheophyta,Magnoliopsida,Asterales,Asteraceae,Arctium
6621,Arctotheca calendula,Plants,Plantae,Tracheophyta,Magnoliopsida,Asterales,Asteraceae,Arctotheca
6622,Arctotheca prostrata,Plants,Plantae,Tracheophyta,Magnoliopsida,Asterales,Asteraceae,Arctotheca
6623,Arnica cordifolia,Plants,Plantae,Tracheophyta,Magnoliopsida,Asterales,Asteraceae,Arnica
6624,Arnica montana,Plants,Plantae,Tracheophyta,Magnoliopsida,Asterales,Asteraceae,Arnica
6625,Arnoglossum atriplicifolium,Plants,Plantae,Tracheophyta,Magnoliopsida,Asterales,Asteraceae,Arnoglossum
6626,Arnoglossum plantagineum,Plants,Plantae,Tracheophyta,Magnoliopsida,Asterales,Asteraceae,Arnoglossum
6627,Artemisia absinthium,Plants,Plantae,Tracheophyta,Magnoliopsida,Asterales,Asteraceae,Artemisia
6628,Artemisia annua,Plants,Plantae,Tracheophyta,Magnoliopsida,Asterales,Asteraceae,Artemisia
6629,Artemisia californica,Plants,Plantae,Tracheophyta,Magnoliopsida,Asterales,Asteraceae,Artemisia
6630,Artemisia campestris,Plants,Plantae,Tracheophyta,Magnoliopsida,Asterales,Asteraceae,Artemisia
6631,Artemisia douglasiana,Plants,Plantae,Tracheophyta,Magnoliopsida,Asterales,Asteraceae,Artemisia
6632,Artemisia dracunculus,Plants,Plantae,Tracheophyta,Magnoliopsida,Asterales,Asteraceae,Artemisia
6633,Artemisia filifolia,Plants,Plantae,Tracheophyta,Magnoliopsida,Asterales,Asteraceae,Artemisia
6634,Artemisia frigida,Plants,Plantae,Tracheophyta,Magnoliopsida,Asterales,Asteraceae,Artemisia
6635,Artemisia ludoviciana,Plants,Plantae,Tracheophyta,Magnoliopsida,Asterales,Asteraceae,Artemisia
6636,Artemisia pycnocephala,Plants,Plantae,Tracheophyta,Magnoliopsida,Asterales,Asteraceae,Artemisia
6637,Artemisia stelleriana,Plants,Plantae,Tracheophyta,Magnoliopsida,Asterales,Asteraceae,Artemisia
6638,Artemisia tridentata,Plants,Plantae,Tracheophyta,Magnoliopsida,Asterales,Asteraceae,Artemisia
6639,Artemisia vulgaris,Plants,Plantae,Tracheophyta,Magnoliopsida,Asterales,Asteraceae,Artemisia
6640,Aster alpinus,Plants,Plantae,Tracheophyta,Magnoliopsida,Asterales,Asteraceae,Aster
6641,Atrichoseris platyphylla,Plants,Plantae,Tracheophyta,Magnoliopsida,Asterales,Asteraceae,Atrichoseris
6642,Baccharis halimifolia,Plants,Plantae,Tracheophyta,Magnoliopsida,Asterales,Asteraceae,Baccharis
6643,Baccharis neglecta,Plants,Plantae,Tracheophyta,Magnoliopsida,Asterales,Asteraceae,Baccharis
6644,Baccharis pilularis,Plants,Plantae,Tracheophyta,Magnoliopsida,Asterales,Asteraceae,Baccharis
6645,Baccharis salicifolia,Plants,Plantae,Tracheophyta,Magnoliopsida,Asterales,Asteraceae,Baccharis
6646,Baccharis sarothroides,Plants,Plantae,Tracheophyta,Magnoliopsida,Asterales,Asteraceae,Baccharis
6647,Bahiopsis laciniata,Plants,Plantae,Tracheophyta,Magnoliopsida,Asterales,Asteraceae,Bahiopsis
6648,Bahiopsis parishii,Plants,Plantae,Tracheophyta,Magnoliopsida,Asterales,Asteraceae,Bahiopsis
6649,Baileya multiradiata,Plants,Plantae,Tracheophyta,Magnoliopsida,Asterales,Asteraceae,Baileya
6650,Balsamorhiza sagittata,Plants,Plantae,Tracheophyta,Magnoliopsida,Asterales,Asteraceae,Balsamorhiza
6651,Barkleyanthus salicifolius,Plants,Plantae,Tracheophyta,Magnoliopsida,Asterales,Asteraceae,Barkleyanthus
6652,Bebbia juncea,Plants,Plantae,Tracheophyta,Magnoliopsida,Asterales,Asteraceae,Bebbia
6653,Bellis perennis,Plants,Plantae,Tracheophyta,Magnoliopsida,Asterales,Asteraceae,Bellis
6654,Berlandiera lyrata,Plants,Plantae,Tracheophyta,Magnoliopsida,Asterales,Asteraceae,Berlandiera
6655,Bidens aristosa,Plants,Plantae,Tracheophyta,Magnoliopsida,Asterales,Asteraceae,Bidens
6656,Bidens bipinnata,Plants,Plantae,Tracheophyta,Magnoliopsida,Asterales,Asteraceae,Bidens
6657,Bidens cernua,Plants,Plantae,Tracheophyta,Magnoliopsida,Asterales,Asteraceae,Bidens
6658,Bidens frondosa,Plants,Plantae,Tracheophyta,Magnoliopsida,Asterales,Asteraceae,Bidens
6659,Bidens pilosa,Plants,Plantae,Tracheophyta,Magnoliopsida,Asterales,Asteraceae,Bidens
6660,Bidens tripartita,Plants,Plantae,Tracheophyta,Magnoliopsida,Asterales,Asteraceae,Bidens
6661,Borrichia frutescens,Plants,Plantae,Tracheophyta,Magnoliopsida,Asterales,Asteraceae,Borrichia
6662,Brachyglottis repanda,Plants,Plantae,Tracheophyta,Magnoliopsida,Asterales,Asteraceae,Brachyglottis
6663,Brickellia californica,Plants,Plantae,Tracheophyta,Magnoliopsida,Asterales,Asteraceae,Brickellia
6664,Brickellia eupatorioides,Plants,Plantae,Tracheophyta,Magnoliopsida,Asterales,Asteraceae,Brickellia
6665,Calendula arvensis,Plants,Plantae,Tracheophyta,Magnoliopsida,Asterales,Asteraceae,Calendula
6666,Calendula officinalis,Plants,Plantae,Tracheophyta,Magnoliopsida,Asterales,Asteraceae,Calendula
6667,Calycoseris wrightii,Plants,Plantae,Tracheophyta,Magnoliopsida,Asterales,Asteraceae,Calycoseris
6668,Calyptocarpus vialis,Plants,Plantae,Tracheophyta,Magnoliopsida,Asterales,Asteraceae,Calyptocarpus
6669,Carduus acanthoides,Plants,Plantae,Tracheophyta,Magnoliopsida,Asterales,Asteraceae,Carduus
6670,Carduus crispus,Plants,Plantae,Tracheophyta,Magnoliopsida,Asterales,Asteraceae,Carduus
6671,Carduus nutans,Plants,Plantae,Tracheophyta,Magnoliopsida,Asterales,Asteraceae,Carduus
6672,Carduus pycnocephalus,Plants,Plantae,Tracheophyta,Magnoliopsida,Asterales,Asteraceae,Carduus
6673,Carlina acaulis,Plants,Plantae,Tracheophyta,Magnoliopsida,Asterales,Asteraceae,Carlina
6674,Carlina biebersteinii,Plants,Plantae,Tracheophyta,Magnoliopsida,Asterales,Asteraceae,Carlina
6675,Carlina vulgaris,Plants,Plantae,Tracheophyta,Magnoliopsida,Asterales,Asteraceae,Carlina
6676,Celmisia spectabilis,Plants,Plantae,Tracheophyta,Magnoliopsida,Asterales,Asteraceae,Celmisia
6677,Centaurea calcitrapa,Plants,Plantae,Tracheophyta,Magnoliopsida,Asterales,Asteraceae,Centaurea
6678,Centaurea cyanus,Plants,Plantae,Tracheophyta,Magnoliopsida,Asterales,Asteraceae,Centaurea
6679,Centaurea jacea,Plants,Plantae,Tracheophyta,Magnoliopsida,Asterales,Asteraceae,Centaurea
6680,Centaurea melitensis,Plants,Plantae,Tracheophyta,Magnoliopsida,Asterales,Asteraceae,Centaurea
6681,Centaurea montana,Plants,Plantae,Tracheophyta,Magnoliopsida,Asterales,Asteraceae,Centaurea
6682,Centaurea nigra,Plants,Plantae,Tracheophyta,Magnoliopsida,Asterales,Asteraceae,Centaurea
6683,Centaurea phrygia,Plants,Plantae,Tracheophyta,Magnoliopsida,Asterales,Asteraceae,Centaurea
6684,Centaurea scabiosa,Plants,Plantae,Tracheophyta,Magnoliopsida,Asterales,Asteraceae,Centaurea
6685,Centaurea solstitialis,Plants,Plantae,Tracheophyta,Magnoliopsida,Asterales,Asteraceae,Centaurea
6686,Centaurea stoebe,Plants,Plantae,Tracheophyta,Magnoliopsida,Asterales,Asteraceae,Centaurea
6687,Chaenactis artemisiifolia,Plants,Plantae,Tracheophyta,Magnoliopsida,Asterales,Asteraceae,Chaenactis
6688,Chaenactis carphoclinia,Plants,Plantae,Tracheophyta,Magnoliopsida,Asterales,Asteraceae,Chaenactis
6689,Chaenactis douglasii,Plants,Plantae,Tracheophyta,Magnoliopsida,Asterales,Asteraceae,Chaenactis
6690,Chaenactis fremontii,Plants,Plantae,Tracheophyta,Magnoliopsida,Asterales,Asteraceae,Chaenactis
6691,Chaenactis glabriuscula,Plants,Plantae,Tracheophyta,Magnoliopsida,Asterales,Asteraceae,Chaenactis
6692,Chaenactis stevioides,Plants,Plantae,Tracheophyta,Magnoliopsida,Asterales,Asteraceae,Chaenactis
6693,Chaetopappa ericoides,Plants,Plantae,Tracheophyta,Magnoliopsida,Asterales,Asteraceae,Chaetopappa
6694,Chondrilla juncea,Plants,Plantae,Tracheophyta,Magnoliopsida,Asterales,Asteraceae,Chondrilla
6695,Chromolaena odorata,Plants,Plantae,Tracheophyta,Magnoliopsida,Asterales,Asteraceae,Chromolaena
6696,Chrysogonum virginianum,Plants,Plantae,Tracheophyta,Magnoliopsida,Asterales,Asteraceae,Chrysogonum
6697,Chrysothamnus viscidiflorus,Plants,Plantae,Tracheophyta,Magnoliopsida,Asterales,Asteraceae,Chrysothamnus
6698,Chuquiraga jussieui,Plants,Plantae,Tracheophyta,Magnoliopsida,Asterales,Asteraceae,Chuquiraga
6699,Cichorium intybus,Plants,Plantae,Tracheophyta,Magnoliopsida,Asterales,Asteraceae,Cichorium
6700,Cirsium acaule,Plants,Plantae,Tracheophyta,Magnoliopsida,Asterales,Asteraceae,Cirsium
6701,Cirsium altissimum,Plants,Plantae,Tracheophyta,Magnoliopsida,Asterales,Asteraceae,Cirsium
6702,Cirsium andersonii,Plants,Plantae,Tracheophyta,Magnoliopsida,Asterales,Asteraceae,Cirsium
6703,Cirsium arizonicum,Plants,Plantae,Tracheophyta,Magnoliopsida,Asterales,Asteraceae,Cirsium
6704,Cirsium arvense,Plants,Plantae,Tracheophyta,Magnoliopsida,Asterales,Asteraceae,Cirsium
6705,Cirsium discolor,Plants,Plantae,Tracheophyta,Magnoliopsida,Asterales,Asteraceae,Cirsium
6706,Cirsium eriophorum,Plants,Plantae,Tracheophyta,Magnoliopsida,Asterales,Asteraceae,Cirsium
6707,Cirsium heterophyllum,Plants,Plantae,Tracheophyta,Magnoliopsida,Asterales,Asteraceae,Cirsium
6708,Cirsium horridulum,Plants,Plantae,Tracheophyta,Magnoliopsida,Asterales,Asteraceae,Cirsium
6709,Cirsium muticum,Plants,Plantae,Tracheophyta,Magnoliopsida,Asterales,Asteraceae,Cirsium
6710,Cirsium neomexicanum,Plants,Plantae,Tracheophyta,Magnoliopsida,Asterales,Asteraceae,Cirsium
6711,Cirsium occidentale,Plants,Plantae,Tracheophyta,Magnoliopsida,Asterales,Asteraceae,Cirsium
6712,Cirsium oleraceum,Plants,Plantae,Tracheophyta,Magnoliopsida,Asterales,Asteraceae,Cirsium
6713,Cirsium palustre,Plants,Plantae,Tracheophyta,Magnoliopsida,Asterales,Asteraceae,Cirsium
6714,Cirsium pitcheri,Plants,Plantae,Tracheophyta,Magnoliopsida,Asterales,Asteraceae,Cirsium
6715,Cirsium scariosum,Plants,Plantae,Tracheophyta,Magnoliopsida,Asterales,Asteraceae,Cirsium
6716,Cirsium texanum,Plants,Plantae,Tracheophyta,Magnoliopsida,Asterales,Asteraceae,Cirsium
6717,Cirsium undulatum,Plants,Plantae,Tracheophyta,Magnoliopsida,Asterales,Asteraceae,Cirsium
6718,Cirsium vulgare,Plants,Plantae,Tracheophyta,Magnoliopsida,Asterales,Asteraceae,Cirsium
6719,Conoclinium coelestinum,Plants,Plantae,Tracheophyta,Magnoliopsida,Asterales,Asteraceae,Conoclinium
6720,Coreopsis basalis,Plants,Plantae,Tracheophyta,Magnoliopsida,Asterales,Asteraceae,Coreopsis
6721,Coreopsis lanceolata,Plants,Plantae,Tracheophyta,Magnoliopsida,Asterales,Asteraceae,Coreopsis
6722,Coreopsis major,Plants,Plantae,Tracheophyta,Magnoliopsida,Asterales,Asteraceae,Coreopsis
6723,Coreopsis palmata,Plants,Plantae,Tracheophyta,Magnoliopsida,Asterales,Asteraceae,Coreopsis
6724,Coreopsis tinctoria,Plants,Plantae,Tracheophyta,Magnoliopsida,Asterales,Asteraceae,Coreopsis
6725,Coreopsis tripteris,Plants,Plantae,Tracheophyta,Magnoliopsida,Asterales,Asteraceae,Coreopsis
6726,Corethrogyne filaginifolia,Plants,Plantae,Tracheophyta,Magnoliopsida,Asterales,Asteraceae,Corethrogyne
6727,Cosmos bipinnatus,Plants,Plantae,Tracheophyta,Magnoliopsida,Asterales,Asteraceae,Cosmos
6728,Cosmos sulphureus,Plants,Plantae,Tracheophyta,Magnoliopsida,Asterales,Asteraceae,Cosmos
6729,Cota tinctoria,Plants,Plantae,Tracheophyta,Magnoliopsida,Asterales,Asteraceae,Cota
6730,Cotula australis,Plants,Plantae,Tracheophyta,Magnoliopsida,Asterales,Asteraceae,Cotula
6731,Cotula coronopifolia,Plants,Plantae,Tracheophyta,Magnoliopsida,Asterales,Asteraceae,Cotula
6732,Crassocephalum crepidioides,Plants,Plantae,Tracheophyta,Magnoliopsida,Asterales,Asteraceae,Crassocephalum
6733,Crepis capillaris,Plants,Plantae,Tracheophyta,Magnoliopsida,Asterales,Asteraceae,Crepis
6734,Crepis tectorum,Plants,Plantae,Tracheophyta,Magnoliopsida,Asterales,Asteraceae,Crepis
6735,Cyanthillium cinereum,Plants,Plantae,Tracheophyta,Magnoliopsida,Asterales,Asteraceae,Cyanthillium
6736,Cyclachaena xanthiifolia,Plants,Plantae,Tracheophyta,Magnoliopsida,Asterales,Asteraceae,Cyclachaena
6737,Cynara cardunculus,Plants,Plantae,Tracheophyta,Magnoliopsida,Asterales,Asteraceae,Cynara
6738,Dahlia coccinea,Plants,Plantae,Tracheophyta,Magnoliopsida,Asterales,Asteraceae,Dahlia
6739,Deinandra fasciculata,Plants,Plantae,Tracheophyta,Magnoliopsida,Asterales,Asteraceae,Deinandra
6740,Delairea odorata,Plants,Plantae,Tracheophyta,Magnoliopsida,Asterales,Asteraceae,Delairea
6741,Diaperia prolifera,Plants,Plantae,Tracheophyta,Magnoliopsida,Asterales,Asteraceae,Diaperia
6742,Diaperia verna,Plants,Plantae,Tracheophyta,Magnoliopsida,Asterales,Asteraceae,Diaperia
6743,Dieteria canescens,Plants,Plantae,Tracheophyta,Magnoliopsida,Asterales,Asteraceae,Dieteria
6744,Dimorphotheca fruticosa,Plants,Plantae,Tracheophyta,Magnoliopsida,Asterales,Asteraceae,Dimorphotheca
6745,Dittrichia graveolens,Plants,Plantae,Tracheophyta,Magnoliopsida,Asterales,Asteraceae,Dittrichia
6746,Dittrichia viscosa,Plants,Plantae,Tracheophyta,Magnoliopsida,Asterales,Asteraceae,Dittrichia
6747,Doellingeria umbellata,Plants,Plantae,Tracheophyta,Magnoliopsida,Asterales,Asteraceae,Doellingeria
6748,Echinacea angustifolia,Plants,Plantae,Tracheophyta,Magnoliopsida,Asterales,Asteraceae,Echinacea
6749,Echinacea pallida,Plants,Plantae,Tracheophyta,Magnoliopsida,Asterales,Asteraceae,Echinacea
6750,Echinacea purpurea,Plants,Plantae,Tracheophyta,Magnoliopsida,Asterales,Asteraceae,Echinacea
6751,Echinops ritro,Plants,Plantae,Tracheophyta,Magnoliopsida,Asterales,Asteraceae,Echinops
6752,Echinops sphaerocephalus,Plants,Plantae,Tracheophyta,Magnoliopsida,Asterales,Asteraceae,Echinops
6753,Eclipta prostrata,Plants,Plantae,Tracheophyta,Magnoliopsida,Asterales,Asteraceae,Eclipta
6754,Elephantopus carolinianus,Plants,Plantae,Tracheophyta,Magnoliopsida,Asterales,Asteraceae,Elephantopus
6755,Elephantopus tomentosus,Plants,Plantae,Tracheophyta,Magnoliopsida,Asterales,Asteraceae,Elephantopus
6756,Elytropappus rhinocerotis,Plants,Plantae,Tracheophyta,Magnoliopsida,Asterales,Asteraceae,Elytropappus
6757,Emilia fosbergii,Plants,Plantae,Tracheophyta,Magnoliopsida,Asterales,Asteraceae,Emilia
6758,Emilia sonchifolia,Plants,Plantae,Tracheophyta,Magnoliopsida,Asterales,Asteraceae,Emilia
6759,Encelia actoni,Plants,Plantae,Tracheophyta,Magnoliopsida,Asterales,Asteraceae,Encelia
6760,Encelia californica,Plants,Plantae,Tracheophyta,Magnoliopsida,Asterales,Asteraceae,Encelia
6761,Encelia farinosa,Plants,Plantae,Tracheophyta,Magnoliopsida,Asterales,Asteraceae,Encelia
6762,Engelmannia peristenia,Plants,Plantae,Tracheophyta,Magnoliopsida,Asterales,Asteraceae,Engelmannia
6763,Erechtites hieraciifolius,Plants,Plantae,Tracheophyta,Magnoliopsida,Asterales,Asteraceae,Erechtites
6764,Ericameria cuneata,Plants,Plantae,Tracheophyta,Magnoliopsida,Asterales,Asteraceae,Ericameria
6765,Ericameria ericoides,Plants,Plantae,Tracheophyta,Magnoliopsida,Asterales,Asteraceae,Ericameria
6766,Ericameria linearifolia,Plants,Plantae,Tracheophyta,Magnoliopsida,Asterales,Asteraceae,Ericameria
6767,Ericameria nauseosa,Plants,Plantae,Tracheophyta,Magnoliopsida,Asterales,Asteraceae,Ericameria
6768,Erigeron acris,Plants,Plantae,Tracheophyta,Magnoliopsida,Asterales,Asteraceae,Erigeron
6769,Erigeron annuus,Plants,Plantae,Tracheophyta,Magnoliopsida,Asterales,Asteraceae,Erigeron
6770,Erigeron bonariensis,Plants,Plantae,Tracheophyta,Magnoliopsida,Asterales,Asteraceae,Erigeron
6771,Erigeron canadensis,Plants,Plantae,Tracheophyta,Magnoliopsida,Asterales,Asteraceae,Erigeron
6772,Erigeron compositus,Plants,Plantae,Tracheophyta,Magnoliopsida,Asterales,Asteraceae,Erigeron
6773,Erigeron foliosus,Plants,Plantae,Tracheophyta,Magnoliopsida,Asterales,Asteraceae,Erigeron
6774,Erigeron glaucus,Plants,Plantae,Tracheophyta,Magnoliopsida,Asterales,Asteraceae,Erigeron
6775,Erigeron karvinskianus,Plants,Plantae,Tracheophyta,Magnoliopsida,Asterales,Asteraceae,Erigeron
6776,Erigeron philadelphicus,Plants,Plantae,Tracheophyta,Magnoliopsida,Asterales,Asteraceae,Erigeron
6777,Erigeron pulchellus,Plants,Plantae,Tracheophyta,Magnoliopsida,Asterales,Asteraceae,Erigeron
6778,Erigeron strigosus,Plants,Plantae,Tracheophyta,Magnoliopsida,Asterales,Asteraceae,Erigeron
6779,Erigeron sumatrensis,Plants,Plantae,Tracheophyta,Magnoliopsida,Asterales,Asteraceae,Erigeron
6780,Eriocephalus africanus,Plants,Plantae,Tracheophyta,Magnoliopsida,Asterales,Asteraceae,Eriocephalus
6781,Eriophyllum confertiflorum,Plants,Plantae,Tracheophyta,Magnoliopsida,Asterales,Asteraceae,Eriophyllum
6782,Eriophyllum lanatum,Plants,Plantae,Tracheophyta,Magnoliopsida,Asterales,Asteraceae,Eriophyllum
6783,Eriophyllum staechadifolium,Plants,Plantae,Tracheophyta,Magnoliopsida,Asterales,Asteraceae,Eriophyllum
6784,Eriophyllum wallacei,Plants,Plantae,Tracheophyta,Magnoliopsida,Asterales,Asteraceae,Eriophyllum
6785,Eupatorium altissimum,Plants,Plantae,Tracheophyta,Magnoliopsida,Asterales,Asteraceae,Eupatorium
6786,Eupatorium cannabinum,Plants,Plantae,Tracheophyta,Magnoliopsida,Asterales,Asteraceae,Eupatorium
6787,Eupatorium capillifolium,Plants,Plantae,Tracheophyta,Magnoliopsida,Asterales,Asteraceae,Eupatorium
6788,Eupatorium hyssopifolium,Plants,Plantae,Tracheophyta,Magnoliopsida,Asterales,Asteraceae,Eupatorium
6789,Eupatorium perfoliatum,Plants,Plantae,Tracheophyta,Magnoliopsida,Asterales,Asteraceae,Eupatorium
6790,Eupatorium rotundifolium,Plants,Plantae,Tracheophyta,Magnoliopsida,Asterales,Asteraceae,Eupatorium
6791,Eupatorium serotinum,Plants,Plantae,Tracheophyta,Magnoliopsida,Asterales,Asteraceae,Eupatorium
6792,Eurybia divaricata,Plants,Plantae,Tracheophyta,Magnoliopsida,Asterales,Asteraceae,Eurybia
6793,Eurybia macrophylla,Plants,Plantae,Tracheophyta,Magnoliopsida,Asterales,Asteraceae,Eurybia
6794,Eurybia sibirica,Plants,Plantae,Tracheophyta,Magnoliopsida,Asterales,Asteraceae,Eurybia
6795,Euthamia graminifolia,Plants,Plantae,Tracheophyta,Magnoliopsida,Asterales,Asteraceae,Euthamia
6796,Eutrochium fistulosum,Plants,Plantae,Tracheophyta,Magnoliopsida,Asterales,Asteraceae,Eutrochium
6797,Eutrochium maculatum,Plants,Plantae,Tracheophyta,Magnoliopsida,Asterales,Asteraceae,Eutrochium
6798,Eutrochium purpureum,Plants,Plantae,Tracheophyta,Magnoliopsida,Asterales,Asteraceae,Eutrochium
6799,Gaillardia aestivalis,Plants,Plantae,Tracheophyta,Magnoliopsida,Asterales,Asteraceae,Gaillardia
6800,Gaillardia aristata,Plants,Plantae,Tracheophyta,Magnoliopsida,Asterales,Asteraceae,Gaillardia
6801,Gaillardia pinnatifida,Plants,Plantae,Tracheophyta,Magnoliopsida,Asterales,Asteraceae,Gaillardia
6802,Gaillardia pulchella,Plants,Plantae,Tracheophyta,Magnoliopsida,Asterales,Asteraceae,Gaillardia
6803,Galactites tomentosus,Plants,Plantae,Tracheophyta,Magnoliopsida,Asterales,Asteraceae,Galactites
6804,Galinsoga parviflora,Plants,Plantae,Tracheophyta,Magnoliopsida,Asterales,Asteraceae,Galinsoga
6805,Galinsoga quadriradiata,Plants,Plantae,Tracheophyta,Magnoliopsida,Asterales,Asteraceae,Galinsoga
6806,Gamochaeta pensylvanica,Plants,Plantae,Tracheophyta,Magnoliopsida,Asterales,Asteraceae,Gamochaeta
6807,Gazania linearis,Plants,Plantae,Tracheophyta,Magnoliopsida,Asterales,Asteraceae,Gazania
6808,Gazania rigens,Plants,Plantae,Tracheophyta,Magnoliopsida,Asterales,Asteraceae,Gazania
6809,Geraea canescens,Plants,Plantae,Tracheophyta,Magnoliopsida,Asterales,Asteraceae,Geraea
6810,Glebionis coronaria,Plants,Plantae,Tracheophyta,Magnoliopsida,Asterales,Asteraceae,Glebionis
6811,Gnaphalium uliginosum,Plants,Plantae,Tracheophyta,Magnoliopsida,Asterales,Asteraceae,Gnaphalium
6812,Grindelia ciliata,Plants,Plantae,Tracheophyta,Magnoliopsida,Asterales,Asteraceae,Grindelia
6813,Grindelia squarrosa,Plants,Plantae,Tracheophyta,Magnoliopsida,Asterales,Asteraceae,Grindelia
6814,Grindelia stricta,Plants,Plantae,Tracheophyta,Magnoliopsida,Asterales,Asteraceae,Grindelia
6815,Gutierrezia sarothrae,Plants,Plantae,Tracheophyta,Magnoliopsida,Asterales,Asteraceae,Gutierrezia
6816,Hazardia squarrosa,Plants,Plantae,Tracheophyta,Magnoliopsida,Asterales,Asteraceae,Hazardia
6817,Hedypnois rhagadioloides,Plants,Plantae,Tracheophyta,Magnoliopsida,Asterales,Asteraceae,Hedypnois
6818,Helenium amarum,Plants,Plantae,Tracheophyta,Magnoliopsida,Asterales,Asteraceae,Helenium
6819,Helenium autumnale,Plants,Plantae,Tracheophyta,Magnoliopsida,Asterales,Asteraceae,Helenium
6820,Helenium bigelovii,Plants,Plantae,Tracheophyta,Magnoliopsida,Asterales,Asteraceae,Helenium
6821,Helenium flexuosum,Plants,Plantae,Tracheophyta,Magnoliopsida,Asterales,Asteraceae,Helenium
6822,Helenium puberulum,Plants,Plantae,Tracheophyta,Magnoliopsida,Asterales,Asteraceae,Helenium
6823,Helianthus angustifolius,Plants,Plantae,Tracheophyta,Magnoliopsida,Asterales,Asteraceae,Helianthus
6824,Helianthus annuus,Plants,Plantae,Tracheophyta,Magnoliopsida,Asterales,Asteraceae,Helianthus
6825,Helianthus debilis,Plants,Plantae,Tracheophyta,Magnoliopsida,Asterales,Asteraceae,Helianthus
6826,Helianthus divaricatus,Plants,Plantae,Tracheophyta,Magnoliopsida,Asterales,Asteraceae,Helianthus
6827,Helianthus grosseserratus,Plants,Plantae,Tracheophyta,Magnoliopsida,Asterales,Asteraceae,Helianthus
6828,Helianthus maximiliani,Plants,Plantae,Tracheophyta,Magnoliopsida,Asterales,Asteraceae,Helianthus
6829,Helianthus mollis,Plants,Plantae,Tracheophyta,Magnoliopsida,Asterales,Asteraceae,Helianthus
6830,Helianthus occidentalis,Plants,Plantae,Tracheophyta,Magnoliopsida,Asterales,Asteraceae,Helianthus
6831,Helianthus petiolaris,Plants,Plantae,Tracheophyta,Magnoliopsida,Asterales,Asteraceae,Helianthus
6832,Helianthus tuberosus,Plants,Plantae,Tracheophyta,Magnoliopsida,Asterales,Asteraceae,Helianthus
6833,Helichrysum arenarium,Plants,Plantae,Tracheophyta,Magnoliopsida,Asterales,Asteraceae,Helichrysum
6834,Heliopsis helianthoides,Plants,Plantae,Tracheophyta,Magnoliopsida,Asterales,Asteraceae,Heliopsis
6835,Helminthotheca echioides,Plants,Plantae,Tracheophyta,Magnoliopsida,Asterales,Asteraceae,Helminthotheca
6836,Hemizonia congesta,Plants,Plantae,Tracheophyta,Magnoliopsida,Asterales,Asteraceae,Hemizonia
6837,Heterotheca grandiflora,Plants,Plantae,Tracheophyta,Magnoliopsida,Asterales,Asteraceae,Heterotheca
6838,Heterotheca subaxillaris,Plants,Plantae,Tracheophyta,Magnoliopsida,Asterales,Asteraceae,Heterotheca
6839,Heterotheca villosa,Plants,Plantae,Tracheophyta,Magnoliopsida,Asterales,Asteraceae,Heterotheca
6840,Hieracium albiflorum,Plants,Plantae,Tracheophyta,Magnoliopsida,Asterales,Asteraceae,Hieracium
6841,Hieracium umbellatum,Plants,Plantae,Tracheophyta,Magnoliopsida,Asterales,Asteraceae,Hieracium
6842,Hieracium venosum,Plants,Plantae,Tracheophyta,Magnoliopsida,Asterales,Asteraceae,Hieracium
6843,Hymenopappus artemisiifolius,Plants,Plantae,Tracheophyta,Magnoliopsida,Asterales,Asteraceae,Hymenopappus
6844,Hymenopappus scabiosaeus,Plants,Plantae,Tracheophyta,Magnoliopsida,Asterales,Asteraceae,Hymenopappus
6845,Hypochaeris glabra,Plants,Plantae,Tracheophyta,Magnoliopsida,Asterales,Asteraceae,Hypochaeris
6846,Hypochaeris radicata,Plants,Plantae,Tracheophyta,Magnoliopsida,Asterales,Asteraceae,Hypochaeris
6847,Inula britannica,Plants,Plantae,Tracheophyta,Magnoliopsida,Asterales,Asteraceae,Inula
6848,Inula helenium,Plants,Plantae,Tracheophyta,Magnoliopsida,Asterales,Asteraceae,Inula
6849,Inula salicina,Plants,Plantae,Tracheophyta,Magnoliopsida,Asterales,Asteraceae,Inula
6850,Isocoma acradenia,Plants,Plantae,Tracheophyta,Magnoliopsida,Asterales,Asteraceae,Isocoma
6851,Isocoma menziesii,Plants,Plantae,Tracheophyta,Magnoliopsida,Asterales,Asteraceae,Isocoma
6852,Iva annua,Plants,Plantae,Tracheophyta,Magnoliopsida,Asterales,Asteraceae,Iva
6853,Iva frutescens,Plants,Plantae,Tracheophyta,Magnoliopsida,Asterales,Asteraceae,Iva
6854,Ixeris chinensis,Plants,Plantae,Tracheophyta,Magnoliopsida,Asterales,Asteraceae,Ixeris
6855,Jacobaea maritima,Plants,Plantae,Tracheophyta,Magnoliopsida,Asterales,Asteraceae,Jacobaea
6856,Jacobaea vulgaris,Plants,Plantae,Tracheophyta,Magnoliopsida,Asterales,Asteraceae,Jacobaea
6857,Jaumea carnosa,Plants,Plantae,Tracheophyta,Magnoliopsida,Asterales,Asteraceae,Jaumea
6858,Krigia biflora,Plants,Plantae,Tracheophyta,Magnoliopsida,Asterales,Asteraceae,Krigia
6859,Krigia virginica,Plants,Plantae,Tracheophyta,Magnoliopsida,Asterales,Asteraceae,Krigia
6860,Lactuca biennis,Plants,Plantae,Tracheophyta,Magnoliopsida,Asterales,Asteraceae,Lactuca
6861,Lactuca canadensis,Plants,Plantae,Tracheophyta,Magnoliopsida,Asterales,Asteraceae,Lactuca
6862,Lactuca floridana,Plants,Plantae,Tracheophyta,Magnoliopsida,Asterales,Asteraceae,Lactuca
6863,Lactuca serriola,Plants,Plantae,Tracheophyta,Magnoliopsida,Asterales,Asteraceae,Lactuca
6864,Lactuca tatarica,Plants,Plantae,Tracheophyta,Magnoliopsida,Asterales,Asteraceae,Lactuca
6865,Lapsana communis,Plants,Plantae,Tracheophyta,Magnoliopsida,Asterales,Asteraceae,Lapsana
6866,Lasthenia californica,Plants,Plantae,Tracheophyta,Magnoliopsida,Asterales,Asteraceae,Lasthenia
6867,Lasthenia gracilis,Plants,Plantae,Tracheophyta,Magnoliopsida,Asterales,Asteraceae,Lasthenia
6868,Layia glandulosa,Plants,Plantae,Tracheophyta,Magnoliopsida,Asterales,Asteraceae,Layia
6869,Layia platyglossa,Plants,Plantae,Tracheophyta,Magnoliopsida,Asterales,Asteraceae,Layia
6870,Leontopodium nivale,Plants,Plantae,Tracheophyta,Magnoliopsida,Asterales,Asteraceae,Leontopodium
6871,Lepidospartum squamatum,Plants,Plantae,Tracheophyta,Magnoliopsida,Asterales,Asteraceae,Lepidospartum
6872,Leptosyne gigantea,Plants,Plantae,Tracheophyta,Magnoliopsida,Asterales,Asteraceae,Leptosyne
6873,Leptosyne maritima,Plants,Plantae,Tracheophyta,Magnoliopsida,Asterales,Asteraceae,Leptosyne
6874,Leucanthemum vulgare,Plants,Plantae,Tracheophyta,Magnoliopsida,Asterales,Asteraceae,Leucanthemum
6875,Liatris aspera,Plants,Plantae,Tracheophyta,Magnoliopsida,Asterales,Asteraceae,Liatris
6876,Liatris cylindracea,Plants,Plantae,Tracheophyta,Magnoliopsida,Asterales,Asteraceae,Liatris
6877,Liatris elegans,Plants,Plantae,Tracheophyta,Magnoliopsida,Asterales,Asteraceae,Liatris
6878,Liatris punctata,Plants,Plantae,Tracheophyta,Magnoliopsida,Asterales,Asteraceae,Liatris
6879,Liatris pycnostachya,Plants,Plantae,Tracheophyta,Magnoliopsida,Asterales,Asteraceae,Liatris
6880,Liatris spicata,Plants,Plantae,Tracheophyta,Magnoliopsida,Asterales,Asteraceae,Liatris
6881,Lindheimera texana,Plants,Plantae,Tracheophyta,Magnoliopsida,Asterales,Asteraceae,Lindheimera
6882,Lygodesmia texana,Plants,Plantae,Tracheophyta,Magnoliopsida,Asterales,Asteraceae,Lygodesmia
6883,Machaeranthera tanacetifolia,Plants,Plantae,Tracheophyta,Magnoliopsida,Asterales,Asteraceae,Machaeranthera
6884,Madia elegans,Plants,Plantae,Tracheophyta,Magnoliopsida,Asterales,Asteraceae,Madia
6885,Madia gracilis,Plants,Plantae,Tracheophyta,Magnoliopsida,Asterales,Asteraceae,Madia
6886,Madia sativa,Plants,Plantae,Tracheophyta,Magnoliopsida,Asterales,Asteraceae,Madia
6887,Malacothrix glabrata,Plants,Plantae,Tracheophyta,Magnoliopsida,Asterales,Asteraceae,Malacothrix
6888,Malacothrix saxatilis,Plants,Plantae,Tracheophyta,Magnoliopsida,Asterales,Asteraceae,Malacothrix
6889,Marshallia caespitosa,Plants,Plantae,Tracheophyta,Magnoliopsida,Asterales,Asteraceae,Marshallia
6890,Matricaria chamomilla,Plants,Plantae,Tracheophyta,Magnoliopsida,Asterales,Asteraceae,Matricaria
6891,Matricaria discoidea,Plants,Plantae,Tracheophyta,Magnoliopsida,Asterales,Asteraceae,Matricaria
6892,Melampodium leucanthum,Plants,Plantae,Tracheophyta,Magnoliopsida,Asterales,Asteraceae,Melampodium
6893,Melanthera nivea,Plants,Plantae,Tracheophyta,Magnoliopsida,Asterales,Asteraceae,Melanthera
6894,Metalasia densa,Plants,Plantae,Tracheophyta,Magnoliopsida,Asterales,Asteraceae,Metalasia
6895,Metalasia muricata,Plants,Plantae,Tracheophyta,Magnoliopsida,Asterales,Asteraceae,Metalasia
6896,Micropus californicus,Plants,Plantae,Tracheophyta,Magnoliopsida,Asterales,Asteraceae,Micropus
6897,Mikania micrantha,Plants,Plantae,Tracheophyta,Magnoliopsida,Asterales,Asteraceae,Mikania
6898,Mikania scandens,Plants,Plantae,Tracheophyta,Magnoliopsida,Asterales,Asteraceae,Mikania
6899,Monoptilon bellioides,Plants,Plantae,Tracheophyta,Magnoliopsida,Asterales,Asteraceae,Monoptilon
6900,Mycelis muralis,Plants,Plantae,Tracheophyta,Magnoliopsida,Asterales,Asteraceae,Mycelis
6901,Nabalus albus,Plants,Plantae,Tracheophyta,Magnoliopsida,Asterales,Asteraceae,Nabalus
6902,Nabalus altissimus,Plants,Plantae,Tracheophyta,Magnoliopsida,Asterales,Asteraceae,Nabalus
6903,Nabalus trifoliolatus,Plants,Plantae,Tracheophyta,Magnoliopsida,Asterales,Asteraceae,Nabalus
6904,Oclemena acuminata,Plants,Plantae,Tracheophyta,Magnoliopsida,Asterales,Asteraceae,Oclemena
6905,Olearia arborescens,Plants,Plantae,Tracheophyta,Magnoliopsida,Asterales,Asteraceae,Olearia
6906,Olearia avicenniifolia,Plants,Plantae,Tracheophyta,Magnoliopsida,Asterales,Asteraceae,Olearia
6907,Olearia paniculata,Plants,Plantae,Tracheophyta,Magnoliopsida,Asterales,Asteraceae,Olearia
6908,Omalotheca sylvatica,Plants,Plantae,Tracheophyta,Magnoliopsida,Asterales,Asteraceae,Omalotheca
6909,Oncosiphon pilulifer,Plants,Plantae,Tracheophyta,Magnoliopsida,Asterales,Asteraceae,Oncosiphon
6910,Onopordum acanthium,Plants,Plantae,Tracheophyta,Magnoliopsida,Asterales,Asteraceae,Onopordum
6911,Osteospermum moniliferum,Plants,Plantae,Tracheophyta,Magnoliopsida,Asterales,Asteraceae,Osteospermum
6912,Ozothamnus leptophyllus,Plants,Plantae,Tracheophyta,Magnoliopsida,Asterales,Asteraceae,Ozothamnus
6913,Packera anonyma,Plants,Plantae,Tracheophyta,Magnoliopsida,Asterales,Asteraceae,Packera
6914,Packera aurea,Plants,Plantae,Tracheophyta,Magnoliopsida,Asterales,Asteraceae,Packera
6915,Packera glabella,Plants,Plantae,Tracheophyta,Magnoliopsida,Asterales,Asteraceae,Packera
6916,Packera obovata,Plants,Plantae,Tracheophyta,Magnoliopsida,Asterales,Asteraceae,Packera
6917,Packera paupercula,Plants,Plantae,Tracheophyta,Magnoliopsida,Asterales,Asteraceae,Packera
6918,Packera tampicana,Plants,Plantae,Tracheophyta,Magnoliopsida,Asterales,Asteraceae,Packera
6919,Palafoxia arida,Plants,Plantae,Tracheophyta,Magnoliopsida,Asterales,Asteraceae,Palafoxia
6920,Palafoxia callosa,Plants,Plantae,Tracheophyta,Magnoliopsida,Asterales,Asteraceae,Palafoxia
6921,Pallenis spinosa,Plants,Plantae,Tracheophyta,Magnoliopsida,Asterales,Asteraceae,Pallenis
6922,Parasenecio hastatus,Plants,Plantae,Tracheophyta,Magnoliopsida,Asterales,Asteraceae,Parasenecio
6923,Parthenium hysterophorus,Plants,Plantae,Tracheophyta,Magnoliopsida,Asterales,Asteraceae,Parthenium
6924,Parthenium incanum,Plants,Plantae,Tracheophyta,Magnoliopsida,Asterales,Asteraceae,Parthenium
6925,Parthenium integrifolium,Plants,Plantae,Tracheophyta,Magnoliopsida,Asterales,Asteraceae,Parthenium
6926,Pectis papposa,Plants,Plantae,Tracheophyta,Magnoliopsida,Asterales,Asteraceae,Pectis
6927,Perityle emoryi,Plants,Plantae,Tracheophyta,Magnoliopsida,Asterales,Asteraceae,Perityle
6928,Petasites albus,Plants,Plantae,Tracheophyta,Magnoliopsida,Asterales,Asteraceae,Petasites
6929,Petasites frigidus,Plants,Plantae,Tracheophyta,Magnoliopsida,Asterales,Asteraceae,Petasites
6930,Petasites hybridus,Plants,Plantae,Tracheophyta,Magnoliopsida,Asterales,Asteraceae,Petasites
6931,Petasites spurius,Plants,Plantae,Tracheophyta,Magnoliopsida,Asterales,Asteraceae,Petasites
6932,Peucephyllum schottii,Plants,Plantae,Tracheophyta,Magnoliopsida,Asterales,Asteraceae,Peucephyllum
6933,Phaenocoma prolifera,Plants,Plantae,Tracheophyta,Magnoliopsida,Asterales,Asteraceae,Phaenocoma
6934,Picris hieracioides,Plants,Plantae,Tracheophyta,Magnoliopsida,Asterales,Asteraceae,Picris
6935,Pilosella aurantiaca,Plants,Plantae,Tracheophyta,Magnoliopsida,Asterales,Asteraceae,Pilosella
6936,Pilosella caespitosa,Plants,Plantae,Tracheophyta,Magnoliopsida,Asterales,Asteraceae,Pilosella
6937,Pilosella officinarum,Plants,Plantae,Tracheophyta,Magnoliopsida,Asterales,Asteraceae,Pilosella
6938,Pinaropappus roseus,Plants,Plantae,Tracheophyta,Magnoliopsida,Asterales,Asteraceae,Pinaropappus
6939,Pityopsis falcata,Plants,Plantae,Tracheophyta,Magnoliopsida,Asterales,Asteraceae,Pityopsis
6940,Pityopsis graminifolia,Plants,Plantae,Tracheophyta,Magnoliopsida,Asterales,Asteraceae,Pityopsis
6941,Plectocephalus americanus,Plants,Plantae,Tracheophyta,Magnoliopsida,Asterales,Asteraceae,Plectocephalus
6942,Pleurocoronis pluriseta,Plants,Plantae,Tracheophyta,Magnoliopsida,Asterales,Asteraceae,Pleurocoronis
6943,Pluchea baccharis,Plants,Plantae,Tracheophyta,Magnoliopsida,Asterales,Asteraceae,Pluchea
6944,Pluchea camphorata,Plants,Plantae,Tracheophyta,Magnoliopsida,Asterales,Asteraceae,Pluchea
6945,Pluchea carolinensis,Plants,Plantae,Tracheophyta,Magnoliopsida,Asterales,Asteraceae,Pluchea
6946,Pluchea odorata,Plants,Plantae,Tracheophyta,Magnoliopsida,Asterales,Asteraceae,Pluchea
6947,Pluchea sericea,Plants,Plantae,Tracheophyta,Magnoliopsida,Asterales,Asteraceae,Pluchea
6948,Polymnia canadensis,Plants,Plantae,Tracheophyta,Magnoliopsida,Asterales,Asteraceae,Polymnia
6949,Porophyllum gracile,Plants,Plantae,Tracheophyta,Magnoliopsida,Asterales,Asteraceae,Porophyllum
6950,Prenanthes purpurea,Plants,Plantae,Tracheophyta,Magnoliopsida,Asterales,Asteraceae,Prenanthes
6951,Pseudognaphalium biolettii,Plants,Plantae,Tracheophyta,Magnoliopsida,Asterales,Asteraceae,Pseudognaphalium
6952,Pseudognaphalium californicum,Plants,Plantae,Tracheophyta,Magnoliopsida,Asterales,Asteraceae,Pseudognaphalium
6953,Pseudognaphalium luteoalbum,Plants,Plantae,Tracheophyta,Magnoliopsida,Asterales,Asteraceae,Pseudognaphalium
6954,Pseudognaphalium obtusifolium,Plants,Plantae,Tracheophyta,Magnoliopsida,Asterales,Asteraceae,Pseudognaphalium
6955,Pterocaulon pycnostachyum,Plants,Plantae,Tracheophyta,Magnoliopsida,Asterales,Asteraceae,Pterocaulon
6956,Pulicaria dysenterica,Plants,Plantae,Tracheophyta,Magnoliopsida,Asterales,Asteraceae,Pulicaria
6957,Pyrrhopappus pauciflorus,Plants,Plantae,Tracheophyta,Magnoliopsida,Asterales,Asteraceae,Pyrrhopappus
6958,Rafinesquia californica,Plants,Plantae,Tracheophyta,Magnoliopsida,Asterales,Asteraceae,Rafinesquia
6959,Rafinesquia neomexicana,Plants,Plantae,Tracheophyta,Magnoliopsida,Asterales,Asteraceae,Rafinesquia
6960,Ratibida columnifera,Plants,Plantae,Tracheophyta,Magnoliopsida,Asterales,Asteraceae,Ratibida
6961,Ratibida pinnata,Plants,Plantae,Tracheophyta,Magnoliopsida,Asterales,Asteraceae,Ratibida
6962,Rudbeckia amplexicaulis,Plants,Plantae,Tracheophyta,Magnoliopsida,Asterales,Asteraceae,Rudbeckia
6963,Rudbeckia hirta,Plants,Plantae,Tracheophyta,Magnoliopsida,Asterales,Asteraceae,Rudbeckia
6964,Rudbeckia laciniata,Plants,Plantae,Tracheophyta,Magnoliopsida,Asterales,Asteraceae,Rudbeckia
6965,Rudbeckia triloba,Plants,Plantae,Tracheophyta,Magnoliopsida,Asterales,Asteraceae,Rudbeckia
6966,Sanvitalia procumbens,Plants,Plantae,Tracheophyta,Magnoliopsida,Asterales,Asteraceae,Sanvitalia
6967,Scolymus hispanicus,Plants,Plantae,Tracheophyta,Magnoliopsida,Asterales,Asteraceae,Scolymus
6968,Scorzoneroides autumnalis,Plants,Plantae,Tracheophyta,Magnoliopsida,Asterales,Asteraceae,Scorzoneroides
6969,Senecio ampullaceus,Plants,Plantae,Tracheophyta,Magnoliopsida,Asterales,Asteraceae,Senecio
6970,Senecio elegans,Plants,Plantae,Tracheophyta,Magnoliopsida,Asterales,Asteraceae,Senecio
6971,Senecio flaccidus,Plants,Plantae,Tracheophyta,Magnoliopsida,Asterales,Asteraceae,Senecio
6972,Senecio glastifolius,Plants,Plantae,Tracheophyta,Magnoliopsida,Asterales,Asteraceae,Senecio
6973,Senecio glomeratus,Plants,Plantae,Tracheophyta,Magnoliopsida,Asterales,Asteraceae,Senecio
6974,Senecio inaequidens,Plants,Plantae,Tracheophyta,Magnoliopsida,Asterales,Asteraceae,Senecio
6975,Senecio integerrimus,Plants,Plantae,Tracheophyta,Magnoliopsida,Asterales,Asteraceae,Senecio
6976,Senecio minimus,Plants,Plantae,Tracheophyta,Magnoliopsida,Asterales,Asteraceae,Senecio
6977,Senecio ovatus,Plants,Plantae,Tracheophyta,Magnoliopsida,Asterales,Asteraceae,Senecio
6978,Senecio pseudoarnica,Plants,Plantae,Tracheophyta,Magnoliopsida,Asterales,Asteraceae,Senecio
6979,Senecio quadridentatus,Plants,Plantae,Tracheophyta,Magnoliopsida,Asterales,Asteraceae,Senecio
6980,Senecio skirrhodon,Plants,Plantae,Tracheophyta,Magnoliopsida,Asterales,Asteraceae,Senecio
6981,Senecio triangularis,Plants,Plantae,Tracheophyta,Magnoliopsida,Asterales,Asteraceae,Senecio
6982,Senecio vernalis,Plants,Plantae,Tracheophyta,Magnoliopsida,Asterales,Asteraceae,Senecio
6983,Senecio viscosus,Plants,Plantae,Tracheophyta,Magnoliopsida,Asterales,Asteraceae,Senecio
6984,Senecio vulgaris,Plants,Plantae,Tracheophyta,Magnoliopsida,Asterales,Asteraceae,Senecio
6985,Seriphium plumosum,Plants,Plantae,Tracheophyta,Magnoliopsida,Asterales,Asteraceae,Seriphium
6986,Silphium albiflorum,Plants,Plantae,Tracheophyta,Magnoliopsida,Asterales,Asteraceae,Silphium
6987,Silphium integrifolium,Plants,Plantae,Tracheophyta,Magnoliopsida,Asterales,Asteraceae,Silphium
6988,Silphium laciniatum,Plants,Plantae,Tracheophyta,Magnoliopsida,Asterales,Asteraceae,Silphium
6989,Silphium perfoliatum,Plants,Plantae,Tracheophyta,Magnoliopsida,Asterales,Asteraceae,Silphium
6990,Silphium terebinthinaceum,Plants,Plantae,Tracheophyta,Magnoliopsida,Asterales,Asteraceae,Silphium
6991,Silybum marianum,Plants,Plantae,Tracheophyta,Magnoliopsida,Asterales,Asteraceae,Silybum
6992,Smallanthus uvedalia,Plants,Plantae,Tracheophyta,Magnoliopsida,Asterales,Asteraceae,Smallanthus
6993,Solidago altissima,Plants,Plantae,Tracheophyta,Magnoliopsida,Asterales,Asteraceae,Solidago
6994,Solidago bicolor,Plants,Plantae,Tracheophyta,Magnoliopsida,Asterales,Asteraceae,Solidago
6995,Solidago caesia,Plants,Plantae,Tracheophyta,Magnoliopsida,Asterales,Asteraceae,Solidago
6996,Solidago canadensis,Plants,Plantae,Tracheophyta,Magnoliopsida,Asterales,Asteraceae,Solidago
6997,Solidago flexicaulis,Plants,Plantae,Tracheophyta,Magnoliopsida,Asterales,Asteraceae,Solidago
6998,Solidago gigantea,Plants,Plantae,Tracheophyta,Magnoliopsida,Asterales,Asteraceae,Solidago
6999,Solidago hispida,Plants,Plantae,Tracheophyta,Magnoliopsida,Asterales,Asteraceae,Solidago
7000,Solidago juncea,Plants,Plantae,Tracheophyta,Magnoliopsida,Asterales,Asteraceae,Solidago
7001,Solidago multiradiata,Plants,Plantae,Tracheophyta,Magnoliopsida,Asterales,Asteraceae,Solidago
7002,Solidago nemoralis,Plants,Plantae,Tracheophyta,Magnoliopsida,Asterales,Asteraceae,Solidago
7003,Solidago ptarmicoides,Plants,Plantae,Tracheophyta,Magnoliopsida,Asterales,Asteraceae,Solidago
7004,Solidago rigida,Plants,Plantae,Tracheophyta,Magnoliopsida,Asterales,Asteraceae,Solidago
7005,Solidago rugosa,Plants,Plantae,Tracheophyta,Magnoliopsida,Asterales,Asteraceae,Solidago
7006,Solidago sempervirens,Plants,Plantae,Tracheophyta,Magnoliopsida,Asterales,Asteraceae,Solidago
7007,Solidago speciosa,Plants,Plantae,Tracheophyta,Magnoliopsida,Asterales,Asteraceae,Solidago
7008,Solidago uliginosa,Plants,Plantae,Tracheophyta,Magnoliopsida,Asterales,Asteraceae,Solidago
7009,Solidago velutina,Plants,Plantae,Tracheophyta,Magnoliopsida,Asterales,Asteraceae,Solidago
7010,Solidago virgaurea,Plants,Plantae,Tracheophyta,Magnoliopsida,Asterales,Asteraceae,Solidago
7011,Soliva sessilis,Plants,Plantae,Tracheophyta,Magnoliopsida,Asterales,Asteraceae,Soliva
7012,Sonchus arvensis,Plants,Plantae,Tracheophyta,Magnoliopsida,Asterales,Asteraceae,Sonchus
7013,Sonchus asper,Plants,Plantae,Tracheophyta,Magnoliopsida,Asterales,Asteraceae,Sonchus
7014,Sonchus oleraceus,Plants,Plantae,Tracheophyta,Magnoliopsida,Asterales,Asteraceae,Sonchus
7015,Sphagneticola trilobata,Plants,Plantae,Tracheophyta,Magnoliopsida,Asterales,Asteraceae,Sphagneticola
7016,Stephanomeria pauciflora,Plants,Plantae,Tracheophyta,Magnoliopsida,Asterales,Asteraceae,Stephanomeria
7017,Symphyotrichum chilense,Plants,Plantae,Tracheophyta,Magnoliopsida,Asterales,Asteraceae,Symphyotrichum
7018,Symphyotrichum ciliolatum,Plants,Plantae,Tracheophyta,Magnoliopsida,Asterales,Asteraceae,Symphyotrichum
7019,Symphyotrichum cordifolium,Plants,Plantae,Tracheophyta,Magnoliopsida,Asterales,Asteraceae,Symphyotrichum
7020,Symphyotrichum divaricatum,Plants,Plantae,Tracheophyta,Magnoliopsida,Asterales,Asteraceae,Symphyotrichum
7021,Symphyotrichum drummondii,Plants,Plantae,Tracheophyta,Magnoliopsida,Asterales,Asteraceae,Symphyotrichum
7022,Symphyotrichum ericoides,Plants,Plantae,Tracheophyta,Magnoliopsida,Asterales,Asteraceae,Symphyotrichum
7023,Symphyotrichum laeve,Plants,Plantae,Tracheophyta,Magnoliopsida,Asterales,Asteraceae,Symphyotrichum
7024,Symphyotrichum lanceolatum,Plants,Plantae,Tracheophyta,Magnoliopsida,Asterales,Asteraceae,Symphyotrichum
7025,Symphyotrichum lateriflorum,Plants,Plantae,Tracheophyta,Magnoliopsida,Asterales,Asteraceae,Symphyotrichum
7026,Symphyotrichum novae-angliae,Plants,Plantae,Tracheophyta,Magnoliopsida,Asterales,Asteraceae,Symphyotrichum
7027,Symphyotrichum novi-belgii,Plants,Plantae,Tracheophyta,Magnoliopsida,Asterales,Asteraceae,Symphyotrichum
7028,Symphyotrichum pilosum,Plants,Plantae,Tracheophyta,Magnoliopsida,Asterales,Asteraceae,Symphyotrichum
7029,Symphyotrichum puniceum,Plants,Plantae,Tracheophyta,Magnoliopsida,Asterales,Asteraceae,Symphyotrichum
7030,Symphyotrichum sericeum,Plants,Plantae,Tracheophyta,Magnoliopsida,Asterales,Asteraceae,Symphyotrichum
7031,Symphyotrichum subulatum,Plants,Plantae,Tracheophyta,Magnoliopsida,Asterales,Asteraceae,Symphyotrichum
7032,Syncarpha vestita,Plants,Plantae,Tracheophyta,Magnoliopsida,Asterales,Asteraceae,Syncarpha
7033,Tagetes lucida,Plants,Plantae,Tracheophyta,Magnoliopsida,Asterales,Asteraceae,Tagetes
7034,Tagetes lunulata,Plants,Plantae,Tracheophyta,Magnoliopsida,Asterales,Asteraceae,Tagetes
7035,Tanacetum bipinnatum,Plants,Plantae,Tracheophyta,Magnoliopsida,Asterales,Asteraceae,Tanacetum
7036,Tanacetum parthenium,Plants,Plantae,Tracheophyta,Magnoliopsida,Asterales,Asteraceae,Tanacetum
7037,Tanacetum vulgare,Plants,Plantae,Tracheophyta,Magnoliopsida,Asterales,Asteraceae,Tanacetum
7038,Taraxacum erythrospermum,Plants,Plantae,Tracheophyta,Magnoliopsida,Asterales,Asteraceae,Taraxacum
7039,Taraxacum officinale,Plants,Plantae,Tracheophyta,Magnoliopsida,Asterales,Asteraceae,Taraxacum
7040,Tarchonanthus littoralis,Plants,Plantae,Tracheophyta,Magnoliopsida,Asterales,Asteraceae,Tarchonanthus
7041,Tetraneuris linearifolia,Plants,Plantae,Tracheophyta,Magnoliopsida,Asterales,Asteraceae,Tetraneuris
7042,Tetraneuris scaposa,Plants,Plantae,Tracheophyta,Magnoliopsida,Asterales,Asteraceae,Tetraneuris
7043,Thelesperma filifolium,Plants,Plantae,Tracheophyta,Magnoliopsida,Asterales,Asteraceae,Thelesperma
7044,Thelesperma megapotamicum,Plants,Plantae,Tracheophyta,Magnoliopsida,Asterales,Asteraceae,Thelesperma
7045,Thymophylla pentachaeta,Plants,Plantae,Tracheophyta,Magnoliopsida,Asterales,Asteraceae,Thymophylla
7046,Tithonia diversifolia,Plants,Plantae,Tracheophyta,Magnoliopsida,Asterales,Asteraceae,Tithonia
7047,Tithonia tubaeformis,Plants,Plantae,Tracheophyta,Magnoliopsida,Asterales,Asteraceae,Tithonia
7048,Tragopogon dubius,Plants,Plantae,Tracheophyta,Magnoliopsida,Asterales,Asteraceae,Tragopogon
7049,Tragopogon porrifolius,Plants,Plantae,Tracheophyta,Magnoliopsida,Asterales,Asteraceae,Tragopogon
7050,Tragopogon pratensis,Plants,Plantae,Tracheophyta,Magnoliopsida,Asterales,Asteraceae,Tragopogon
7051,Trichoptilium incisum,Plants,Plantae,Tracheophyta,Magnoliopsida,Asterales,Asteraceae,Trichoptilium
7052,Tridax procumbens,Plants,Plantae,Tracheophyta,Magnoliopsida,Asterales,Asteraceae,Tridax
7053,Tripleurospermum inodorum,Plants,Plantae,Tracheophyta,Magnoliopsida,Asterales,Asteraceae,Tripleurospermum
7054,Tripolium pannonicum,Plants,Plantae,Tracheophyta,Magnoliopsida,Asterales,Asteraceae,Tripolium
7055,Trixis californica,Plants,Plantae,Tracheophyta,Magnoliopsida,Asterales,Asteraceae,Trixis
7056,Tussilago farfara,Plants,Plantae,Tracheophyta,Magnoliopsida,Asterales,Asteraceae,Tussilago
7057,Uropappus lindleyi,Plants,Plantae,Tracheophyta,Magnoliopsida,Asterales,Asteraceae,Uropappus
7058,Urospermum dalechampii,Plants,Plantae,Tracheophyta,Magnoliopsida,Asterales,Asteraceae,Urospermum
7059,Urospermum picroides,Plants,Plantae,Tracheophyta,Magnoliopsida,Asterales,Asteraceae,Urospermum
7060,Venegasia carpesioides,Plants,Plantae,Tracheophyta,Magnoliopsida,Asterales,Asteraceae,Venegasia
7061,Verbesina alternifolia,Plants,Plantae,Tracheophyta,Magnoliopsida,Asterales,Asteraceae,Verbesina
7062,Verbesina encelioides,Plants,Plantae,Tracheophyta,Magnoliopsida,Asterales,Asteraceae,Verbesina
7063,Verbesina virginica,Plants,Plantae,Tracheophyta,Magnoliopsida,Asterales,Asteraceae,Verbesina
7064,Vernonia baldwinii,Plants,Plantae,Tracheophyta,Magnoliopsida,Asterales,Asteraceae,Vernonia
7065,Vernonia fasciculata,Plants,Plantae,Tracheophyta,Magnoliopsida,Asterales,Asteraceae,Vernonia
7066,Vernonia gigantea,Plants,Plantae,Tracheophyta,Magnoliopsida,Asterales,Asteraceae,Vernonia
7067,Vernonia missurica,Plants,Plantae,Tracheophyta,Magnoliopsida,Asterales,Asteraceae,Vernonia
7068,Vernonia noveboracensis,Plants,Plantae,Tracheophyta,Magnoliopsida,Asterales,Asteraceae,Vernonia
7069,Viguiera dentata,Plants,Plantae,Tracheophyta,Magnoliopsida,Asterales,Asteraceae,Viguiera
7070,Wedelia hispida,Plants,Plantae,Tracheophyta,Magnoliopsida,Asterales,Asteraceae,Wedelia
7071,Wyethia angustifolia,Plants,Plantae,Tracheophyta,Magnoliopsida,Asterales,Asteraceae,Wyethia
7072,Wyethia glabra,Plants,Plantae,Tracheophyta,Magnoliopsida,Asterales,Asteraceae,Wyethia
7073,Wyethia mollis,Plants,Plantae,Tracheophyta,Magnoliopsida,Asterales,Asteraceae,Wyethia
7074,Xanthisma spinulosum,Plants,Plantae,Tracheophyta,Magnoliopsida,Asterales,Asteraceae,Xanthisma
7075,Xanthium orientale,Plants,Plantae,Tracheophyta,Magnoliopsida,Asterales,Asteraceae,Xanthium
7076,Xanthium spinosum,Plants,Plantae,Tracheophyta,Magnoliopsida,Asterales,Asteraceae,Xanthium
7077,Xanthium strumarium,Plants,Plantae,Tracheophyta,Magnoliopsida,Asterales,Asteraceae,Xanthium
7078,Xylorhiza orcuttii,Plants,Plantae,Tracheophyta,Magnoliopsida,Asterales,Asteraceae,Xylorhiza
7079,Xylorhiza tortifolia,Plants,Plantae,Tracheophyta,Magnoliopsida,Asterales,Asteraceae,Xylorhiza
7080,Youngia japonica,Plants,Plantae,Tracheophyta,Magnoliopsida,Asterales,Asteraceae,Youngia
7081,Zinnia acerosa,Plants,Plantae,Tracheophyta,Magnoliopsida,Asterales,Asteraceae,Zinnia
7082,Zinnia elegans,Plants,Plantae,Tracheophyta,Magnoliopsida,Asterales,Asteraceae,Zinnia
7083,Zinnia grandiflora,Plants,Plantae,Tracheophyta,Magnoliopsida,Asterales,Asteraceae,Zinnia
7084,Zinnia peruviana,Plants,Plantae,Tracheophyta,Magnoliopsida,Asterales,Asteraceae,Zinnia
7085,Campanula aparinoides,Plants,Plantae,Tracheophyta,Magnoliopsida,Asterales,Campanulaceae,Campanula
7086,Campanula barbata,Plants,Plantae,Tracheophyta,Magnoliopsida,Asterales,Campanulaceae,Campanula
7087,Campanula glomerata,Plants,Plantae,Tracheophyta,Magnoliopsida,Asterales,Campanulaceae,Campanula
7088,Campanula lasiocarpa,Plants,Plantae,Tracheophyta,Magnoliopsida,Asterales,Campanulaceae,Campanula
7089,Campanula latifolia,Plants,Plantae,Tracheophyta,Magnoliopsida,Asterales,Campanulaceae,Campanula
7090,Campanula patula,Plants,Plantae,Tracheophyta,Magnoliopsida,Asterales,Campanulaceae,Campanula
7091,Campanula persicifolia,Plants,Plantae,Tracheophyta,Magnoliopsida,Asterales,Campanulaceae,Campanula
7092,Campanula prenanthoides,Plants,Plantae,Tracheophyta,Magnoliopsida,Asterales,Campanulaceae,Campanula
7093,Campanula rapunculoides,Plants,Plantae,Tracheophyta,Magnoliopsida,Asterales,Campanulaceae,Campanula
7094,Campanula rapunculus,Plants,Plantae,Tracheophyta,Magnoliopsida,Asterales,Campanulaceae,Campanula
7095,Campanula rotundifolia,Plants,Plantae,Tracheophyta,Magnoliopsida,Asterales,Campanulaceae,Campanula
7096,Campanula sibirica,Plants,Plantae,Tracheophyta,Magnoliopsida,Asterales,Campanulaceae,Campanula
7097,Campanula trachelium,Plants,Plantae,Tracheophyta,Magnoliopsida,Asterales,Campanulaceae,Campanula
7098,Campanulastrum americanum,Plants,Plantae,Tracheophyta,Magnoliopsida,Asterales,Campanulaceae,Campanulastrum
7099,Hippobroma longiflora,Plants,Plantae,Tracheophyta,Magnoliopsida,Asterales,Campanulaceae,Hippobroma
7100,Jasione montana,Plants,Plantae,Tracheophyta,Magnoliopsida,Asterales,Campanulaceae,Jasione
7101,Lobelia anceps,Plants,Plantae,Tracheophyta,Magnoliopsida,Asterales,Campanulaceae,Lobelia
7102,Lobelia angulata,Plants,Plantae,Tracheophyta,Magnoliopsida,Asterales,Campanulaceae,Lobelia
7103,Lobelia cardinalis,Plants,Plantae,Tracheophyta,Magnoliopsida,Asterales,Campanulaceae,Lobelia
7104,Lobelia dortmanna,Plants,Plantae,Tracheophyta,Magnoliopsida,Asterales,Campanulaceae,Lobelia
7105,Lobelia inflata,Plants,Plantae,Tracheophyta,Magnoliopsida,Asterales,Campanulaceae,Lobelia
7106,Lobelia kalmii,Plants,Plantae,Tracheophyta,Magnoliopsida,Asterales,Campanulaceae,Lobelia
7107,Lobelia laxiflora,Plants,Plantae,Tracheophyta,Magnoliopsida,Asterales,Campanulaceae,Lobelia
7108,Lobelia pinifolia,Plants,Plantae,Tracheophyta,Magnoliopsida,Asterales,Campanulaceae,Lobelia
7109,Lobelia puberula,Plants,Plantae,Tracheophyta,Magnoliopsida,Asterales,Campanulaceae,Lobelia
7110,Lobelia siphilitica,Plants,Plantae,Tracheophyta,Magnoliopsida,Asterales,Campanulaceae,Lobelia
7111,Lobelia spicata,Plants,Plantae,Tracheophyta,Magnoliopsida,Asterales,Campanulaceae,Lobelia
7112,Phyteuma orbiculare,Plants,Plantae,Tracheophyta,Magnoliopsida,Asterales,Campanulaceae,Phyteuma
7113,Phyteuma spicatum,Plants,Plantae,Tracheophyta,Magnoliopsida,Asterales,Campanulaceae,Phyteuma
7114,Triodanis biflora,Plants,Plantae,Tracheophyta,Magnoliopsida,Asterales,Campanulaceae,Triodanis
7115,Triodanis perfoliata,Plants,Plantae,Tracheophyta,Magnoliopsida,Asterales,Campanulaceae,Triodanis
7116,Wahlenbergia albomarginata,Plants,Plantae,Tracheophyta,Magnoliopsida,Asterales,Campanulaceae,Wahlenbergia
7117,Wahlenbergia marginata,Plants,Plantae,Tracheophyta,Magnoliopsida,Asterales,Campanulaceae,Wahlenbergia
7118,Goodenia ovata,Plants,Plantae,Tracheophyta,Magnoliopsida,Asterales,Goodeniaceae,Goodenia
7119,Scaevola plumieri,Plants,Plantae,Tracheophyta,Magnoliopsida,Asterales,Goodeniaceae,Scaevola
7120,Scaevola taccada,Plants,Plantae,Tracheophyta,Magnoliopsida,Asterales,Goodeniaceae,Scaevola
7121,Selliera radicans,Plants,Plantae,Tracheophyta,Magnoliopsida,Asterales,Goodeniaceae,Selliera
7122,Menyanthes trifoliata,Plants,Plantae,Tracheophyta,Magnoliopsida,Asterales,Menyanthaceae,Menyanthes
7123,Nephrophyllidium crista-galli,Plants,Plantae,Tracheophyta,Magnoliopsida,Asterales,Menyanthaceae,Nephrophyllidium
7124,Nymphoides indica,Plants,Plantae,Tracheophyta,Magnoliopsida,Asterales,Menyanthaceae,Nymphoides
7125,Carpodetus serratus,Plants,Plantae,Tracheophyta,Magnoliopsida,Asterales,Rousseaceae,Carpodetus
7126,Adelinia grande,Plants,Plantae,Tracheophyta,Magnoliopsida,Boraginales,Boraginaceae,Adelinia
7127,Aegonychon purpurocaeruleum,Plants,Plantae,Tracheophyta,Magnoliopsida,Boraginales,Boraginaceae,Aegonychon
7128,Amsinckia menziesii,Plants,Plantae,Tracheophyta,Magnoliopsida,Boraginales,Boraginaceae,Amsinckia
7129,Amsinckia tessellata,Plants,Plantae,Tracheophyta,Magnoliopsida,Boraginales,Boraginaceae,Amsinckia
7130,Anchusa arvensis,Plants,Plantae,Tracheophyta,Magnoliopsida,Boraginales,Boraginaceae,Anchusa
7131,Anchusa officinalis,Plants,Plantae,Tracheophyta,Magnoliopsida,Boraginales,Boraginaceae,Anchusa
7132,Andersonglossum virginianum,Plants,Plantae,Tracheophyta,Magnoliopsida,Boraginales,Boraginaceae,Andersonglossum
7133,Borago officinalis,Plants,Plantae,Tracheophyta,Magnoliopsida,Boraginales,Boraginaceae,Borago
7134,Buglossoides arvensis,Plants,Plantae,Tracheophyta,Magnoliopsida,Boraginales,Boraginaceae,Buglossoides
7135,Cordia boissieri,Plants,Plantae,Tracheophyta,Magnoliopsida,Boraginales,Boraginaceae,Cordia
7136,Cordia sebestena,Plants,Plantae,Tracheophyta,Magnoliopsida,Boraginales,Boraginaceae,Cordia
7137,Cynoglossum officinale,Plants,Plantae,Tracheophyta,Magnoliopsida,Boraginales,Boraginaceae,Cynoglossum
7138,Echium candicans,Plants,Plantae,Tracheophyta,Magnoliopsida,Boraginales,Boraginaceae,Echium
7139,Echium plantagineum,Plants,Plantae,Tracheophyta,Magnoliopsida,Boraginales,Boraginaceae,Echium
7140,Echium vulgare,Plants,Plantae,Tracheophyta,Magnoliopsida,Boraginales,Boraginaceae,Echium
7141,Ehretia anacua,Plants,Plantae,Tracheophyta,Magnoliopsida,Boraginales,Boraginaceae,Ehretia
7142,Emmenanthe penduliflora,Plants,Plantae,Tracheophyta,Magnoliopsida,Boraginales,Boraginaceae,Emmenanthe
7143,Eriodictyon californicum,Plants,Plantae,Tracheophyta,Magnoliopsida,Boraginales,Boraginaceae,Eriodictyon
7144,Eriodictyon crassifolium,Plants,Plantae,Tracheophyta,Magnoliopsida,Boraginales,Boraginaceae,Eriodictyon
7145,Eriodictyon trichocalyx,Plants,Plantae,Tracheophyta,Magnoliopsida,Boraginales,Boraginaceae,Eriodictyon
7146,Eucrypta chrysanthemifolia,Plants,Plantae,Tracheophyta,Magnoliopsida,Boraginales,Boraginaceae,Eucrypta
7147,Euploca procumbens,Plants,Plantae,Tracheophyta,Magnoliopsida,Boraginales,Boraginaceae,Euploca
7148,Euploca tenella,Plants,Plantae,Tracheophyta,Magnoliopsida,Boraginales,Boraginaceae,Euploca
7149,Hackelia virginiana,Plants,Plantae,Tracheophyta,Magnoliopsida,Boraginales,Boraginaceae,Hackelia
7150,Heliotropium angiospermum,Plants,Plantae,Tracheophyta,Magnoliopsida,Boraginales,Boraginaceae,Heliotropium
7151,Heliotropium arboreum,Plants,Plantae,Tracheophyta,Magnoliopsida,Boraginales,Boraginaceae,Heliotropium
7152,Heliotropium curassavicum,Plants,Plantae,Tracheophyta,Magnoliopsida,Boraginales,Boraginaceae,Heliotropium
7153,Heliotropium europaeum,Plants,Plantae,Tracheophyta,Magnoliopsida,Boraginales,Boraginaceae,Heliotropium
7154,Heliotropium indicum,Plants,Plantae,Tracheophyta,Magnoliopsida,Boraginales,Boraginaceae,Heliotropium
7155,Hydrophyllum appendiculatum,Plants,Plantae,Tracheophyta,Magnoliopsida,Boraginales,Boraginaceae,Hydrophyllum
7156,Hydrophyllum canadense,Plants,Plantae,Tracheophyta,Magnoliopsida,Boraginales,Boraginaceae,Hydrophyllum
7157,Hydrophyllum capitatum,Plants,Plantae,Tracheophyta,Magnoliopsida,Boraginales,Boraginaceae,Hydrophyllum
7158,Hydrophyllum tenuipes,Plants,Plantae,Tracheophyta,Magnoliopsida,Boraginales,Boraginaceae,Hydrophyllum
7159,Hydrophyllum virginianum,Plants,Plantae,Tracheophyta,Magnoliopsida,Boraginales,Boraginaceae,Hydrophyllum
7160,Johnstonella angustifolia,Plants,Plantae,Tracheophyta,Magnoliopsida,Boraginales,Boraginaceae,Johnstonella
7161,Lithospermum canescens,Plants,Plantae,Tracheophyta,Magnoliopsida,Boraginales,Boraginaceae,Lithospermum
7162,Lithospermum caroliniense,Plants,Plantae,Tracheophyta,Magnoliopsida,Boraginales,Boraginaceae,Lithospermum
7163,Lithospermum incisum,Plants,Plantae,Tracheophyta,Magnoliopsida,Boraginales,Boraginaceae,Lithospermum
7164,Lithospermum officinale,Plants,Plantae,Tracheophyta,Magnoliopsida,Boraginales,Boraginaceae,Lithospermum
7165,Lithospermum ruderale,Plants,Plantae,Tracheophyta,Magnoliopsida,Boraginales,Boraginaceae,Lithospermum
7166,Mertensia ciliata,Plants,Plantae,Tracheophyta,Magnoliopsida,Boraginales,Boraginaceae,Mertensia
7167,Mertensia maritima,Plants,Plantae,Tracheophyta,Magnoliopsida,Boraginales,Boraginaceae,Mertensia
7168,Mertensia paniculata,Plants,Plantae,Tracheophyta,Magnoliopsida,Boraginales,Boraginaceae,Mertensia
7169,Mertensia virginica,Plants,Plantae,Tracheophyta,Magnoliopsida,Boraginales,Boraginaceae,Mertensia
7170,Myosotis arvensis,Plants,Plantae,Tracheophyta,Magnoliopsida,Boraginales,Boraginaceae,Myosotis
7171,Myosotis discolor,Plants,Plantae,Tracheophyta,Magnoliopsida,Boraginales,Boraginaceae,Myosotis
7172,Myosotis latifolia,Plants,Plantae,Tracheophyta,Magnoliopsida,Boraginales,Boraginaceae,Myosotis
7173,Myosotis scorpioides,Plants,Plantae,Tracheophyta,Magnoliopsida,Boraginales,Boraginaceae,Myosotis
7174,Myosotis sylvatica,Plants,Plantae,Tracheophyta,Magnoliopsida,Boraginales,Boraginaceae,Myosotis
7175,Nama demissa,Plants,Plantae,Tracheophyta,Magnoliopsida,Boraginales,Boraginaceae,Nama
7176,Nama hispida,Plants,Plantae,Tracheophyta,Magnoliopsida,Boraginales,Boraginaceae,Nama
7177,Nemophila heterophylla,Plants,Plantae,Tracheophyta,Magnoliopsida,Boraginales,Boraginaceae,Nemophila
7178,Nemophila maculata,Plants,Plantae,Tracheophyta,Magnoliopsida,Boraginales,Boraginaceae,Nemophila
7179,Nemophila menziesii,Plants,Plantae,Tracheophyta,Magnoliopsida,Boraginales,Boraginaceae,Nemophila
7180,Nemophila parviflora,Plants,Plantae,Tracheophyta,Magnoliopsida,Boraginales,Boraginaceae,Nemophila
7181,Nemophila phacelioides,Plants,Plantae,Tracheophyta,Magnoliopsida,Boraginales,Boraginaceae,Nemophila
7182,Nonea pulla,Plants,Plantae,Tracheophyta,Magnoliopsida,Boraginales,Boraginaceae,Nonea
7183,Nonea rossica,Plants,Plantae,Tracheophyta,Magnoliopsida,Boraginales,Boraginaceae,Nonea
7184,Pentaglottis sempervirens,Plants,Plantae,Tracheophyta,Magnoliopsida,Boraginales,Boraginaceae,Pentaglottis
7185,Phacelia bipinnatifida,Plants,Plantae,Tracheophyta,Magnoliopsida,Boraginales,Boraginaceae,Phacelia
7186,Phacelia californica,Plants,Plantae,Tracheophyta,Magnoliopsida,Boraginales,Boraginaceae,Phacelia
7187,Phacelia campanularia,Plants,Plantae,Tracheophyta,Magnoliopsida,Boraginales,Boraginaceae,Phacelia
7188,Phacelia cicutaria,Plants,Plantae,Tracheophyta,Magnoliopsida,Boraginales,Boraginaceae,Phacelia
7189,Phacelia congesta,Plants,Plantae,Tracheophyta,Magnoliopsida,Boraginales,Boraginaceae,Phacelia
7190,Phacelia crenulata,Plants,Plantae,Tracheophyta,Magnoliopsida,Boraginales,Boraginaceae,Phacelia
7191,Phacelia distans,Plants,Plantae,Tracheophyta,Magnoliopsida,Boraginales,Boraginaceae,Phacelia
7192,Phacelia fremontii,Plants,Plantae,Tracheophyta,Magnoliopsida,Boraginales,Boraginaceae,Phacelia
7193,Phacelia grandiflora,Plants,Plantae,Tracheophyta,Magnoliopsida,Boraginales,Boraginaceae,Phacelia
7194,Phacelia hastata,Plants,Plantae,Tracheophyta,Magnoliopsida,Boraginales,Boraginaceae,Phacelia
7195,Phacelia minor,Plants,Plantae,Tracheophyta,Magnoliopsida,Boraginales,Boraginaceae,Phacelia
7196,Phacelia parryi,Plants,Plantae,Tracheophyta,Magnoliopsida,Boraginales,Boraginaceae,Phacelia
7197,Phacelia purshii,Plants,Plantae,Tracheophyta,Magnoliopsida,Boraginales,Boraginaceae,Phacelia
7198,Phacelia ramosissima,Plants,Plantae,Tracheophyta,Magnoliopsida,Boraginales,Boraginaceae,Phacelia
7199,Phacelia sericea,Plants,Plantae,Tracheophyta,Magnoliopsida,Boraginales,Boraginaceae,Phacelia
7200,Phacelia tanacetifolia,Plants,Plantae,Tracheophyta,Magnoliopsida,Boraginales,Boraginaceae,Phacelia
7201,Pholistoma auritum,Plants,Plantae,Tracheophyta,Magnoliopsida,Boraginales,Boraginaceae,Pholistoma
7202,Pholistoma membranaceum,Plants,Plantae,Tracheophyta,Magnoliopsida,Boraginales,Boraginaceae,Pholistoma
7203,Pulmonaria mollis,Plants,Plantae,Tracheophyta,Magnoliopsida,Boraginales,Boraginaceae,Pulmonaria
7204,Pulmonaria obscura,Plants,Plantae,Tracheophyta,Magnoliopsida,Boraginales,Boraginaceae,Pulmonaria
7205,Pulmonaria officinalis,Plants,Plantae,Tracheophyta,Magnoliopsida,Boraginales,Boraginaceae,Pulmonaria
7206,Symphytum officinale,Plants,Plantae,Tracheophyta,Magnoliopsida,Boraginales,Boraginaceae,Symphytum
7207,Tiquilia palmeri,Plants,Plantae,Tracheophyta,Magnoliopsida,Boraginales,Boraginaceae,Tiquilia
7208,Tiquilia plicata,Plants,Plantae,Tracheophyta,Magnoliopsida,Boraginales,Boraginaceae,Tiquilia
7209,Tournefortia gnaphalodes,Plants,Plantae,Tracheophyta,Magnoliopsida,Boraginales,Boraginaceae,Tournefortia
7210,Turricula parryi,Plants,Plantae,Tracheophyta,Magnoliopsida,Boraginales,Boraginaceae,Turricula
7211,Wigandia urens,Plants,Plantae,Tracheophyta,Magnoliopsida,Boraginales,Boraginaceae,Wigandia
7212,Batis maritima,Plants,Plantae,Tracheophyta,Magnoliopsida,Brassicales,Bataceae,Batis
7213,Alliaria petiolata,Plants,Plantae,Tracheophyta,Magnoliopsida,Brassicales,Brassicaceae,Alliaria
7214,Arabidopsis lyrata,Plants,Plantae,Tracheophyta,Magnoliopsida,Brassicales,Brassicaceae,Arabidopsis
7215,Arabidopsis thaliana,Plants,Plantae,Tracheophyta,Magnoliopsida,Brassicales,Brassicaceae,Arabidopsis
7216,Armoracia rusticana,Plants,Plantae,Tracheophyta,Magnoliopsida,Brassicales,Brassicaceae,Armoracia
7217,Barbarea orthoceras,Plants,Plantae,Tracheophyta,Magnoliopsida,Brassicales,Brassicaceae,Barbarea
7218,Barbarea vulgaris,Plants,Plantae,Tracheophyta,Magnoliopsida,Brassicales,Brassicaceae,Barbarea
7219,Berteroa incana,Plants,Plantae,Tracheophyta,Magnoliopsida,Brassicales,Brassicaceae,Berteroa
7220,Borodinia laevigata,Plants,Plantae,Tracheophyta,Magnoliopsida,Brassicales,Brassicaceae,Borodinia
7221,Brassica nigra,Plants,Plantae,Tracheophyta,Magnoliopsida,Brassicales,Brassicaceae,Brassica
7222,Brassica rapa,Plants,Plantae,Tracheophyta,Magnoliopsida,Brassicales,Brassicaceae,Brassica
7223,Brassica tournefortii,Plants,Plantae,Tracheophyta,Magnoliopsida,Brassicales,Brassicaceae,Brassica
7224,Bunias orientalis,Plants,Plantae,Tracheophyta,Magnoliopsida,Brassicales,Brassicaceae,Bunias
7225,Cakile edentula,Plants,Plantae,Tracheophyta,Magnoliopsida,Brassicales,Brassicaceae,Cakile
7226,Cakile maritima,Plants,Plantae,Tracheophyta,Magnoliopsida,Brassicales,Brassicaceae,Cakile
7227,Capsella bursa-pastoris,Plants,Plantae,Tracheophyta,Magnoliopsida,Brassicales,Brassicaceae,Capsella
7228,Cardamine amara,Plants,Plantae,Tracheophyta,Magnoliopsida,Brassicales,Brassicaceae,Cardamine
7229,Cardamine bulbifera,Plants,Plantae,Tracheophyta,Magnoliopsida,Brassicales,Brassicaceae,Cardamine
7230,Cardamine bulbosa,Plants,Plantae,Tracheophyta,Magnoliopsida,Brassicales,Brassicaceae,Cardamine
7231,Cardamine californica,Plants,Plantae,Tracheophyta,Magnoliopsida,Brassicales,Brassicaceae,Cardamine
7232,Cardamine concatenata,Plants,Plantae,Tracheophyta,Magnoliopsida,Brassicales,Brassicaceae,Cardamine
7233,Cardamine diphylla,Plants,Plantae,Tracheophyta,Magnoliopsida,Brassicales,Brassicaceae,Cardamine
7234,Cardamine douglassii,Plants,Plantae,Tracheophyta,Magnoliopsida,Brassicales,Brassicaceae,Cardamine
7235,Cardamine flexuosa,Plants,Plantae,Tracheophyta,Magnoliopsida,Brassicales,Brassicaceae,Cardamine
7236,Cardamine hirsuta,Plants,Plantae,Tracheophyta,Magnoliopsida,Brassicales,Brassicaceae,Cardamine
7237,Cardamine impatiens,Plants,Plantae,Tracheophyta,Magnoliopsida,Brassicales,Brassicaceae,Cardamine
7238,Cardamine nuttallii,Plants,Plantae,Tracheophyta,Magnoliopsida,Brassicales,Brassicaceae,Cardamine
7239,Cardamine pratensis,Plants,Plantae,Tracheophyta,Magnoliopsida,Brassicales,Brassicaceae,Cardamine
7240,Caulanthus lasiophyllus,Plants,Plantae,Tracheophyta,Magnoliopsida,Brassicales,Brassicaceae,Caulanthus
7241,Chorispora tenella,Plants,Plantae,Tracheophyta,Magnoliopsida,Brassicales,Brassicaceae,Chorispora
7242,Crambe maritima,Plants,Plantae,Tracheophyta,Magnoliopsida,Brassicales,Brassicaceae,Crambe
7243,Descurainia pinnata,Plants,Plantae,Tracheophyta,Magnoliopsida,Brassicales,Brassicaceae,Descurainia
7244,Descurainia sophia,Plants,Plantae,Tracheophyta,Magnoliopsida,Brassicales,Brassicaceae,Descurainia
7245,Diplotaxis tenuifolia,Plants,Plantae,Tracheophyta,Magnoliopsida,Brassicales,Brassicaceae,Diplotaxis
7246,Dithyrea californica,Plants,Plantae,Tracheophyta,Magnoliopsida,Brassicales,Brassicaceae,Dithyrea
7247,Draba cuneifolia,Plants,Plantae,Tracheophyta,Magnoliopsida,Brassicales,Brassicaceae,Draba
7248,Draba verna,Plants,Plantae,Tracheophyta,Magnoliopsida,Brassicales,Brassicaceae,Draba
7249,Eruca vesicaria,Plants,Plantae,Tracheophyta,Magnoliopsida,Brassicales,Brassicaceae,Eruca
7250,Erysimum capitatum,Plants,Plantae,Tracheophyta,Magnoliopsida,Brassicales,Brassicaceae,Erysimum
7251,Erysimum cheiranthoides,Plants,Plantae,Tracheophyta,Magnoliopsida,Brassicales,Brassicaceae,Erysimum
7252,Erysimum cheiri,Plants,Plantae,Tracheophyta,Magnoliopsida,Brassicales,Brassicaceae,Erysimum
7253,Hesperis matronalis,Plants,Plantae,Tracheophyta,Magnoliopsida,Brassicales,Brassicaceae,Hesperis
7254,Hirschfeldia incana,Plants,Plantae,Tracheophyta,Magnoliopsida,Brassicales,Brassicaceae,Hirschfeldia
7255,Lepidium campestre,Plants,Plantae,Tracheophyta,Magnoliopsida,Brassicales,Brassicaceae,Lepidium
7256,Lepidium densiflorum,Plants,Plantae,Tracheophyta,Magnoliopsida,Brassicales,Brassicaceae,Lepidium
7257,Lepidium didymum,Plants,Plantae,Tracheophyta,Magnoliopsida,Brassicales,Brassicaceae,Lepidium
7258,Lepidium draba,Plants,Plantae,Tracheophyta,Magnoliopsida,Brassicales,Brassicaceae,Lepidium
7259,Lepidium lasiocarpum,Plants,Plantae,Tracheophyta,Magnoliopsida,Brassicales,Brassicaceae,Lepidium
7260,Lepidium latifolium,Plants,Plantae,Tracheophyta,Magnoliopsida,Brassicales,Brassicaceae,Lepidium
7261,Lepidium nitidum,Plants,Plantae,Tracheophyta,Magnoliopsida,Brassicales,Brassicaceae,Lepidium
7262,Lepidium virginicum,Plants,Plantae,Tracheophyta,Magnoliopsida,Brassicales,Brassicaceae,Lepidium
7263,Lobularia maritima,Plants,Plantae,Tracheophyta,Magnoliopsida,Brassicales,Brassicaceae,Lobularia
7264,Lunaria annua,Plants,Plantae,Tracheophyta,Magnoliopsida,Brassicales,Brassicaceae,Lunaria
7265,Lunaria rediviva,Plants,Plantae,Tracheophyta,Magnoliopsida,Brassicales,Brassicaceae,Lunaria
7266,Nasturtium officinale,Plants,Plantae,Tracheophyta,Magnoliopsida,Brassicales,Brassicaceae,Nasturtium
7267,Physaria gordonii,Plants,Plantae,Tracheophyta,Magnoliopsida,Brassicales,Brassicaceae,Physaria
7268,Raphanus raphanistrum,Plants,Plantae,Tracheophyta,Magnoliopsida,Brassicales,Brassicaceae,Raphanus
7269,Raphanus sativus,Plants,Plantae,Tracheophyta,Magnoliopsida,Brassicales,Brassicaceae,Raphanus
7270,Rapistrum rugosum,Plants,Plantae,Tracheophyta,Magnoliopsida,Brassicales,Brassicaceae,Rapistrum
7271,Rorippa palustris,Plants,Plantae,Tracheophyta,Magnoliopsida,Brassicales,Brassicaceae,Rorippa
7272,Sinapis arvensis,Plants,Plantae,Tracheophyta,Magnoliopsida,Brassicales,Brassicaceae,Sinapis
7273,Sisymbrium altissimum,Plants,Plantae,Tracheophyta,Magnoliopsida,Brassicales,Brassicaceae,Sisymbrium
7274,Sisymbrium irio,Plants,Plantae,Tracheophyta,Magnoliopsida,Brassicales,Brassicaceae,Sisymbrium
7275,Sisymbrium loeselii,Plants,Plantae,Tracheophyta,Magnoliopsida,Brassicales,Brassicaceae,Sisymbrium
7276,Sisymbrium officinale,Plants,Plantae,Tracheophyta,Magnoliopsida,Brassicales,Brassicaceae,Sisymbrium
7277,Stanleya pinnata,Plants,Plantae,Tracheophyta,Magnoliopsida,Brassicales,Brassicaceae,Stanleya
7278,Streptanthus glandulosus,Plants,Plantae,Tracheophyta,Magnoliopsida,Brassicales,Brassicaceae,Streptanthus
7279,Streptanthus tortuosus,Plants,Plantae,Tracheophyta,Magnoliopsida,Brassicales,Brassicaceae,Streptanthus
7280,Thlaspi arvense,Plants,Plantae,Tracheophyta,Magnoliopsida,Brassicales,Brassicaceae,Thlaspi
7281,Thysanocarpus curvipes,Plants,Plantae,Tracheophyta,Magnoliopsida,Brassicales,Brassicaceae,Thysanocarpus
7282,Turritis glabra,Plants,Plantae,Tracheophyta,Magnoliopsida,Brassicales,Brassicaceae,Turritis
7283,Capparis spinosa,Plants,Plantae,Tracheophyta,Magnoliopsida,Brassicales,Capparaceae,Capparis
7284,Capparis zoharyi,Plants,Plantae,Tracheophyta,Magnoliopsida,Brassicales,Capparaceae,Capparis
7285,Carica papaya,Plants,Plantae,Tracheophyta,Magnoliopsida,Brassicales,Caricaceae,Carica
7286,Cleome rutidosperma,Plants,Plantae,Tracheophyta,Magnoliopsida,Brassicales,Cleomaceae,Cleome
7287,Cleome viscosa,Plants,Plantae,Tracheophyta,Magnoliopsida,Brassicales,Cleomaceae,Cleome
7288,Peritoma arborea,Plants,Plantae,Tracheophyta,Magnoliopsida,Brassicales,Cleomaceae,Peritoma
7289,Peritoma serrulata,Plants,Plantae,Tracheophyta,Magnoliopsida,Brassicales,Cleomaceae,Peritoma
7290,Polanisia dodecandra,Plants,Plantae,Tracheophyta,Magnoliopsida,Brassicales,Cleomaceae,Polanisia
7291,Koeberlinia spinosa,Plants,Plantae,Tracheophyta,Magnoliopsida,Brassicales,Koeberliniaceae,Koeberlinia
7292,Floerkea proserpinacoides,Plants,Plantae,Tracheophyta,Magnoliopsida,Brassicales,Limnanthaceae,Floerkea
7293,Limnanthes douglasii,Plants,Plantae,Tracheophyta,Magnoliopsida,Brassicales,Limnanthaceae,Limnanthes
7294,Reseda lutea,Plants,Plantae,Tracheophyta,Magnoliopsida,Brassicales,Resedaceae,Reseda
7295,Reseda luteola,Plants,Plantae,Tracheophyta,Magnoliopsida,Brassicales,Resedaceae,Reseda
7296,Tropaeolum majus,Plants,Plantae,Tracheophyta,Magnoliopsida,Brassicales,Tropaeolaceae,Tropaeolum
7297,Brunia noduliflora,Plants,Plantae,Tracheophyta,Magnoliopsida,Bruniales,Bruniaceae,Brunia
7298,Pachysandra terminalis,Plants,Plantae,Tracheophyta,Magnoliopsida,Buxales,Buxaceae,Pachysandra
7299,Pseudowintera colorata,Plants,Plantae,Tracheophyta,Magnoliopsida,Canellales,Winteraceae,Pseudowintera
7300,Carpobrotus chilensis,Plants,Plantae,Tracheophyta,Magnoliopsida,Caryophyllales,Aizoaceae,Carpobrotus
7301,Carpobrotus edulis,Plants,Plantae,Tracheophyta,Magnoliopsida,Caryophyllales,Aizoaceae,Carpobrotus
7302,Conicosia pugioniformis,Plants,Plantae,Tracheophyta,Magnoliopsida,Caryophyllales,Aizoaceae,Conicosia
7303,Disphyma australe,Plants,Plantae,Tracheophyta,Magnoliopsida,Caryophyllales,Aizoaceae,Disphyma
7304,Mesembryanthemum cordifolium,Plants,Plantae,Tracheophyta,Magnoliopsida,Caryophyllales,Aizoaceae,Mesembryanthemum
7305,Mesembryanthemum crystallinum,Plants,Plantae,Tracheophyta,Magnoliopsida,Caryophyllales,Aizoaceae,Mesembryanthemum
7306,Mesembryanthemum nodiflorum,Plants,Plantae,Tracheophyta,Magnoliopsida,Caryophyllales,Aizoaceae,Mesembryanthemum
7307,Sesuvium portulacastrum,Plants,Plantae,Tracheophyta,Magnoliopsida,Caryophyllales,Aizoaceae,Sesuvium
7308,Tetragonia implexicoma,Plants,Plantae,Tracheophyta,Magnoliopsida,Caryophyllales,Aizoaceae,Tetragonia
7309,Tetragonia tetragonoides,Plants,Plantae,Tracheophyta,Magnoliopsida,Caryophyllales,Aizoaceae,Tetragonia
7310,Achyranthes aspera,Plants,Plantae,Tracheophyta,Magnoliopsida,Caryophyllales,Amaranthaceae,Achyranthes
7311,Allenrolfea occidentalis,Plants,Plantae,Tracheophyta,Magnoliopsida,Caryophyllales,Amaranthaceae,Allenrolfea
7312,Alternanthera philoxeroides,Plants,Plantae,Tracheophyta,Magnoliopsida,Caryophyllales,Amaranthaceae,Alternanthera
7313,Amaranthus palmeri,Plants,Plantae,Tracheophyta,Magnoliopsida,Caryophyllales,Amaranthaceae,Amaranthus
7314,Amaranthus retroflexus,Plants,Plantae,Tracheophyta,Magnoliopsida,Caryophyllales,Amaranthaceae,Amaranthus
7315,Atriplex canescens,Plants,Plantae,Tracheophyta,Magnoliopsida,Caryophyllales,Amaranthaceae,Atriplex
7316,Atriplex hymenelytra,Plants,Plantae,Tracheophyta,Magnoliopsida,Caryophyllales,Amaranthaceae,Atriplex
7317,Atriplex lentiformis,Plants,Plantae,Tracheophyta,Magnoliopsida,Caryophyllales,Amaranthaceae,Atriplex
7318,Atriplex polycarpa,Plants,Plantae,Tracheophyta,Magnoliopsida,Caryophyllales,Amaranthaceae,Atriplex
7319,Atriplex prostrata,Plants,Plantae,Tracheophyta,Magnoliopsida,Caryophyllales,Amaranthaceae,Atriplex
7320,Atriplex sagittata,Plants,Plantae,Tracheophyta,Magnoliopsida,Caryophyllales,Amaranthaceae,Atriplex
7321,Atriplex semibaccata,Plants,Plantae,Tracheophyta,Magnoliopsida,Caryophyllales,Amaranthaceae,Atriplex
7322,Bassia scoparia,Plants,Plantae,Tracheophyta,Magnoliopsida,Caryophyllales,Amaranthaceae,Bassia
7323,Beta vulgaris,Plants,Plantae,Tracheophyta,Magnoliopsida,Caryophyllales,Amaranthaceae,Beta
7324,Celosia argentea,Plants,Plantae,Tracheophyta,Magnoliopsida,Caryophyllales,Amaranthaceae,Celosia
7325,Chenopodiastrum murale,Plants,Plantae,Tracheophyta,Magnoliopsida,Caryophyllales,Amaranthaceae,Chenopodiastrum
7326,Chenopodium album,Plants,Plantae,Tracheophyta,Magnoliopsida,Caryophyllales,Amaranthaceae,Chenopodium
7327,Dysphania ambrosioides,Plants,Plantae,Tracheophyta,Magnoliopsida,Caryophyllales,Amaranthaceae,Dysphania
7328,Dysphania pumilio,Plants,Plantae,Tracheophyta,Magnoliopsida,Caryophyllales,Amaranthaceae,Dysphania
7329,Froelichia floridana,Plants,Plantae,Tracheophyta,Magnoliopsida,Caryophyllales,Amaranthaceae,Froelichia
7330,Gomphrena celosioides,Plants,Plantae,Tracheophyta,Magnoliopsida,Caryophyllales,Amaranthaceae,Gomphrena
7331,Gomphrena serrata,Plants,Plantae,Tracheophyta,Magnoliopsida,Caryophyllales,Amaranthaceae,Gomphrena
7332,Grayia spinosa,Plants,Plantae,Tracheophyta,Magnoliopsida,Caryophyllales,Amaranthaceae,Grayia
7333,Krascheninnikovia lanata,Plants,Plantae,Tracheophyta,Magnoliopsida,Caryophyllales,Amaranthaceae,Krascheninnikovia
7334,Oxybasis glauca,Plants,Plantae,Tracheophyta,Magnoliopsida,Caryophyllales,Amaranthaceae,Oxybasis
7335,Salicornia pacifica,Plants,Plantae,Tracheophyta,Magnoliopsida,Caryophyllales,Amaranthaceae,Salicornia
7336,Salicornia quinqueflora,Plants,Plantae,Tracheophyta,Magnoliopsida,Caryophyllales,Amaranthaceae,Salicornia
7337,Salsola kali,Plants,Plantae,Tracheophyta,Magnoliopsida,Caryophyllales,Amaranthaceae,Salsola
7338,Salsola tragus,Plants,Plantae,Tracheophyta,Magnoliopsida,Caryophyllales,Amaranthaceae,Salsola
7339,Anredera cordifolia,Plants,Plantae,Tracheophyta,Magnoliopsida,Caryophyllales,Basellaceae,Anredera
7340,Acanthocereus tetragonus,Plants,Plantae,Tracheophyta,Magnoliopsida,Caryophyllales,Cactaceae,Acanthocereus
7341,Bergerocactus emoryi,Plants,Plantae,Tracheophyta,Magnoliopsida,Caryophyllales,Cactaceae,Bergerocactus
7342,Carnegiea gigantea,Plants,Plantae,Tracheophyta,Magnoliopsida,Caryophyllales,Cactaceae,Carnegiea
7343,Coryphantha macromeris,Plants,Plantae,Tracheophyta,Magnoliopsida,Caryophyllales,Cactaceae,Coryphantha
7344,Coryphantha sulcata,Plants,Plantae,Tracheophyta,Magnoliopsida,Caryophyllales,Cactaceae,Coryphantha
7345,Cylindropuntia acanthocarpa,Plants,Plantae,Tracheophyta,Magnoliopsida,Caryophyllales,Cactaceae,Cylindropuntia
7346,Cylindropuntia bigelovii,Plants,Plantae,Tracheophyta,Magnoliopsida,Caryophyllales,Cactaceae,Cylindropuntia
7347,Cylindropuntia californica,Plants,Plantae,Tracheophyta,Magnoliopsida,Caryophyllales,Cactaceae,Cylindropuntia
7348,Cylindropuntia echinocarpa,Plants,Plantae,Tracheophyta,Magnoliopsida,Caryophyllales,Cactaceae,Cylindropuntia
7349,Cylindropuntia fulgida,Plants,Plantae,Tracheophyta,Magnoliopsida,Caryophyllales,Cactaceae,Cylindropuntia
7350,Cylindropuntia ganderi,Plants,Plantae,Tracheophyta,Magnoliopsida,Caryophyllales,Cactaceae,Cylindropuntia
7351,Cylindropuntia imbricata,Plants,Plantae,Tracheophyta,Magnoliopsida,Caryophyllales,Cactaceae,Cylindropuntia
7352,Cylindropuntia leptocaulis,Plants,Plantae,Tracheophyta,Magnoliopsida,Caryophyllales,Cactaceae,Cylindropuntia
7353,Cylindropuntia prolifera,Plants,Plantae,Tracheophyta,Magnoliopsida,Caryophyllales,Cactaceae,Cylindropuntia
7354,Cylindropuntia ramosissima,Plants,Plantae,Tracheophyta,Magnoliopsida,Caryophyllales,Cactaceae,Cylindropuntia
7355,Cylindropuntia thurberi,Plants,Plantae,Tracheophyta,Magnoliopsida,Caryophyllales,Cactaceae,Cylindropuntia
7356,Cylindropuntia whipplei,Plants,Plantae,Tracheophyta,Magnoliopsida,Caryophyllales,Cactaceae,Cylindropuntia
7357,Echinocactus horizonthalonius,Plants,Plantae,Tracheophyta,Magnoliopsida,Caryophyllales,Cactaceae,Echinocactus
7358,Echinocactus platyacanthus,Plants,Plantae,Tracheophyta,Magnoliopsida,Caryophyllales,Cactaceae,Echinocactus
7359,Echinocereus bakeri,Plants,Plantae,Tracheophyta,Magnoliopsida,Caryophyllales,Cactaceae,Echinocereus
7360,Echinocereus chloranthus,Plants,Plantae,Tracheophyta,Magnoliopsida,Caryophyllales,Cactaceae,Echinocereus
7361,Echinocereus coccineus,Plants,Plantae,Tracheophyta,Magnoliopsida,Caryophyllales,Cactaceae,Echinocereus
7362,Echinocereus dasyacanthus,Plants,Plantae,Tracheophyta,Magnoliopsida,Caryophyllales,Cactaceae,Echinocereus
7363,Echinocereus engelmannii,Plants,Plantae,Tracheophyta,Magnoliopsida,Caryophyllales,Cactaceae,Echinocereus
7364,Echinocereus enneacanthus,Plants,Plantae,Tracheophyta,Magnoliopsida,Caryophyllales,Cactaceae,Echinocereus
7365,Echinocereus fendleri,Plants,Plantae,Tracheophyta,Magnoliopsida,Caryophyllales,Cactaceae,Echinocereus
7366,Echinocereus pectinatus,Plants,Plantae,Tracheophyta,Magnoliopsida,Caryophyllales,Cactaceae,Echinocereus
7367,Echinocereus pentalophus,Plants,Plantae,Tracheophyta,Magnoliopsida,Caryophyllales,Cactaceae,Echinocereus
7368,Echinocereus reichenbachii,Plants,Plantae,Tracheophyta,Magnoliopsida,Caryophyllales,Cactaceae,Echinocereus
7369,Echinocereus rigidissimus,Plants,Plantae,Tracheophyta,Magnoliopsida,Caryophyllales,Cactaceae,Echinocereus
7370,Echinocereus santaritensis,Plants,Plantae,Tracheophyta,Magnoliopsida,Caryophyllales,Cactaceae,Echinocereus
7371,Echinocereus stramineus,Plants,Plantae,Tracheophyta,Magnoliopsida,Caryophyllales,Cactaceae,Echinocereus
7372,Echinocereus triglochidiatus,Plants,Plantae,Tracheophyta,Magnoliopsida,Caryophyllales,Cactaceae,Echinocereus
7373,Escobaria missouriensis,Plants,Plantae,Tracheophyta,Magnoliopsida,Caryophyllales,Cactaceae,Escobaria
7374,Escobaria tuberculosa,Plants,Plantae,Tracheophyta,Magnoliopsida,Caryophyllales,Cactaceae,Escobaria
7375,Escobaria vivipara,Plants,Plantae,Tracheophyta,Magnoliopsida,Caryophyllales,Cactaceae,Escobaria
7376,Ferocactus cylindraceus,Plants,Plantae,Tracheophyta,Magnoliopsida,Caryophyllales,Cactaceae,Ferocactus
7377,Ferocactus emoryi,Plants,Plantae,Tracheophyta,Magnoliopsida,Caryophyllales,Cactaceae,Ferocactus
7378,Ferocactus histrix,Plants,Plantae,Tracheophyta,Magnoliopsida,Caryophyllales,Cactaceae,Ferocactus
7379,Ferocactus latispinus,Plants,Plantae,Tracheophyta,Magnoliopsida,Caryophyllales,Cactaceae,Ferocactus
7380,Ferocactus viridescens,Plants,Plantae,Tracheophyta,Magnoliopsida,Caryophyllales,Cactaceae,Ferocactus
7381,Ferocactus wislizeni,Plants,Plantae,Tracheophyta,Magnoliopsida,Caryophyllales,Cactaceae,Ferocactus
7382,Hamatocactus hamatacanthus,Plants,Plantae,Tracheophyta,Magnoliopsida,Caryophyllales,Cactaceae,Hamatocactus
7383,Homalocephala polycephala,Plants,Plantae,Tracheophyta,Magnoliopsida,Caryophyllales,Cactaceae,Homalocephala
7384,Homalocephala texensis,Plants,Plantae,Tracheophyta,Magnoliopsida,Caryophyllales,Cactaceae,Homalocephala
7385,Lophocereus schottii,Plants,Plantae,Tracheophyta,Magnoliopsida,Caryophyllales,Cactaceae,Lophocereus
7386,Lophophora williamsii,Plants,Plantae,Tracheophyta,Magnoliopsida,Caryophyllales,Cactaceae,Lophophora
7387,Mammillaria dioica,Plants,Plantae,Tracheophyta,Magnoliopsida,Caryophyllales,Cactaceae,Mammillaria
7388,Mammillaria grahamii,Plants,Plantae,Tracheophyta,Magnoliopsida,Caryophyllales,Cactaceae,Mammillaria
7389,Mammillaria heyderi,Plants,Plantae,Tracheophyta,Magnoliopsida,Caryophyllales,Cactaceae,Mammillaria
7390,Mammillaria magnimamma,Plants,Plantae,Tracheophyta,Magnoliopsida,Caryophyllales,Cactaceae,Mammillaria
7391,Mammillaria tetrancistra,Plants,Plantae,Tracheophyta,Magnoliopsida,Caryophyllales,Cactaceae,Mammillaria
7392,Myrtillocactus geometrizans,Plants,Plantae,Tracheophyta,Magnoliopsida,Caryophyllales,Cactaceae,Myrtillocactus
7393,Neolloydia conoidea,Plants,Plantae,Tracheophyta,Magnoliopsida,Caryophyllales,Cactaceae,Neolloydia
7394,Opuntia basilaris,Plants,Plantae,Tracheophyta,Magnoliopsida,Caryophyllales,Cactaceae,Opuntia
7395,Opuntia cespitosa,Plants,Plantae,Tracheophyta,Magnoliopsida,Caryophyllales,Cactaceae,Opuntia
7396,Opuntia chlorotica,Plants,Plantae,Tracheophyta,Magnoliopsida,Caryophyllales,Cactaceae,Opuntia
7397,Opuntia cochenillifera,Plants,Plantae,Tracheophyta,Magnoliopsida,Caryophyllales,Cactaceae,Opuntia
7398,Opuntia decumbens,Plants,Plantae,Tracheophyta,Magnoliopsida,Caryophyllales,Cactaceae,Opuntia
7399,Opuntia engelmannii,Plants,Plantae,Tracheophyta,Magnoliopsida,Caryophyllales,Cactaceae,Opuntia
7400,Opuntia ficus-indica,Plants,Plantae,Tracheophyta,Magnoliopsida,Caryophyllales,Cactaceae,Opuntia
7401,Opuntia fragilis,Plants,Plantae,Tracheophyta,Magnoliopsida,Caryophyllales,Cactaceae,Opuntia
7402,Opuntia humifusa,Plants,Plantae,Tracheophyta,Magnoliopsida,Caryophyllales,Cactaceae,Opuntia
7403,Opuntia lindheimeri,Plants,Plantae,Tracheophyta,Magnoliopsida,Caryophyllales,Cactaceae,Opuntia
7404,Opuntia littoralis,Plants,Plantae,Tracheophyta,Magnoliopsida,Caryophyllales,Cactaceae,Opuntia
7405,Opuntia macrocentra,Plants,Plantae,Tracheophyta,Magnoliopsida,Caryophyllales,Cactaceae,Opuntia
7406,Opuntia macrorhiza,Plants,Plantae,Tracheophyta,Magnoliopsida,Caryophyllales,Cactaceae,Opuntia
7407,Opuntia microdasys,Plants,Plantae,Tracheophyta,Magnoliopsida,Caryophyllales,Cactaceae,Opuntia
7408,Opuntia phaeacantha,Plants,Plantae,Tracheophyta,Magnoliopsida,Caryophyllales,Cactaceae,Opuntia
7409,Opuntia polyacantha,Plants,Plantae,Tracheophyta,Magnoliopsida,Caryophyllales,Cactaceae,Opuntia
7410,Opuntia robusta,Plants,Plantae,Tracheophyta,Magnoliopsida,Caryophyllales,Cactaceae,Opuntia
7411,Opuntia stricta,Plants,Plantae,Tracheophyta,Magnoliopsida,Caryophyllales,Cactaceae,Opuntia
7412,Opuntia tomentosa,Plants,Plantae,Tracheophyta,Magnoliopsida,Caryophyllales,Cactaceae,Opuntia
7413,Pachycereus pecten-aboriginum,Plants,Plantae,Tracheophyta,Magnoliopsida,Caryophyllales,Cactaceae,Pachycereus
7414,Pachycereus pringlei,Plants,Plantae,Tracheophyta,Magnoliopsida,Caryophyllales,Cactaceae,Pachycereus
7415,Pediocactus simpsonii,Plants,Plantae,Tracheophyta,Magnoliopsida,Caryophyllales,Cactaceae,Pediocactus
7416,Peniocereus greggii,Plants,Plantae,Tracheophyta,Magnoliopsida,Caryophyllales,Cactaceae,Peniocereus
7417,Selenicereus undatus,Plants,Plantae,Tracheophyta,Magnoliopsida,Caryophyllales,Cactaceae,Selenicereus
7418,Stenocereus gummosus,Plants,Plantae,Tracheophyta,Magnoliopsida,Caryophyllales,Cactaceae,Stenocereus
7419,Stenocereus thurberi,Plants,Plantae,Tracheophyta,Magnoliopsida,Caryophyllales,Cactaceae,Stenocereus
7420,Achyronychia cooperi,Plants,Plantae,Tracheophyta,Magnoliopsida,Caryophyllales,Caryophyllaceae,Achyronychia
7421,Arenaria serpyllifolia,Plants,Plantae,Tracheophyta,Magnoliopsida,Caryophyllales,Caryophyllaceae,Arenaria
7422,Cardionema ramosissimum,Plants,Plantae,Tracheophyta,Magnoliopsida,Caryophyllales,Caryophyllaceae,Cardionema
7423,Cerastium arvense,Plants,Plantae,Tracheophyta,Magnoliopsida,Caryophyllales,Caryophyllaceae,Cerastium
7424,Cerastium fontanum,Plants,Plantae,Tracheophyta,Magnoliopsida,Caryophyllales,Caryophyllaceae,Cerastium
7425,Cerastium glomeratum,Plants,Plantae,Tracheophyta,Magnoliopsida,Caryophyllales,Caryophyllaceae,Cerastium
7426,Dianthus armeria,Plants,Plantae,Tracheophyta,Magnoliopsida,Caryophyllales,Caryophyllaceae,Dianthus
7427,Dianthus barbatus,Plants,Plantae,Tracheophyta,Magnoliopsida,Caryophyllales,Caryophyllaceae,Dianthus
7428,Dianthus carthusianorum,Plants,Plantae,Tracheophyta,Magnoliopsida,Caryophyllales,Caryophyllaceae,Dianthus
7429,Dianthus chinensis,Plants,Plantae,Tracheophyta,Magnoliopsida,Caryophyllales,Caryophyllaceae,Dianthus
7430,Dianthus deltoides,Plants,Plantae,Tracheophyta,Magnoliopsida,Caryophyllales,Caryophyllaceae,Dianthus
7431,Dianthus superbus,Plants,Plantae,Tracheophyta,Magnoliopsida,Caryophyllales,Caryophyllaceae,Dianthus
7432,Drymaria cordata,Plants,Plantae,Tracheophyta,Magnoliopsida,Caryophyllales,Caryophyllaceae,Drymaria
7433,Herniaria glabra,Plants,Plantae,Tracheophyta,Magnoliopsida,Caryophyllales,Caryophyllaceae,Herniaria
7434,Honckenya peploides,Plants,Plantae,Tracheophyta,Magnoliopsida,Caryophyllales,Caryophyllaceae,Honckenya
7435,Moehringia lateriflora,Plants,Plantae,Tracheophyta,Magnoliopsida,Caryophyllales,Caryophyllaceae,Moehringia
7436,Moehringia macrophylla,Plants,Plantae,Tracheophyta,Magnoliopsida,Caryophyllales,Caryophyllaceae,Moehringia
7437,Moehringia trinervia,Plants,Plantae,Tracheophyta,Magnoliopsida,Caryophyllales,Caryophyllaceae,Moehringia
7438,Mononeuria groenlandica,Plants,Plantae,Tracheophyta,Magnoliopsida,Caryophyllales,Caryophyllaceae,Mononeuria
7439,Petrorhagia dubia,Plants,Plantae,Tracheophyta,Magnoliopsida,Caryophyllales,Caryophyllaceae,Petrorhagia
7440,Polycarpon tetraphyllum,Plants,Plantae,Tracheophyta,Magnoliopsida,Caryophyllales,Caryophyllaceae,Polycarpon
7441,Rabelera holostea,Plants,Plantae,Tracheophyta,Magnoliopsida,Caryophyllales,Caryophyllaceae,Rabelera
7442,Sabulina michauxii,Plants,Plantae,Tracheophyta,Magnoliopsida,Caryophyllales,Caryophyllaceae,Sabulina
7443,Sagina procumbens,Plants,Plantae,Tracheophyta,Magnoliopsida,Caryophyllales,Caryophyllaceae,Sagina
7444,Saponaria ocymoides,Plants,Plantae,Tracheophyta,Magnoliopsida,Caryophyllales,Caryophyllaceae,Saponaria
7445,Saponaria officinalis,Plants,Plantae,Tracheophyta,Magnoliopsida,Caryophyllales,Caryophyllaceae,Saponaria
7446,Scleranthus annuus,Plants,Plantae,Tracheophyta,Magnoliopsida,Caryophyllales,Caryophyllaceae,Scleranthus
7447,Silene acaulis,Plants,Plantae,Tracheophyta,Magnoliopsida,Caryophyllales,Caryophyllaceae,Silene
7448,Silene antirrhina,Plants,Plantae,Tracheophyta,Magnoliopsida,Caryophyllales,Caryophyllaceae,Silene
7449,Silene coronaria,Plants,Plantae,Tracheophyta,Magnoliopsida,Caryophyllales,Caryophyllaceae,Silene
7450,Silene dioica,Plants,Plantae,Tracheophyta,Magnoliopsida,Caryophyllales,Caryophyllaceae,Silene
7451,Silene flos-cuculi,Plants,Plantae,Tracheophyta,Magnoliopsida,Caryophyllales,Caryophyllaceae,Silene
7452,Silene gallica,Plants,Plantae,Tracheophyta,Magnoliopsida,Caryophyllales,Caryophyllaceae,Silene
7453,Silene laciniata,Plants,Plantae,Tracheophyta,Magnoliopsida,Caryophyllales,Caryophyllaceae,Silene
7454,Silene latifolia,Plants,Plantae,Tracheophyta,Magnoliopsida,Caryophyllales,Caryophyllaceae,Silene
7455,Silene nutans,Plants,Plantae,Tracheophyta,Magnoliopsida,Caryophyllales,Caryophyllaceae,Silene
7456,Silene regia,Plants,Plantae,Tracheophyta,Magnoliopsida,Caryophyllales,Caryophyllaceae,Silene
7457,Silene stellata,Plants,Plantae,Tracheophyta,Magnoliopsida,Caryophyllales,Caryophyllaceae,Silene
7458,Silene uniflora,Plants,Plantae,Tracheophyta,Magnoliopsida,Caryophyllales,Caryophyllaceae,Silene
7459,Silene virginica,Plants,Plantae,Tracheophyta,Magnoliopsida,Caryophyllales,Caryophyllaceae,Silene
7460,Silene vulgaris,Plants,Plantae,Tracheophyta,Magnoliopsida,Caryophyllales,Caryophyllaceae,Silene
7461,Spergula arvensis,Plants,Plantae,Tracheophyta,Magnoliopsida,Caryophyllales,Caryophyllaceae,Spergula
7462,Spergularia rubra,Plants,Plantae,Tracheophyta,Magnoliopsida,Caryophyllales,Caryophyllaceae,Spergularia
7463,Stellaria aquatica,Plants,Plantae,Tracheophyta,Magnoliopsida,Caryophyllales,Caryophyllaceae,Stellaria
7464,Stellaria graminea,Plants,Plantae,Tracheophyta,Magnoliopsida,Caryophyllales,Caryophyllaceae,Stellaria
7465,Stellaria media,Plants,Plantae,Tracheophyta,Magnoliopsida,Caryophyllales,Caryophyllaceae,Stellaria
7466,Stellaria nemorum,Plants,Plantae,Tracheophyta,Magnoliopsida,Caryophyllales,Caryophyllaceae,Stellaria
7467,Stellaria pubera,Plants,Plantae,Tracheophyta,Magnoliopsida,Caryophyllales,Caryophyllaceae,Stellaria
7468,Viscaria vulgaris,Plants,Plantae,Tracheophyta,Magnoliopsida,Caryophyllales,Caryophyllaceae,Viscaria
7469,Portulacaria afra,Plants,Plantae,Tracheophyta,Magnoliopsida,Caryophyllales,Didiereaceae,Portulacaria
7470,Drosera aberrans,Plants,Plantae,Tracheophyta,Magnoliopsida,Caryophyllales,Droseraceae,Drosera
7471,Drosera anglica,Plants,Plantae,Tracheophyta,Magnoliopsida,Caryophyllales,Droseraceae,Drosera
7472,Drosera arcturi,Plants,Plantae,Tracheophyta,Magnoliopsida,Caryophyllales,Droseraceae,Drosera
7473,Drosera auriculata,Plants,Plantae,Tracheophyta,Magnoliopsida,Caryophyllales,Droseraceae,Drosera
7474,Drosera brevifolia,Plants,Plantae,Tracheophyta,Magnoliopsida,Caryophyllales,Droseraceae,Drosera
7475,Drosera capillaris,Plants,Plantae,Tracheophyta,Magnoliopsida,Caryophyllales,Droseraceae,Drosera
7476,Drosera cistiflora,Plants,Plantae,Tracheophyta,Magnoliopsida,Caryophyllales,Droseraceae,Drosera
7477,Drosera intermedia,Plants,Plantae,Tracheophyta,Magnoliopsida,Caryophyllales,Droseraceae,Drosera
7478,Drosera planchonii,Plants,Plantae,Tracheophyta,Magnoliopsida,Caryophyllales,Droseraceae,Drosera
7479,Drosera rotundifolia,Plants,Plantae,Tracheophyta,Magnoliopsida,Caryophyllales,Droseraceae,Drosera
7480,Drosera spatulata,Plants,Plantae,Tracheophyta,Magnoliopsida,Caryophyllales,Droseraceae,Drosera
7481,Drosera whittakeri,Plants,Plantae,Tracheophyta,Magnoliopsida,Caryophyllales,Droseraceae,Drosera
7482,Frankenia salina,Plants,Plantae,Tracheophyta,Magnoliopsida,Caryophyllales,Frankeniaceae,Frankenia
7483,Mollugo verticillata,Plants,Plantae,Tracheophyta,Magnoliopsida,Caryophyllales,Molluginaceae,Mollugo
7484,Calandrinia menziesii,Plants,Plantae,Tracheophyta,Magnoliopsida,Caryophyllales,Montiaceae,Calandrinia
7485,Calyptridium monandrum,Plants,Plantae,Tracheophyta,Magnoliopsida,Caryophyllales,Montiaceae,Calyptridium
7486,Calyptridium monospermum,Plants,Plantae,Tracheophyta,Magnoliopsida,Caryophyllales,Montiaceae,Calyptridium
7487,Calyptridium umbellatum,Plants,Plantae,Tracheophyta,Magnoliopsida,Caryophyllales,Montiaceae,Calyptridium
7488,Claytonia caroliniana,Plants,Plantae,Tracheophyta,Magnoliopsida,Caryophyllales,Montiaceae,Claytonia
7489,Claytonia lanceolata,Plants,Plantae,Tracheophyta,Magnoliopsida,Caryophyllales,Montiaceae,Claytonia
7490,Claytonia parviflora,Plants,Plantae,Tracheophyta,Magnoliopsida,Caryophyllales,Montiaceae,Claytonia
7491,Claytonia perfoliata,Plants,Plantae,Tracheophyta,Magnoliopsida,Caryophyllales,Montiaceae,Claytonia
7492,Claytonia rubra,Plants,Plantae,Tracheophyta,Magnoliopsida,Caryophyllales,Montiaceae,Claytonia
7493,Claytonia sibirica,Plants,Plantae,Tracheophyta,Magnoliopsida,Caryophyllales,Montiaceae,Claytonia
7494,Claytonia virginica,Plants,Plantae,Tracheophyta,Magnoliopsida,Caryophyllales,Montiaceae,Claytonia
7495,Lewisia rediviva,Plants,Plantae,Tracheophyta,Magnoliopsida,Caryophyllales,Montiaceae,Lewisia
7496,Montia parvifolia,Plants,Plantae,Tracheophyta,Magnoliopsida,Caryophyllales,Montiaceae,Montia
7497,Abronia latifolia,Plants,Plantae,Tracheophyta,Magnoliopsida,Caryophyllales,Nyctaginaceae,Abronia
7498,Abronia maritima,Plants,Plantae,Tracheophyta,Magnoliopsida,Caryophyllales,Nyctaginaceae,Abronia
7499,Abronia umbellata,Plants,Plantae,Tracheophyta,Magnoliopsida,Caryophyllales,Nyctaginaceae,Abronia
7500,Abronia villosa,Plants,Plantae,Tracheophyta,Magnoliopsida,Caryophyllales,Nyctaginaceae,Abronia
7501,Allionia incarnata,Plants,Plantae,Tracheophyta,Magnoliopsida,Caryophyllales,Nyctaginaceae,Allionia
7502,Boerhavia coccinea,Plants,Plantae,Tracheophyta,Magnoliopsida,Caryophyllales,Nyctaginaceae,Boerhavia
7503,Mirabilis jalapa,Plants,Plantae,Tracheophyta,Magnoliopsida,Caryophyllales,Nyctaginaceae,Mirabilis
7504,Mirabilis laevis,Plants,Plantae,Tracheophyta,Magnoliopsida,Caryophyllales,Nyctaginaceae,Mirabilis
7505,Mirabilis multiflora,Plants,Plantae,Tracheophyta,Magnoliopsida,Caryophyllales,Nyctaginaceae,Mirabilis
7506,Mirabilis nyctaginea,Plants,Plantae,Tracheophyta,Magnoliopsida,Caryophyllales,Nyctaginaceae,Mirabilis
7507,Rivina humilis,Plants,Plantae,Tracheophyta,Magnoliopsida,Caryophyllales,Petiveriaceae,Rivina
7508,Phytolacca americana,Plants,Plantae,Tracheophyta,Magnoliopsida,Caryophyllales,Phytolaccaceae,Phytolacca
7509,Phytolacca icosandra,Plants,Plantae,Tracheophyta,Magnoliopsida,Caryophyllales,Phytolaccaceae,Phytolacca
7510,Phytolacca octandra,Plants,Plantae,Tracheophyta,Magnoliopsida,Caryophyllales,Phytolaccaceae,Phytolacca
7511,Armeria maritima,Plants,Plantae,Tracheophyta,Magnoliopsida,Caryophyllales,Plumbaginaceae,Armeria
7512,Limonium carolinianum,Plants,Plantae,Tracheophyta,Magnoliopsida,Caryophyllales,Plumbaginaceae,Limonium
7513,Limonium perezii,Plants,Plantae,Tracheophyta,Magnoliopsida,Caryophyllales,Plumbaginaceae,Limonium
7514,Limonium sinuatum,Plants,Plantae,Tracheophyta,Magnoliopsida,Caryophyllales,Plumbaginaceae,Limonium
7515,Plumbago auriculata,Plants,Plantae,Tracheophyta,Magnoliopsida,Caryophyllales,Plumbaginaceae,Plumbago
7516,Plumbago zeylanica,Plants,Plantae,Tracheophyta,Magnoliopsida,Caryophyllales,Plumbaginaceae,Plumbago
7517,Antigonon leptopus,Plants,Plantae,Tracheophyta,Magnoliopsida,Caryophyllales,Polygonaceae,Antigonon
7518,Bistorta bistortoides,Plants,Plantae,Tracheophyta,Magnoliopsida,Caryophyllales,Polygonaceae,Bistorta
7519,Bistorta officinalis,Plants,Plantae,Tracheophyta,Magnoliopsida,Caryophyllales,Polygonaceae,Bistorta
7520,Bistorta vivipara,Plants,Plantae,Tracheophyta,Magnoliopsida,Caryophyllales,Polygonaceae,Bistorta
7521,Chorizanthe brevicornu,Plants,Plantae,Tracheophyta,Magnoliopsida,Caryophyllales,Polygonaceae,Chorizanthe
7522,Chorizanthe fimbriata,Plants,Plantae,Tracheophyta,Magnoliopsida,Caryophyllales,Polygonaceae,Chorizanthe
7523,Chorizanthe rigida,Plants,Plantae,Tracheophyta,Magnoliopsida,Caryophyllales,Polygonaceae,Chorizanthe
7524,Coccoloba uvifera,Plants,Plantae,Tracheophyta,Magnoliopsida,Caryophyllales,Polygonaceae,Coccoloba
7525,Eriogonum cinereum,Plants,Plantae,Tracheophyta,Magnoliopsida,Caryophyllales,Polygonaceae,Eriogonum
7526,Eriogonum deflexum,Plants,Plantae,Tracheophyta,Magnoliopsida,Caryophyllales,Polygonaceae,Eriogonum
7527,Eriogonum fasciculatum,Plants,Plantae,Tracheophyta,Magnoliopsida,Caryophyllales,Polygonaceae,Eriogonum
7528,Eriogonum inflatum,Plants,Plantae,Tracheophyta,Magnoliopsida,Caryophyllales,Polygonaceae,Eriogonum
7529,Eriogonum latifolium,Plants,Plantae,Tracheophyta,Magnoliopsida,Caryophyllales,Polygonaceae,Eriogonum
7530,Eriogonum longifolium,Plants,Plantae,Tracheophyta,Magnoliopsida,Caryophyllales,Polygonaceae,Eriogonum
7531,Eriogonum nudum,Plants,Plantae,Tracheophyta,Magnoliopsida,Caryophyllales,Polygonaceae,Eriogonum
7532,Eriogonum ovalifolium,Plants,Plantae,Tracheophyta,Magnoliopsida,Caryophyllales,Polygonaceae,Eriogonum
7533,Eriogonum parvifolium,Plants,Plantae,Tracheophyta,Magnoliopsida,Caryophyllales,Polygonaceae,Eriogonum
7534,Eriogonum umbellatum,Plants,Plantae,Tracheophyta,Magnoliopsida,Caryophyllales,Polygonaceae,Eriogonum
7535,Eriogonum wrightii,Plants,Plantae,Tracheophyta,Magnoliopsida,Caryophyllales,Polygonaceae,Eriogonum
7536,Fallopia cilinodis,Plants,Plantae,Tracheophyta,Magnoliopsida,Caryophyllales,Polygonaceae,Fallopia
7537,Fallopia convolvulus,Plants,Plantae,Tracheophyta,Magnoliopsida,Caryophyllales,Polygonaceae,Fallopia
7538,Fallopia dumetorum,Plants,Plantae,Tracheophyta,Magnoliopsida,Caryophyllales,Polygonaceae,Fallopia
7539,Fallopia scandens,Plants,Plantae,Tracheophyta,Magnoliopsida,Caryophyllales,Polygonaceae,Fallopia
7540,Muehlenbeckia australis,Plants,Plantae,Tracheophyta,Magnoliopsida,Caryophyllales,Polygonaceae,Muehlenbeckia
7541,Muehlenbeckia axillaris,Plants,Plantae,Tracheophyta,Magnoliopsida,Caryophyllales,Polygonaceae,Muehlenbeckia
7542,Muehlenbeckia complexa,Plants,Plantae,Tracheophyta,Magnoliopsida,Caryophyllales,Polygonaceae,Muehlenbeckia
7543,Oxyria digyna,Plants,Plantae,Tracheophyta,Magnoliopsida,Caryophyllales,Polygonaceae,Oxyria
7544,Persicaria amphibia,Plants,Plantae,Tracheophyta,Magnoliopsida,Caryophyllales,Polygonaceae,Persicaria
7545,Persicaria arifolia,Plants,Plantae,Tracheophyta,Magnoliopsida,Caryophyllales,Polygonaceae,Persicaria
7546,Persicaria capitata,Plants,Plantae,Tracheophyta,Magnoliopsida,Caryophyllales,Polygonaceae,Persicaria
7547,Persicaria chinensis,Plants,Plantae,Tracheophyta,Magnoliopsida,Caryophyllales,Polygonaceae,Persicaria
7548,Persicaria hydropiper,Plants,Plantae,Tracheophyta,Magnoliopsida,Caryophyllales,Polygonaceae,Persicaria
7549,Persicaria hydropiperoides,Plants,Plantae,Tracheophyta,Magnoliopsida,Caryophyllales,Polygonaceae,Persicaria
7550,Persicaria lapathifolia,Plants,Plantae,Tracheophyta,Magnoliopsida,Caryophyllales,Polygonaceae,Persicaria
7551,Persicaria longiseta,Plants,Plantae,Tracheophyta,Magnoliopsida,Caryophyllales,Polygonaceae,Persicaria
7552,Persicaria maculosa,Plants,Plantae,Tracheophyta,Magnoliopsida,Caryophyllales,Polygonaceae,Persicaria
7553,Persicaria pensylvanica,Plants,Plantae,Tracheophyta,Magnoliopsida,Caryophyllales,Polygonaceae,Persicaria
7554,Persicaria perfoliata,Plants,Plantae,Tracheophyta,Magnoliopsida,Caryophyllales,Polygonaceae,Persicaria
7555,Persicaria punctata,Plants,Plantae,Tracheophyta,Magnoliopsida,Caryophyllales,Polygonaceae,Persicaria
7556,Persicaria sagittata,Plants,Plantae,Tracheophyta,Magnoliopsida,Caryophyllales,Polygonaceae,Persicaria
7557,Persicaria virginiana,Plants,Plantae,Tracheophyta,Magnoliopsida,Caryophyllales,Polygonaceae,Persicaria
7558,Polygonum aviculare,Plants,Plantae,Tracheophyta,Magnoliopsida,Caryophyllales,Polygonaceae,Polygonum
7559,Polygonum paronychia,Plants,Plantae,Tracheophyta,Magnoliopsida,Caryophyllales,Polygonaceae,Polygonum
7560,Pterostegia drymarioides,Plants,Plantae,Tracheophyta,Magnoliopsida,Caryophyllales,Polygonaceae,Pterostegia
7561,Reynoutria japonica,Plants,Plantae,Tracheophyta,Magnoliopsida,Caryophyllales,Polygonaceae,Reynoutria
7562,Reynoutria sachalinensis,Plants,Plantae,Tracheophyta,Magnoliopsida,Caryophyllales,Polygonaceae,Reynoutria
7563,Rumex acetosa,Plants,Plantae,Tracheophyta,Magnoliopsida,Caryophyllales,Polygonaceae,Rumex
7564,Rumex acetosella,Plants,Plantae,Tracheophyta,Magnoliopsida,Caryophyllales,Polygonaceae,Rumex
7565,Rumex confertus,Plants,Plantae,Tracheophyta,Magnoliopsida,Caryophyllales,Polygonaceae,Rumex
7566,Rumex crispus,Plants,Plantae,Tracheophyta,Magnoliopsida,Caryophyllales,Polygonaceae,Rumex
7567,Rumex hymenosepalus,Plants,Plantae,Tracheophyta,Magnoliopsida,Caryophyllales,Polygonaceae,Rumex
7568,Rumex maritimus,Plants,Plantae,Tracheophyta,Magnoliopsida,Caryophyllales,Polygonaceae,Rumex
7569,Rumex obtusifolius,Plants,Plantae,Tracheophyta,Magnoliopsida,Caryophyllales,Polygonaceae,Rumex
7570,Portulaca oleracea,Plants,Plantae,Tracheophyta,Magnoliopsida,Caryophyllales,Portulacaceae,Portulaca
7571,Portulaca pilosa,Plants,Plantae,Tracheophyta,Magnoliopsida,Caryophyllales,Portulacaceae,Portulaca
7572,Sarcobatus vermiculatus,Plants,Plantae,Tracheophyta,Magnoliopsida,Caryophyllales,Sarcobataceae,Sarcobatus
7573,Simmondsia chinensis,Plants,Plantae,Tracheophyta,Magnoliopsida,Caryophyllales,Simmondsiaceae,Simmondsia
7574,Talinum paniculatum,Plants,Plantae,Tracheophyta,Magnoliopsida,Caryophyllales,Talinaceae,Talinum
7575,Tamarix ramosissima,Plants,Plantae,Tracheophyta,Magnoliopsida,Caryophyllales,Tamaricaceae,Tamarix
7576,Canotia holacantha,Plants,Plantae,Tracheophyta,Magnoliopsida,Celastrales,Celastraceae,Canotia
7577,Celastrus orbiculatus,Plants,Plantae,Tracheophyta,Magnoliopsida,Celastrales,Celastraceae,Celastrus
7578,Celastrus scandens,Plants,Plantae,Tracheophyta,Magnoliopsida,Celastrales,Celastraceae,Celastrus
7579,Euonymus alatus,Plants,Plantae,Tracheophyta,Magnoliopsida,Celastrales,Celastraceae,Euonymus
7580,Euonymus americanus,Plants,Plantae,Tracheophyta,Magnoliopsida,Celastrales,Celastraceae,Euonymus
7581,Euonymus atropurpureus,Plants,Plantae,Tracheophyta,Magnoliopsida,Celastrales,Celastraceae,Euonymus
7582,Euonymus europaeus,Plants,Plantae,Tracheophyta,Magnoliopsida,Celastrales,Celastraceae,Euonymus
7583,Euonymus fortunei,Plants,Plantae,Tracheophyta,Magnoliopsida,Celastrales,Celastraceae,Euonymus
7584,Euonymus japonicus,Plants,Plantae,Tracheophyta,Magnoliopsida,Celastrales,Celastraceae,Euonymus
7585,Euonymus obovatus,Plants,Plantae,Tracheophyta,Magnoliopsida,Celastrales,Celastraceae,Euonymus
7586,Euonymus verrucosus,Plants,Plantae,Tracheophyta,Magnoliopsida,Celastrales,Celastraceae,Euonymus
7587,Parnassia fimbriata,Plants,Plantae,Tracheophyta,Magnoliopsida,Celastrales,Celastraceae,Parnassia
7588,Parnassia glauca,Plants,Plantae,Tracheophyta,Magnoliopsida,Celastrales,Celastraceae,Parnassia
7589,Parnassia palustris,Plants,Plantae,Tracheophyta,Magnoliopsida,Celastrales,Celastraceae,Parnassia
7590,Paxistima myrsinites,Plants,Plantae,Tracheophyta,Magnoliopsida,Celastrales,Celastraceae,Paxistima
7591,Pterocelastrus tricuspidatus,Plants,Plantae,Tracheophyta,Magnoliopsida,Celastrales,Celastraceae,Pterocelastrus
7592,Ceratophyllum demersum,Plants,Plantae,Tracheophyta,Magnoliopsida,Ceratophyllales,Ceratophyllaceae,Ceratophyllum
7593,Cornus alba,Plants,Plantae,Tracheophyta,Magnoliopsida,Cornales,Cornaceae,Cornus
7594,Cornus alternifolia,Plants,Plantae,Tracheophyta,Magnoliopsida,Cornales,Cornaceae,Cornus
7595,Cornus amomum,Plants,Plantae,Tracheophyta,Magnoliopsida,Cornales,Cornaceae,Cornus
7596,Cornus canadensis,Plants,Plantae,Tracheophyta,Magnoliopsida,Cornales,Cornaceae,Cornus
7597,Cornus drummondii,Plants,Plantae,Tracheophyta,Magnoliopsida,Cornales,Cornaceae,Cornus
7598,Cornus florida,Plants,Plantae,Tracheophyta,Magnoliopsida,Cornales,Cornaceae,Cornus
7599,Cornus mas,Plants,Plantae,Tracheophyta,Magnoliopsida,Cornales,Cornaceae,Cornus
7600,Cornus nuttallii,Plants,Plantae,Tracheophyta,Magnoliopsida,Cornales,Cornaceae,Cornus
7601,Cornus racemosa,Plants,Plantae,Tracheophyta,Magnoliopsida,Cornales,Cornaceae,Cornus
7602,Cornus rugosa,Plants,Plantae,Tracheophyta,Magnoliopsida,Cornales,Cornaceae,Cornus
7603,Cornus sanguinea,Plants,Plantae,Tracheophyta,Magnoliopsida,Cornales,Cornaceae,Cornus
7604,Cornus sericea,Plants,Plantae,Tracheophyta,Magnoliopsida,Cornales,Cornaceae,Cornus
7605,Cornus suecica,Plants,Plantae,Tracheophyta,Magnoliopsida,Cornales,Cornaceae,Cornus
7606,Cornus unalaschkensis,Plants,Plantae,Tracheophyta,Magnoliopsida,Cornales,Cornaceae,Cornus
7607,Hydrangea arborescens,Plants,Plantae,Tracheophyta,Magnoliopsida,Cornales,Hydrangeaceae,Hydrangea
7608,Hydrangea macrophylla,Plants,Plantae,Tracheophyta,Magnoliopsida,Cornales,Hydrangeaceae,Hydrangea
7609,Hydrangea quercifolia,Plants,Plantae,Tracheophyta,Magnoliopsida,Cornales,Hydrangeaceae,Hydrangea
7610,Philadelphus lewisii,Plants,Plantae,Tracheophyta,Magnoliopsida,Cornales,Hydrangeaceae,Philadelphus
7611,Cevallia sinuata,Plants,Plantae,Tracheophyta,Magnoliopsida,Cornales,Loasaceae,Cevallia
7612,Eucnide urens,Plants,Plantae,Tracheophyta,Magnoliopsida,Cornales,Loasaceae,Eucnide
7613,Mentzelia hispida,Plants,Plantae,Tracheophyta,Magnoliopsida,Cornales,Loasaceae,Mentzelia
7614,Mentzelia involucrata,Plants,Plantae,Tracheophyta,Magnoliopsida,Cornales,Loasaceae,Mentzelia
7615,Mentzelia laevicaulis,Plants,Plantae,Tracheophyta,Magnoliopsida,Cornales,Loasaceae,Mentzelia
7616,Petalonyx thurberi,Plants,Plantae,Tracheophyta,Magnoliopsida,Cornales,Loasaceae,Petalonyx
7617,Nyssa sylvatica,Plants,Plantae,Tracheophyta,Magnoliopsida,Cornales,Nyssaceae,Nyssa
7618,Staphylea trifolia,Plants,Plantae,Tracheophyta,Magnoliopsida,Crossosomatales,Staphyleaceae,Staphylea
7619,Coriaria arborea,Plants,Plantae,Tracheophyta,Magnoliopsida,Cucurbitales,Coriariaceae,Coriaria
7620,Corynocarpus laevigatus,Plants,Plantae,Tracheophyta,Magnoliopsida,Cucurbitales,Corynocarpaceae,Corynocarpus
7621,Brandegea bigelovii,Plants,Plantae,Tracheophyta,Magnoliopsida,Cucurbitales,Cucurbitaceae,Brandegea
7622,Bryonia cretica,Plants,Plantae,Tracheophyta,Magnoliopsida,Cucurbitales,Cucurbitaceae,Bryonia
7623,Cucurbita foetidissima,Plants,Plantae,Tracheophyta,Magnoliopsida,Cucurbitales,Cucurbitaceae,Cucurbita
7624,Cucurbita palmata,Plants,Plantae,Tracheophyta,Magnoliopsida,Cucurbitales,Cucurbitaceae,Cucurbita
7625,Ecballium elaterium,Plants,Plantae,Tracheophyta,Magnoliopsida,Cucurbitales,Cucurbitaceae,Ecballium
7626,Echinocystis lobata,Plants,Plantae,Tracheophyta,Magnoliopsida,Cucurbitales,Cucurbitaceae,Echinocystis
7627,Ibervillea lindheimeri,Plants,Plantae,Tracheophyta,Magnoliopsida,Cucurbitales,Cucurbitaceae,Ibervillea
7628,Marah fabacea,Plants,Plantae,Tracheophyta,Magnoliopsida,Cucurbitales,Cucurbitaceae,Marah
7629,Marah macrocarpa,Plants,Plantae,Tracheophyta,Magnoliopsida,Cucurbitales,Cucurbitaceae,Marah
7630,Marah oregana,Plants,Plantae,Tracheophyta,Magnoliopsida,Cucurbitales,Cucurbitaceae,Marah
7631,Melothria pendula,Plants,Plantae,Tracheophyta,Magnoliopsida,Cucurbitales,Cucurbitaceae,Melothria
7632,Momordica charantia,Plants,Plantae,Tracheophyta,Magnoliopsida,Cucurbitales,Cucurbitaceae,Momordica
7633,Sicyos angulatus,Plants,Plantae,Tracheophyta,Magnoliopsida,Cucurbitales,Cucurbitaceae,Sicyos
7634,Centranthus ruber,Plants,Plantae,Tracheophyta,Magnoliopsida,Dipsacales,Caprifoliaceae,Centranthus
7635,Diervilla lonicera,Plants,Plantae,Tracheophyta,Magnoliopsida,Dipsacales,Caprifoliaceae,Diervilla
7636,Dipsacus fullonum,Plants,Plantae,Tracheophyta,Magnoliopsida,Dipsacales,Caprifoliaceae,Dipsacus
7637,Dipsacus laciniatus,Plants,Plantae,Tracheophyta,Magnoliopsida,Dipsacales,Caprifoliaceae,Dipsacus
7638,Dipsacus sativus,Plants,Plantae,Tracheophyta,Magnoliopsida,Dipsacales,Caprifoliaceae,Dipsacus
7639,Knautia arvensis,Plants,Plantae,Tracheophyta,Magnoliopsida,Dipsacales,Caprifoliaceae,Knautia
7640,Leycesteria formosa,Plants,Plantae,Tracheophyta,Magnoliopsida,Dipsacales,Caprifoliaceae,Leycesteria
7641,Linnaea borealis,Plants,Plantae,Tracheophyta,Magnoliopsida,Dipsacales,Caprifoliaceae,Linnaea
7642,Lonicera albiflora,Plants,Plantae,Tracheophyta,Magnoliopsida,Dipsacales,Caprifoliaceae,Lonicera
7643,Lonicera canadensis,Plants,Plantae,Tracheophyta,Magnoliopsida,Dipsacales,Caprifoliaceae,Lonicera
7644,Lonicera ciliosa,Plants,Plantae,Tracheophyta,Magnoliopsida,Dipsacales,Caprifoliaceae,Lonicera
7645,Lonicera dioica,Plants,Plantae,Tracheophyta,Magnoliopsida,Dipsacales,Caprifoliaceae,Lonicera
7646,Lonicera hispidula,Plants,Plantae,Tracheophyta,Magnoliopsida,Dipsacales,Caprifoliaceae,Lonicera
7647,Lonicera involucrata,Plants,Plantae,Tracheophyta,Magnoliopsida,Dipsacales,Caprifoliaceae,Lonicera
7648,Lonicera japonica,Plants,Plantae,Tracheophyta,Magnoliopsida,Dipsacales,Caprifoliaceae,Lonicera
7649,Lonicera maackii,Plants,Plantae,Tracheophyta,Magnoliopsida,Dipsacales,Caprifoliaceae,Lonicera
7650,Lonicera morrowii,Plants,Plantae,Tracheophyta,Magnoliopsida,Dipsacales,Caprifoliaceae,Lonicera
7651,Lonicera periclymenum,Plants,Plantae,Tracheophyta,Magnoliopsida,Dipsacales,Caprifoliaceae,Lonicera
7652,Lonicera sempervirens,Plants,Plantae,Tracheophyta,Magnoliopsida,Dipsacales,Caprifoliaceae,Lonicera
7653,Lonicera subspicata,Plants,Plantae,Tracheophyta,Magnoliopsida,Dipsacales,Caprifoliaceae,Lonicera
7654,Lonicera tatarica,Plants,Plantae,Tracheophyta,Magnoliopsida,Dipsacales,Caprifoliaceae,Lonicera
7655,Lonicera xylosteum,Plants,Plantae,Tracheophyta,Magnoliopsida,Dipsacales,Caprifoliaceae,Lonicera
7656,Plectritis congesta,Plants,Plantae,Tracheophyta,Magnoliopsida,Dipsacales,Caprifoliaceae,Plectritis
7657,Scabiosa columbaria,Plants,Plantae,Tracheophyta,Magnoliopsida,Dipsacales,Caprifoliaceae,Scabiosa
7658,Scabiosa ochroleuca,Plants,Plantae,Tracheophyta,Magnoliopsida,Dipsacales,Caprifoliaceae,Scabiosa
7659,Sixalix atropurpurea,Plants,Plantae,Tracheophyta,Magnoliopsida,Dipsacales,Caprifoliaceae,Sixalix
7660,Succisa pratensis,Plants,Plantae,Tracheophyta,Magnoliopsida,Dipsacales,Caprifoliaceae,Succisa
7661,Symphoricarpos albus,Plants,Plantae,Tracheophyta,Magnoliopsida,Dipsacales,Caprifoliaceae,Symphoricarpos
7662,Symphoricarpos mollis,Plants,Plantae,Tracheophyta,Magnoliopsida,Dipsacales,Caprifoliaceae,Symphoricarpos
7663,Symphoricarpos occidentalis,Plants,Plantae,Tracheophyta,Magnoliopsida,Dipsacales,Caprifoliaceae,Symphoricarpos
7664,Symphoricarpos orbiculatus,Plants,Plantae,Tracheophyta,Magnoliopsida,Dipsacales,Caprifoliaceae,Symphoricarpos
7665,Symphoricarpos rotundifolius,Plants,Plantae,Tracheophyta,Magnoliopsida,Dipsacales,Caprifoliaceae,Symphoricarpos
7666,Triosteum aurantiacum,Plants,Plantae,Tracheophyta,Magnoliopsida,Dipsacales,Caprifoliaceae,Triosteum
7667,Valeriana officinalis,Plants,Plantae,Tracheophyta,Magnoliopsida,Dipsacales,Caprifoliaceae,Valeriana
7668,Valeriana sitchensis,Plants,Plantae,Tracheophyta,Magnoliopsida,Dipsacales,Caprifoliaceae,Valeriana
7669,Valerianella locusta,Plants,Plantae,Tracheophyta,Magnoliopsida,Dipsacales,Caprifoliaceae,Valerianella
7670,Valerianella radiata,Plants,Plantae,Tracheophyta,Magnoliopsida,Dipsacales,Caprifoliaceae,Valerianella
7671,Adoxa moschatellina,Plants,Plantae,Tracheophyta,Magnoliopsida,Dipsacales,Viburnaceae,Adoxa
7672,Sambucus canadensis,Plants,Plantae,Tracheophyta,Magnoliopsida,Dipsacales,Viburnaceae,Sambucus
7673,Sambucus cerulea,Plants,Plantae,Tracheophyta,Magnoliopsida,Dipsacales,Viburnaceae,Sambucus
7674,Sambucus ebulus,Plants,Plantae,Tracheophyta,Magnoliopsida,Dipsacales,Viburnaceae,Sambucus
7675,Sambucus javanica,Plants,Plantae,Tracheophyta,Magnoliopsida,Dipsacales,Viburnaceae,Sambucus
7676,Sambucus nigra,Plants,Plantae,Tracheophyta,Magnoliopsida,Dipsacales,Viburnaceae,Sambucus
7677,Sambucus racemosa,Plants,Plantae,Tracheophyta,Magnoliopsida,Dipsacales,Viburnaceae,Sambucus
7678,Viburnum acerifolium,Plants,Plantae,Tracheophyta,Magnoliopsida,Dipsacales,Viburnaceae,Viburnum
7679,Viburnum dentatum,Plants,Plantae,Tracheophyta,Magnoliopsida,Dipsacales,Viburnaceae,Viburnum
7680,Viburnum edule,Plants,Plantae,Tracheophyta,Magnoliopsida,Dipsacales,Viburnaceae,Viburnum
7681,Viburnum lantana,Plants,Plantae,Tracheophyta,Magnoliopsida,Dipsacales,Viburnaceae,Viburnum
7682,Viburnum lantanoides,Plants,Plantae,Tracheophyta,Magnoliopsida,Dipsacales,Viburnaceae,Viburnum
7683,Viburnum lentago,Plants,Plantae,Tracheophyta,Magnoliopsida,Dipsacales,Viburnaceae,Viburnum
7684,Viburnum nudum,Plants,Plantae,Tracheophyta,Magnoliopsida,Dipsacales,Viburnaceae,Viburnum
7685,Viburnum opulus,Plants,Plantae,Tracheophyta,Magnoliopsida,Dipsacales,Viburnaceae,Viburnum
7686,Viburnum prunifolium,Plants,Plantae,Tracheophyta,Magnoliopsida,Dipsacales,Viburnaceae,Viburnum
7687,Viburnum rafinesquianum,Plants,Plantae,Tracheophyta,Magnoliopsida,Dipsacales,Viburnaceae,Viburnum
7688,Viburnum rhytidophyllum,Plants,Plantae,Tracheophyta,Magnoliopsida,Dipsacales,Viburnaceae,Viburnum
7689,Viburnum rufidulum,Plants,Plantae,Tracheophyta,Magnoliopsida,Dipsacales,Viburnaceae,Viburnum
7690,Viburnum tinus,Plants,Plantae,Tracheophyta,Magnoliopsida,Dipsacales,Viburnaceae,Viburnum
7691,Impatiens balfourii,Plants,Plantae,Tracheophyta,Magnoliopsida,Ericales,Balsaminaceae,Impatiens
7692,Impatiens capensis,Plants,Plantae,Tracheophyta,Magnoliopsida,Ericales,Balsaminaceae,Impatiens
7693,Impatiens glandulifera,Plants,Plantae,Tracheophyta,Magnoliopsida,Ericales,Balsaminaceae,Impatiens
7694,Impatiens noli-tangere,Plants,Plantae,Tracheophyta,Magnoliopsida,Ericales,Balsaminaceae,Impatiens
7695,Impatiens pallida,Plants,Plantae,Tracheophyta,Magnoliopsida,Ericales,Balsaminaceae,Impatiens
7696,Impatiens parviflora,Plants,Plantae,Tracheophyta,Magnoliopsida,Ericales,Balsaminaceae,Impatiens
7697,Impatiens walleriana,Plants,Plantae,Tracheophyta,Magnoliopsida,Ericales,Balsaminaceae,Impatiens
7698,Clethra alnifolia,Plants,Plantae,Tracheophyta,Magnoliopsida,Ericales,Clethraceae,Clethra
7699,Cyrilla racemiflora,Plants,Plantae,Tracheophyta,Magnoliopsida,Ericales,Cyrillaceae,Cyrilla
7700,Diapensia lapponica,Plants,Plantae,Tracheophyta,Magnoliopsida,Ericales,Diapensiaceae,Diapensia
7701,Galax urceolata,Plants,Plantae,Tracheophyta,Magnoliopsida,Ericales,Diapensiaceae,Galax
7702,Diospyros texana,Plants,Plantae,Tracheophyta,Magnoliopsida,Ericales,Ebenaceae,Diospyros
7703,Diospyros virginiana,Plants,Plantae,Tracheophyta,Magnoliopsida,Ericales,Ebenaceae,Diospyros
7704,Allotropa virgata,Plants,Plantae,Tracheophyta,Magnoliopsida,Ericales,Ericaceae,Allotropa
7705,Andromeda polifolia,Plants,Plantae,Tracheophyta,Magnoliopsida,Ericales,Ericaceae,Andromeda
7706,Arbutus menziesii,Plants,Plantae,Tracheophyta,Magnoliopsida,Ericales,Ericaceae,Arbutus
7707,Arbutus unedo,Plants,Plantae,Tracheophyta,Magnoliopsida,Ericales,Ericaceae,Arbutus
7708,Arbutus xalapensis,Plants,Plantae,Tracheophyta,Magnoliopsida,Ericales,Ericaceae,Arbutus
7709,Arctostaphylos glauca,Plants,Plantae,Tracheophyta,Magnoliopsida,Ericales,Ericaceae,Arctostaphylos
7710,Arctostaphylos nevadensis,Plants,Plantae,Tracheophyta,Magnoliopsida,Ericales,Ericaceae,Arctostaphylos
7711,Arctostaphylos patula,Plants,Plantae,Tracheophyta,Magnoliopsida,Ericales,Ericaceae,Arctostaphylos
7712,Arctostaphylos pungens,Plants,Plantae,Tracheophyta,Magnoliopsida,Ericales,Ericaceae,Arctostaphylos
7713,Arctostaphylos uva-ursi,Plants,Plantae,Tracheophyta,Magnoliopsida,Ericales,Ericaceae,Arctostaphylos
7714,Arctous alpina,Plants,Plantae,Tracheophyta,Magnoliopsida,Ericales,Ericaceae,Arctous
7715,Calluna vulgaris,Plants,Plantae,Tracheophyta,Magnoliopsida,Ericales,Ericaceae,Calluna
7716,Cassiope mertensiana,Plants,Plantae,Tracheophyta,Magnoliopsida,Ericales,Ericaceae,Cassiope
7717,Cassiope tetragona,Plants,Plantae,Tracheophyta,Magnoliopsida,Ericales,Ericaceae,Cassiope
7718,Ceratiola ericoides,Plants,Plantae,Tracheophyta,Magnoliopsida,Ericales,Ericaceae,Ceratiola
7719,Chamaedaphne calyculata,Plants,Plantae,Tracheophyta,Magnoliopsida,Ericales,Ericaceae,Chamaedaphne
7720,Chimaphila maculata,Plants,Plantae,Tracheophyta,Magnoliopsida,Ericales,Ericaceae,Chimaphila
7721,Chimaphila menziesii,Plants,Plantae,Tracheophyta,Magnoliopsida,Ericales,Ericaceae,Chimaphila
7722,Chimaphila umbellata,Plants,Plantae,Tracheophyta,Magnoliopsida,Ericales,Ericaceae,Chimaphila
7723,Dracophyllum longifolium,Plants,Plantae,Tracheophyta,Magnoliopsida,Ericales,Ericaceae,Dracophyllum
7724,Elliottia pyroliflora,Plants,Plantae,Tracheophyta,Magnoliopsida,Ericales,Ericaceae,Elliottia
7725,Empetrum nigrum,Plants,Plantae,Tracheophyta,Magnoliopsida,Ericales,Ericaceae,Empetrum
7726,Epacris impressa,Plants,Plantae,Tracheophyta,Magnoliopsida,Ericales,Ericaceae,Epacris
7727,Epigaea repens,Plants,Plantae,Tracheophyta,Magnoliopsida,Ericales,Ericaceae,Epigaea
7728,Erica abietina,Plants,Plantae,Tracheophyta,Magnoliopsida,Ericales,Ericaceae,Erica
7729,Erica arborea,Plants,Plantae,Tracheophyta,Magnoliopsida,Ericales,Ericaceae,Erica
7730,Erica cerinthoides,Plants,Plantae,Tracheophyta,Magnoliopsida,Ericales,Ericaceae,Erica
7731,Erica cinerea,Plants,Plantae,Tracheophyta,Magnoliopsida,Ericales,Ericaceae,Erica
7732,Erica coccinea,Plants,Plantae,Tracheophyta,Magnoliopsida,Ericales,Ericaceae,Erica
7733,Erica corifolia,Plants,Plantae,Tracheophyta,Magnoliopsida,Ericales,Ericaceae,Erica
7734,Erica discolor,Plants,Plantae,Tracheophyta,Magnoliopsida,Ericales,Ericaceae,Erica
7735,Erica imbricata,Plants,Plantae,Tracheophyta,Magnoliopsida,Ericales,Ericaceae,Erica
7736,Erica lusitanica,Plants,Plantae,Tracheophyta,Magnoliopsida,Ericales,Ericaceae,Erica
7737,Erica plukenetii,Plants,Plantae,Tracheophyta,Magnoliopsida,Ericales,Ericaceae,Erica
7738,Erica tetralix,Plants,Plantae,Tracheophyta,Magnoliopsida,Ericales,Ericaceae,Erica
7739,Erica viscaria,Plants,Plantae,Tracheophyta,Magnoliopsida,Ericales,Ericaceae,Erica
7740,Gaultheria antipoda,Plants,Plantae,Tracheophyta,Magnoliopsida,Ericales,Ericaceae,Gaultheria
7741,Gaultheria depressa,Plants,Plantae,Tracheophyta,Magnoliopsida,Ericales,Ericaceae,Gaultheria
7742,Gaultheria hispidula,Plants,Plantae,Tracheophyta,Magnoliopsida,Ericales,Ericaceae,Gaultheria
7743,Gaultheria procumbens,Plants,Plantae,Tracheophyta,Magnoliopsida,Ericales,Ericaceae,Gaultheria
7744,Gaultheria shallon,Plants,Plantae,Tracheophyta,Magnoliopsida,Ericales,Ericaceae,Gaultheria
7745,Gaylussacia baccata,Plants,Plantae,Tracheophyta,Magnoliopsida,Ericales,Ericaceae,Gaylussacia
7746,Kalmia angustifolia,Plants,Plantae,Tracheophyta,Magnoliopsida,Ericales,Ericaceae,Kalmia
7747,Kalmia latifolia,Plants,Plantae,Tracheophyta,Magnoliopsida,Ericales,Ericaceae,Kalmia
7748,Kalmia microphylla,Plants,Plantae,Tracheophyta,Magnoliopsida,Ericales,Ericaceae,Kalmia
7749,Kalmia polifolia,Plants,Plantae,Tracheophyta,Magnoliopsida,Ericales,Ericaceae,Kalmia
7750,Kalmia procumbens,Plants,Plantae,Tracheophyta,Magnoliopsida,Ericales,Ericaceae,Kalmia
7751,Leptecophylla juniperina,Plants,Plantae,Tracheophyta,Magnoliopsida,Ericales,Ericaceae,Leptecophylla
7752,Leptecophylla tameiameiae,Plants,Plantae,Tracheophyta,Magnoliopsida,Ericales,Ericaceae,Leptecophylla
7753,Leucopogon fasciculatus,Plants,Plantae,Tracheophyta,Magnoliopsida,Ericales,Ericaceae,Leucopogon
7754,Leucopogon fraseri,Plants,Plantae,Tracheophyta,Magnoliopsida,Ericales,Ericaceae,Leucopogon
7755,Leucothoe fontanesiana,Plants,Plantae,Tracheophyta,Magnoliopsida,Ericales,Ericaceae,Leucothoe
7756,Lyonia lucida,Plants,Plantae,Tracheophyta,Magnoliopsida,Ericales,Ericaceae,Lyonia
7757,Moneses uniflora,Plants,Plantae,Tracheophyta,Magnoliopsida,Ericales,Ericaceae,Moneses
7758,Monotropa hypopitys,Plants,Plantae,Tracheophyta,Magnoliopsida,Ericales,Ericaceae,Monotropa
7759,Monotropa uniflora,Plants,Plantae,Tracheophyta,Magnoliopsida,Ericales,Ericaceae,Monotropa
7760,Orthilia secunda,Plants,Plantae,Tracheophyta,Magnoliopsida,Ericales,Ericaceae,Orthilia
7761,Oxydendrum arboreum,Plants,Plantae,Tracheophyta,Magnoliopsida,Ericales,Ericaceae,Oxydendrum
7762,Pentachondra pumila,Plants,Plantae,Tracheophyta,Magnoliopsida,Ericales,Ericaceae,Pentachondra
7763,Phyllodoce breweri,Plants,Plantae,Tracheophyta,Magnoliopsida,Ericales,Ericaceae,Phyllodoce
7764,Phyllodoce empetriformis,Plants,Plantae,Tracheophyta,Magnoliopsida,Ericales,Ericaceae,Phyllodoce
7765,Pterospora andromedea,Plants,Plantae,Tracheophyta,Magnoliopsida,Ericales,Ericaceae,Pterospora
7766,Pyrola americana,Plants,Plantae,Tracheophyta,Magnoliopsida,Ericales,Ericaceae,Pyrola
7767,Pyrola asarifolia,Plants,Plantae,Tracheophyta,Magnoliopsida,Ericales,Ericaceae,Pyrola
7768,Pyrola chlorantha,Plants,Plantae,Tracheophyta,Magnoliopsida,Ericales,Ericaceae,Pyrola
7769,Pyrola elliptica,Plants,Plantae,Tracheophyta,Magnoliopsida,Ericales,Ericaceae,Pyrola
7770,Pyrola minor,Plants,Plantae,Tracheophyta,Magnoliopsida,Ericales,Ericaceae,Pyrola
7771,Pyrola picta,Plants,Plantae,Tracheophyta,Magnoliopsida,Ericales,Ericaceae,Pyrola
7772,Pyrola rotundifolia,Plants,Plantae,Tracheophyta,Magnoliopsida,Ericales,Ericaceae,Pyrola
7773,Rhododendron albiflorum,Plants,Plantae,Tracheophyta,Magnoliopsida,Ericales,Ericaceae,Rhododendron
7774,Rhododendron calendulaceum,Plants,Plantae,Tracheophyta,Magnoliopsida,Ericales,Ericaceae,Rhododendron
7775,Rhododendron canadense,Plants,Plantae,Tracheophyta,Magnoliopsida,Ericales,Ericaceae,Rhododendron
7776,Rhododendron canescens,Plants,Plantae,Tracheophyta,Magnoliopsida,Ericales,Ericaceae,Rhododendron
7777,Rhododendron columbianum,Plants,Plantae,Tracheophyta,Magnoliopsida,Ericales,Ericaceae,Rhododendron
7778,Rhododendron ferrugineum,Plants,Plantae,Tracheophyta,Magnoliopsida,Ericales,Ericaceae,Rhododendron
7779,Rhododendron groenlandicum,Plants,Plantae,Tracheophyta,Magnoliopsida,Ericales,Ericaceae,Rhododendron
7780,Rhododendron lapponicum,Plants,Plantae,Tracheophyta,Magnoliopsida,Ericales,Ericaceae,Rhododendron
7781,Rhododendron macrophyllum,Plants,Plantae,Tracheophyta,Magnoliopsida,Ericales,Ericaceae,Rhododendron
7782,Rhododendron maximum,Plants,Plantae,Tracheophyta,Magnoliopsida,Ericales,Ericaceae,Rhododendron
7783,Rhododendron menziesii,Plants,Plantae,Tracheophyta,Magnoliopsida,Ericales,Ericaceae,Rhododendron
7784,Rhododendron occidentale,Plants,Plantae,Tracheophyta,Magnoliopsida,Ericales,Ericaceae,Rhododendron
7785,Rhododendron periclymenoides,Plants,Plantae,Tracheophyta,Magnoliopsida,Ericales,Ericaceae,Rhododendron
7786,Rhododendron tomentosum,Plants,Plantae,Tracheophyta,Magnoliopsida,Ericales,Ericaceae,Rhododendron
7787,Sarcodes sanguinea,Plants,Plantae,Tracheophyta,Magnoliopsida,Ericales,Ericaceae,Sarcodes
7788,Vaccinium angustifolium,Plants,Plantae,Tracheophyta,Magnoliopsida,Ericales,Ericaceae,Vaccinium
7789,Vaccinium arboreum,Plants,Plantae,Tracheophyta,Magnoliopsida,Ericales,Ericaceae,Vaccinium
7790,Vaccinium corymbosum,Plants,Plantae,Tracheophyta,Magnoliopsida,Ericales,Ericaceae,Vaccinium
7791,Vaccinium macrocarpon,Plants,Plantae,Tracheophyta,Magnoliopsida,Ericales,Ericaceae,Vaccinium
7792,Vaccinium membranaceum,Plants,Plantae,Tracheophyta,Magnoliopsida,Ericales,Ericaceae,Vaccinium
7793,Vaccinium myrtilloides,Plants,Plantae,Tracheophyta,Magnoliopsida,Ericales,Ericaceae,Vaccinium
7794,Vaccinium myrtillus,Plants,Plantae,Tracheophyta,Magnoliopsida,Ericales,Ericaceae,Vaccinium
7795,Vaccinium ovalifolium,Plants,Plantae,Tracheophyta,Magnoliopsida,Ericales,Ericaceae,Vaccinium
7796,Vaccinium ovatum,Plants,Plantae,Tracheophyta,Magnoliopsida,Ericales,Ericaceae,Vaccinium
7797,Vaccinium oxycoccos,Plants,Plantae,Tracheophyta,Magnoliopsida,Ericales,Ericaceae,Vaccinium
7798,Vaccinium parvifolium,Plants,Plantae,Tracheophyta,Magnoliopsida,Ericales,Ericaceae,Vaccinium
7799,Vaccinium stamineum,Plants,Plantae,Tracheophyta,Magnoliopsida,Ericales,Ericaceae,Vaccinium
7800,Vaccinium uliginosum,Plants,Plantae,Tracheophyta,Magnoliopsida,Ericales,Ericaceae,Vaccinium
7801,Vaccinium vitis-idaea,Plants,Plantae,Tracheophyta,Magnoliopsida,Ericales,Ericaceae,Vaccinium
7802,Xylococcus bicolor,Plants,Plantae,Tracheophyta,Magnoliopsida,Ericales,Ericaceae,Xylococcus
7803,Fouquieria splendens,Plants,Plantae,Tracheophyta,Magnoliopsida,Ericales,Fouquieriaceae,Fouquieria
7804,Aliciella latifolia,Plants,Plantae,Tracheophyta,Magnoliopsida,Ericales,Polemoniaceae,Aliciella
7805,Collomia grandiflora,Plants,Plantae,Tracheophyta,Magnoliopsida,Ericales,Polemoniaceae,Collomia
7806,Collomia heterophylla,Plants,Plantae,Tracheophyta,Magnoliopsida,Ericales,Polemoniaceae,Collomia
7807,Collomia linearis,Plants,Plantae,Tracheophyta,Magnoliopsida,Ericales,Polemoniaceae,Collomia
7808,Eriastrum densifolium,Plants,Plantae,Tracheophyta,Magnoliopsida,Ericales,Polemoniaceae,Eriastrum
7809,Eriastrum eremicum,Plants,Plantae,Tracheophyta,Magnoliopsida,Ericales,Polemoniaceae,Eriastrum
7810,Gilia capitata,Plants,Plantae,Tracheophyta,Magnoliopsida,Ericales,Polemoniaceae,Gilia
7811,Gilia stellata,Plants,Plantae,Tracheophyta,Magnoliopsida,Ericales,Polemoniaceae,Gilia
7812,Gilia tricolor,Plants,Plantae,Tracheophyta,Magnoliopsida,Ericales,Polemoniaceae,Gilia
7813,Ipomopsis aggregata,Plants,Plantae,Tracheophyta,Magnoliopsida,Ericales,Polemoniaceae,Ipomopsis
7814,Ipomopsis longiflora,Plants,Plantae,Tracheophyta,Magnoliopsida,Ericales,Polemoniaceae,Ipomopsis
7815,Ipomopsis rubra,Plants,Plantae,Tracheophyta,Magnoliopsida,Ericales,Polemoniaceae,Ipomopsis
7816,Langloisia setosissima,Plants,Plantae,Tracheophyta,Magnoliopsida,Ericales,Polemoniaceae,Langloisia
7817,Leptosiphon bicolor,Plants,Plantae,Tracheophyta,Magnoliopsida,Ericales,Polemoniaceae,Leptosiphon
7818,Leptosiphon ciliatus,Plants,Plantae,Tracheophyta,Magnoliopsida,Ericales,Polemoniaceae,Leptosiphon
7819,Leptosiphon nuttallii,Plants,Plantae,Tracheophyta,Magnoliopsida,Ericales,Polemoniaceae,Leptosiphon
7820,Leptosiphon parviflorus,Plants,Plantae,Tracheophyta,Magnoliopsida,Ericales,Polemoniaceae,Leptosiphon
7821,Linanthus californicus,Plants,Plantae,Tracheophyta,Magnoliopsida,Ericales,Polemoniaceae,Linanthus
7822,Linanthus dianthiflorus,Plants,Plantae,Tracheophyta,Magnoliopsida,Ericales,Polemoniaceae,Linanthus
7823,Linanthus pungens,Plants,Plantae,Tracheophyta,Magnoliopsida,Ericales,Polemoniaceae,Linanthus
7824,Loeselia mexicana,Plants,Plantae,Tracheophyta,Magnoliopsida,Ericales,Polemoniaceae,Loeselia
7825,Loeseliastrum matthewsii,Plants,Plantae,Tracheophyta,Magnoliopsida,Ericales,Polemoniaceae,Loeseliastrum
7826,Microsteris gracilis,Plants,Plantae,Tracheophyta,Magnoliopsida,Ericales,Polemoniaceae,Microsteris
7827,Navarretia squarrosa,Plants,Plantae,Tracheophyta,Magnoliopsida,Ericales,Polemoniaceae,Navarretia
7828,Phlox diffusa,Plants,Plantae,Tracheophyta,Magnoliopsida,Ericales,Polemoniaceae,Phlox
7829,Phlox divaricata,Plants,Plantae,Tracheophyta,Magnoliopsida,Ericales,Polemoniaceae,Phlox
7830,Phlox drummondii,Plants,Plantae,Tracheophyta,Magnoliopsida,Ericales,Polemoniaceae,Phlox
7831,Phlox hoodii,Plants,Plantae,Tracheophyta,Magnoliopsida,Ericales,Polemoniaceae,Phlox
7832,Phlox longifolia,Plants,Plantae,Tracheophyta,Magnoliopsida,Ericales,Polemoniaceae,Phlox
7833,Phlox paniculata,Plants,Plantae,Tracheophyta,Magnoliopsida,Ericales,Polemoniaceae,Phlox
7834,Phlox pilosa,Plants,Plantae,Tracheophyta,Magnoliopsida,Ericales,Polemoniaceae,Phlox
7835,Phlox roemeriana,Plants,Plantae,Tracheophyta,Magnoliopsida,Ericales,Polemoniaceae,Phlox
7836,Phlox subulata,Plants,Plantae,Tracheophyta,Magnoliopsida,Ericales,Polemoniaceae,Phlox
7837,Polemonium acutiflorum,Plants,Plantae,Tracheophyta,Magnoliopsida,Ericales,Polemoniaceae,Polemonium
7838,Polemonium caeruleum,Plants,Plantae,Tracheophyta,Magnoliopsida,Ericales,Polemoniaceae,Polemonium
7839,Polemonium californicum,Plants,Plantae,Tracheophyta,Magnoliopsida,Ericales,Polemoniaceae,Polemonium
7840,Polemonium pulcherrimum,Plants,Plantae,Tracheophyta,Magnoliopsida,Ericales,Polemoniaceae,Polemonium
7841,Polemonium reptans,Plants,Plantae,Tracheophyta,Magnoliopsida,Ericales,Polemoniaceae,Polemonium
7842,Polemonium viscosum,Plants,Plantae,Tracheophyta,Magnoliopsida,Ericales,Polemoniaceae,Polemonium
7843,Androsace septentrionalis,Plants,Plantae,Tracheophyta,Magnoliopsida,Ericales,Primulaceae,Androsace
7844,Ardisia crenata,Plants,Plantae,Tracheophyta,Magnoliopsida,Ericales,Primulaceae,Ardisia
7845,Bonellia macrocarpa,Plants,Plantae,Tracheophyta,Magnoliopsida,Ericales,Primulaceae,Bonellia
7846,Cyclamen hederifolium,Plants,Plantae,Tracheophyta,Magnoliopsida,Ericales,Primulaceae,Cyclamen
7847,Cyclamen purpurascens,Plants,Plantae,Tracheophyta,Magnoliopsida,Ericales,Primulaceae,Cyclamen
7848,Lysimachia arvensis,Plants,Plantae,Tracheophyta,Magnoliopsida,Ericales,Primulaceae,Lysimachia
7849,Lysimachia borealis,Plants,Plantae,Tracheophyta,Magnoliopsida,Ericales,Primulaceae,Lysimachia
7850,Lysimachia ciliata,Plants,Plantae,Tracheophyta,Magnoliopsida,Ericales,Primulaceae,Lysimachia
7851,Lysimachia clethroides,Plants,Plantae,Tracheophyta,Magnoliopsida,Ericales,Primulaceae,Lysimachia
7852,Lysimachia europaea,Plants,Plantae,Tracheophyta,Magnoliopsida,Ericales,Primulaceae,Lysimachia
7853,Lysimachia latifolia,Plants,Plantae,Tracheophyta,Magnoliopsida,Ericales,Primulaceae,Lysimachia
7854,Lysimachia maritima,Plants,Plantae,Tracheophyta,Magnoliopsida,Ericales,Primulaceae,Lysimachia
7855,Lysimachia nemorum,Plants,Plantae,Tracheophyta,Magnoliopsida,Ericales,Primulaceae,Lysimachia
7856,Lysimachia nummularia,Plants,Plantae,Tracheophyta,Magnoliopsida,Ericales,Primulaceae,Lysimachia
7857,Lysimachia punctata,Plants,Plantae,Tracheophyta,Magnoliopsida,Ericales,Primulaceae,Lysimachia
7858,Lysimachia quadriflora,Plants,Plantae,Tracheophyta,Magnoliopsida,Ericales,Primulaceae,Lysimachia
7859,Lysimachia quadrifolia,Plants,Plantae,Tracheophyta,Magnoliopsida,Ericales,Primulaceae,Lysimachia
7860,Lysimachia terrestris,Plants,Plantae,Tracheophyta,Magnoliopsida,Ericales,Primulaceae,Lysimachia
7861,Lysimachia thyrsiflora,Plants,Plantae,Tracheophyta,Magnoliopsida,Ericales,Primulaceae,Lysimachia
7862,Lysimachia vulgaris,Plants,Plantae,Tracheophyta,Magnoliopsida,Ericales,Primulaceae,Lysimachia
7863,Myrsine australis,Plants,Plantae,Tracheophyta,Magnoliopsida,Ericales,Primulaceae,Myrsine
7864,Myrsine divaricata,Plants,Plantae,Tracheophyta,Magnoliopsida,Ericales,Primulaceae,Myrsine
7865,Myrsine salicina,Plants,Plantae,Tracheophyta,Magnoliopsida,Ericales,Primulaceae,Myrsine
7866,Primula clevelandii,Plants,Plantae,Tracheophyta,Magnoliopsida,Ericales,Primulaceae,Primula
7867,Primula elatior,Plants,Plantae,Tracheophyta,Magnoliopsida,Ericales,Primulaceae,Primula
7868,Primula farinosa,Plants,Plantae,Tracheophyta,Magnoliopsida,Ericales,Primulaceae,Primula
7869,Primula hendersonii,Plants,Plantae,Tracheophyta,Magnoliopsida,Ericales,Primulaceae,Primula
7870,Primula meadia,Plants,Plantae,Tracheophyta,Magnoliopsida,Ericales,Primulaceae,Primula
7871,Primula parryi,Plants,Plantae,Tracheophyta,Magnoliopsida,Ericales,Primulaceae,Primula
7872,Primula pauciflora,Plants,Plantae,Tracheophyta,Magnoliopsida,Ericales,Primulaceae,Primula
7873,Primula veris,Plants,Plantae,Tracheophyta,Magnoliopsida,Ericales,Primulaceae,Primula
7874,Primula vulgaris,Plants,Plantae,Tracheophyta,Magnoliopsida,Ericales,Primulaceae,Primula
7875,Samolus parviflorus,Plants,Plantae,Tracheophyta,Magnoliopsida,Ericales,Primulaceae,Samolus
7876,Samolus repens,Plants,Plantae,Tracheophyta,Magnoliopsida,Ericales,Primulaceae,Samolus
7877,Soldanella alpina,Plants,Plantae,Tracheophyta,Magnoliopsida,Ericales,Primulaceae,Soldanella
7878,Sideroxylon inerme,Plants,Plantae,Tracheophyta,Magnoliopsida,Ericales,Sapotaceae,Sideroxylon
7879,Sideroxylon lanuginosum,Plants,Plantae,Tracheophyta,Magnoliopsida,Ericales,Sapotaceae,Sideroxylon
7880,Darlingtonia californica,Plants,Plantae,Tracheophyta,Magnoliopsida,Ericales,Sarraceniaceae,Darlingtonia
7881,Sarracenia alata,Plants,Plantae,Tracheophyta,Magnoliopsida,Ericales,Sarraceniaceae,Sarracenia
7882,Sarracenia flava,Plants,Plantae,Tracheophyta,Magnoliopsida,Ericales,Sarraceniaceae,Sarracenia
7883,Sarracenia leucophylla,Plants,Plantae,Tracheophyta,Magnoliopsida,Ericales,Sarraceniaceae,Sarracenia
7884,Sarracenia minor,Plants,Plantae,Tracheophyta,Magnoliopsida,Ericales,Sarraceniaceae,Sarracenia
7885,Sarracenia purpurea,Plants,Plantae,Tracheophyta,Magnoliopsida,Ericales,Sarraceniaceae,Sarracenia
7886,Symplocos tinctoria,Plants,Plantae,Tracheophyta,Magnoliopsida,Ericales,Symplocaceae,Symplocos
7887,Abrus precatorius,Plants,Plantae,Tracheophyta,Magnoliopsida,Fabales,Fabaceae,Abrus
7888,Acacia confusa,Plants,Plantae,Tracheophyta,Magnoliopsida,Fabales,Fabaceae,Acacia
7889,Acacia cyclops,Plants,Plantae,Tracheophyta,Magnoliopsida,Fabales,Fabaceae,Acacia
7890,Acacia dealbata,Plants,Plantae,Tracheophyta,Magnoliopsida,Fabales,Fabaceae,Acacia
7891,Acacia longifolia,Plants,Plantae,Tracheophyta,Magnoliopsida,Fabales,Fabaceae,Acacia
7892,Acacia mearnsii,Plants,Plantae,Tracheophyta,Magnoliopsida,Fabales,Fabaceae,Acacia
7893,Acacia melanoxylon,Plants,Plantae,Tracheophyta,Magnoliopsida,Fabales,Fabaceae,Acacia
7894,Acacia myrtifolia,Plants,Plantae,Tracheophyta,Magnoliopsida,Fabales,Fabaceae,Acacia
7895,Acacia paradoxa,Plants,Plantae,Tracheophyta,Magnoliopsida,Fabales,Fabaceae,Acacia
7896,Acacia pycnantha,Plants,Plantae,Tracheophyta,Magnoliopsida,Fabales,Fabaceae,Acacia
7897,Acacia saligna,Plants,Plantae,Tracheophyta,Magnoliopsida,Fabales,Fabaceae,Acacia
7898,Acmispon americanus,Plants,Plantae,Tracheophyta,Magnoliopsida,Fabales,Fabaceae,Acmispon
7899,Acmispon argophyllus,Plants,Plantae,Tracheophyta,Magnoliopsida,Fabales,Fabaceae,Acmispon
7900,Acmispon glaber,Plants,Plantae,Tracheophyta,Magnoliopsida,Fabales,Fabaceae,Acmispon
7901,Acmispon rigidus,Plants,Plantae,Tracheophyta,Magnoliopsida,Fabales,Fabaceae,Acmispon
7902,Acmispon strigosus,Plants,Plantae,Tracheophyta,Magnoliopsida,Fabales,Fabaceae,Acmispon
7903,Albizia julibrissin,Plants,Plantae,Tracheophyta,Magnoliopsida,Fabales,Fabaceae,Albizia
7904,Amorpha canescens,Plants,Plantae,Tracheophyta,Magnoliopsida,Fabales,Fabaceae,Amorpha
7905,Amorpha fruticosa,Plants,Plantae,Tracheophyta,Magnoliopsida,Fabales,Fabaceae,Amorpha
7906,Amphicarpaea bracteata,Plants,Plantae,Tracheophyta,Magnoliopsida,Fabales,Fabaceae,Amphicarpaea
7907,Anthyllis vulneraria,Plants,Plantae,Tracheophyta,Magnoliopsida,Fabales,Fabaceae,Anthyllis
7908,Apios americana,Plants,Plantae,Tracheophyta,Magnoliopsida,Fabales,Fabaceae,Apios
7909,Astragalus alpinus,Plants,Plantae,Tracheophyta,Magnoliopsida,Fabales,Fabaceae,Astragalus
7910,Astragalus canadensis,Plants,Plantae,Tracheophyta,Magnoliopsida,Fabales,Fabaceae,Astragalus
7911,Astragalus cicer,Plants,Plantae,Tracheophyta,Magnoliopsida,Fabales,Fabaceae,Astragalus
7912,Astragalus crassicarpus,Plants,Plantae,Tracheophyta,Magnoliopsida,Fabales,Fabaceae,Astragalus
7913,Astragalus danicus,Plants,Plantae,Tracheophyta,Magnoliopsida,Fabales,Fabaceae,Astragalus
7914,Astragalus glycyphyllos,Plants,Plantae,Tracheophyta,Magnoliopsida,Fabales,Fabaceae,Astragalus
7915,Astragalus lentiginosus,Plants,Plantae,Tracheophyta,Magnoliopsida,Fabales,Fabaceae,Astragalus
7916,Astragalus mollissimus,Plants,Plantae,Tracheophyta,Magnoliopsida,Fabales,Fabaceae,Astragalus
7917,Astragalus nuttallianus,Plants,Plantae,Tracheophyta,Magnoliopsida,Fabales,Fabaceae,Astragalus
7918,Astragalus purshii,Plants,Plantae,Tracheophyta,Magnoliopsida,Fabales,Fabaceae,Astragalus
7919,Astragalus trichopodus,Plants,Plantae,Tracheophyta,Magnoliopsida,Fabales,Fabaceae,Astragalus
7920,Baptisia alba,Plants,Plantae,Tracheophyta,Magnoliopsida,Fabales,Fabaceae,Baptisia
7921,Baptisia australis,Plants,Plantae,Tracheophyta,Magnoliopsida,Fabales,Fabaceae,Baptisia
7922,Baptisia bracteata,Plants,Plantae,Tracheophyta,Magnoliopsida,Fabales,Fabaceae,Baptisia
7923,Baptisia tinctoria,Plants,Plantae,Tracheophyta,Magnoliopsida,Fabales,Fabaceae,Baptisia
7924,Bituminaria bituminosa,Plants,Plantae,Tracheophyta,Magnoliopsida,Fabales,Fabaceae,Bituminaria
7925,Caesalpinia pulcherrima,Plants,Plantae,Tracheophyta,Magnoliopsida,Fabales,Fabaceae,Caesalpinia
7926,Calliandra eriophylla,Plants,Plantae,Tracheophyta,Magnoliopsida,Fabales,Fabaceae,Calliandra
7927,Calliandra houstoniana,Plants,Plantae,Tracheophyta,Magnoliopsida,Fabales,Fabaceae,Calliandra
7928,Canavalia rosea,Plants,Plantae,Tracheophyta,Magnoliopsida,Fabales,Fabaceae,Canavalia
7929,Caragana arborescens,Plants,Plantae,Tracheophyta,Magnoliopsida,Fabales,Fabaceae,Caragana
7930,Carmichaelia australis,Plants,Plantae,Tracheophyta,Magnoliopsida,Fabales,Fabaceae,Carmichaelia
7931,Cassia fistula,Plants,Plantae,Tracheophyta,Magnoliopsida,Fabales,Fabaceae,Cassia
7932,Centrosema virginianum,Plants,Plantae,Tracheophyta,Magnoliopsida,Fabales,Fabaceae,Centrosema
7933,Ceratonia siliqua,Plants,Plantae,Tracheophyta,Magnoliopsida,Fabales,Fabaceae,Ceratonia
7934,Cercis canadensis,Plants,Plantae,Tracheophyta,Magnoliopsida,Fabales,Fabaceae,Cercis
7935,Cercis occidentalis,Plants,Plantae,Tracheophyta,Magnoliopsida,Fabales,Fabaceae,Cercis
7936,Chamaecrista fasciculata,Plants,Plantae,Tracheophyta,Magnoliopsida,Fabales,Fabaceae,Chamaecrista
7937,Chamaecrista nictitans,Plants,Plantae,Tracheophyta,Magnoliopsida,Fabales,Fabaceae,Chamaecrista
7938,Chamaecytisus ruthenicus,Plants,Plantae,Tracheophyta,Magnoliopsida,Fabales,Fabaceae,Chamaecytisus
7939,Clitoria mariana,Plants,Plantae,Tracheophyta,Magnoliopsida,Fabales,Fabaceae,Clitoria
7940,Clitoria ternatea,Plants,Plantae,Tracheophyta,Magnoliopsida,Fabales,Fabaceae,Clitoria
7941,Crotalaria spectabilis,Plants,Plantae,Tracheophyta,Magnoliopsida,Fabales,Fabaceae,Crotalaria
7942,Cytisus proliferus,Plants,Plantae,Tracheophyta,Magnoliopsida,Fabales,Fabaceae,Cytisus
7943,Cytisus scoparius,Plants,Plantae,Tracheophyta,Magnoliopsida,Fabales,Fabaceae,Cytisus
7944,Dalea aurea,Plants,Plantae,Tracheophyta,Magnoliopsida,Fabales,Fabaceae,Dalea
7945,Dalea candida,Plants,Plantae,Tracheophyta,Magnoliopsida,Fabales,Fabaceae,Dalea
7946,Dalea formosa,Plants,Plantae,Tracheophyta,Magnoliopsida,Fabales,Fabaceae,Dalea
7947,Dalea purpurea,Plants,Plantae,Tracheophyta,Magnoliopsida,Fabales,Fabaceae,Dalea
7948,Delonix regia,Plants,Plantae,Tracheophyta,Magnoliopsida,Fabales,Fabaceae,Delonix
7949,Dermatophyllum secundiflorum,Plants,Plantae,Tracheophyta,Magnoliopsida,Fabales,Fabaceae,Dermatophyllum
7950,Desmanthus illinoensis,Plants,Plantae,Tracheophyta,Magnoliopsida,Fabales,Fabaceae,Desmanthus
7951,Desmodium canadense,Plants,Plantae,Tracheophyta,Magnoliopsida,Fabales,Fabaceae,Desmodium
7952,Desmodium paniculatum,Plants,Plantae,Tracheophyta,Magnoliopsida,Fabales,Fabaceae,Desmodium
7953,Dichrostachys cinerea,Plants,Plantae,Tracheophyta,Magnoliopsida,Fabales,Fabaceae,Dichrostachys
7954,Ebenopsis ebano,Plants,Plantae,Tracheophyta,Magnoliopsida,Fabales,Fabaceae,Ebenopsis
7955,Enterolobium cyclocarpum,Plants,Plantae,Tracheophyta,Magnoliopsida,Fabales,Fabaceae,Enterolobium
7956,Erythrina herbacea,Plants,Plantae,Tracheophyta,Magnoliopsida,Fabales,Fabaceae,Erythrina
7957,Erythrostemon gilliesii,Plants,Plantae,Tracheophyta,Magnoliopsida,Fabales,Fabaceae,Erythrostemon
7958,Erythrostemon mexicanus,Plants,Plantae,Tracheophyta,Magnoliopsida,Fabales,Fabaceae,Erythrostemon
7959,Eysenhardtia texana,Plants,Plantae,Tracheophyta,Magnoliopsida,Fabales,Fabaceae,Eysenhardtia
7960,Galega officinalis,Plants,Plantae,Tracheophyta,Magnoliopsida,Fabales,Fabaceae,Galega
7961,Genista monspessulana,Plants,Plantae,Tracheophyta,Magnoliopsida,Fabales,Fabaceae,Genista
7962,Genista tinctoria,Plants,Plantae,Tracheophyta,Magnoliopsida,Fabales,Fabaceae,Genista
7963,Gleditsia triacanthos,Plants,Plantae,Tracheophyta,Magnoliopsida,Fabales,Fabaceae,Gleditsia
7964,Gliricidia sepium,Plants,Plantae,Tracheophyta,Magnoliopsida,Fabales,Fabaceae,Gliricidia
7965,Glycyrrhiza lepidota,Plants,Plantae,Tracheophyta,Magnoliopsida,Fabales,Fabaceae,Glycyrrhiza
7966,Guilandina bonduc,Plants,Plantae,Tracheophyta,Magnoliopsida,Fabales,Fabaceae,Guilandina
7967,Gymnocladus dioicus,Plants,Plantae,Tracheophyta,Magnoliopsida,Fabales,Fabaceae,Gymnocladus
7968,Hardenbergia violacea,Plants,Plantae,Tracheophyta,Magnoliopsida,Fabales,Fabaceae,Hardenbergia
7969,Hedysarum alpinum,Plants,Plantae,Tracheophyta,Magnoliopsida,Fabales,Fabaceae,Hedysarum
7970,Hedysarum boreale,Plants,Plantae,Tracheophyta,Magnoliopsida,Fabales,Fabaceae,Hedysarum
7971,Hoffmannseggia glauca,Plants,Plantae,Tracheophyta,Magnoliopsida,Fabales,Fabaceae,Hoffmannseggia
7972,Hoffmannseggia microphylla,Plants,Plantae,Tracheophyta,Magnoliopsida,Fabales,Fabaceae,Hoffmannseggia
7973,Hosackia gracilis,Plants,Plantae,Tracheophyta,Magnoliopsida,Fabales,Fabaceae,Hosackia
7974,Hylodesmum glutinosum,Plants,Plantae,Tracheophyta,Magnoliopsida,Fabales,Fabaceae,Hylodesmum
7975,Hylodesmum nudiflorum,Plants,Plantae,Tracheophyta,Magnoliopsida,Fabales,Fabaceae,Hylodesmum
7976,Indigofera miniata,Plants,Plantae,Tracheophyta,Magnoliopsida,Fabales,Fabaceae,Indigofera
7977,Kennedia prostrata,Plants,Plantae,Tracheophyta,Magnoliopsida,Fabales,Fabaceae,Kennedia
7978,Laburnum anagyroides,Plants,Plantae,Tracheophyta,Magnoliopsida,Fabales,Fabaceae,Laburnum
7979,Lathyrus hirsutus,Plants,Plantae,Tracheophyta,Magnoliopsida,Fabales,Fabaceae,Lathyrus
7980,Lathyrus japonicus,Plants,Plantae,Tracheophyta,Magnoliopsida,Fabales,Fabaceae,Lathyrus
7981,Lathyrus latifolius,Plants,Plantae,Tracheophyta,Magnoliopsida,Fabales,Fabaceae,Lathyrus
7982,Lathyrus ochroleucus,Plants,Plantae,Tracheophyta,Magnoliopsida,Fabales,Fabaceae,Lathyrus
7983,Lathyrus palustris,Plants,Plantae,Tracheophyta,Magnoliopsida,Fabales,Fabaceae,Lathyrus
7984,Lathyrus pratensis,Plants,Plantae,Tracheophyta,Magnoliopsida,Fabales,Fabaceae,Lathyrus
7985,Lathyrus sylvestris,Plants,Plantae,Tracheophyta,Magnoliopsida,Fabales,Fabaceae,Lathyrus
7986,Lathyrus tuberosus,Plants,Plantae,Tracheophyta,Magnoliopsida,Fabales,Fabaceae,Lathyrus
7987,Lathyrus vernus,Plants,Plantae,Tracheophyta,Magnoliopsida,Fabales,Fabaceae,Lathyrus
7988,Lathyrus vestitus,Plants,Plantae,Tracheophyta,Magnoliopsida,Fabales,Fabaceae,Lathyrus
7989,Lespedeza capitata,Plants,Plantae,Tracheophyta,Magnoliopsida,Fabales,Fabaceae,Lespedeza
7990,Lespedeza cuneata,Plants,Plantae,Tracheophyta,Magnoliopsida,Fabales,Fabaceae,Lespedeza
7991,Lespedeza virginica,Plants,Plantae,Tracheophyta,Magnoliopsida,Fabales,Fabaceae,Lespedeza
7992,Lessertia frutescens,Plants,Plantae,Tracheophyta,Magnoliopsida,Fabales,Fabaceae,Lessertia
7993,Leucaena leucocephala,Plants,Plantae,Tracheophyta,Magnoliopsida,Fabales,Fabaceae,Leucaena
7994,Lotus corniculatus,Plants,Plantae,Tracheophyta,Magnoliopsida,Fabales,Fabaceae,Lotus
7995,Lotus pedunculatus,Plants,Plantae,Tracheophyta,Magnoliopsida,Fabales,Fabaceae,Lotus
7996,Lupinus albifrons,Plants,Plantae,Tracheophyta,Magnoliopsida,Fabales,Fabaceae,Lupinus
7997,Lupinus angustifolius,Plants,Plantae,Tracheophyta,Magnoliopsida,Fabales,Fabaceae,Lupinus
7998,Lupinus arboreus,Plants,Plantae,Tracheophyta,Magnoliopsida,Fabales,Fabaceae,Lupinus
7999,Lupinus arcticus,Plants,Plantae,Tracheophyta,Magnoliopsida,Fabales,Fabaceae,Lupinus
8000,Lupinus argenteus,Plants,Plantae,Tracheophyta,Magnoliopsida,Fabales,Fabaceae,Lupinus
8001,Lupinus arizonicus,Plants,Plantae,Tracheophyta,Magnoliopsida,Fabales,Fabaceae,Lupinus
8002,Lupinus bicolor,Plants,Plantae,Tracheophyta,Magnoliopsida,Fabales,Fabaceae,Lupinus
8003,Lupinus concinnus,Plants,Plantae,Tracheophyta,Magnoliopsida,Fabales,Fabaceae,Lupinus
8004,Lupinus hirsutissimus,Plants,Plantae,Tracheophyta,Magnoliopsida,Fabales,Fabaceae,Lupinus
8005,Lupinus lepidus,Plants,Plantae,Tracheophyta,Magnoliopsida,Fabales,Fabaceae,Lupinus
8006,Lupinus microcarpus,Plants,Plantae,Tracheophyta,Magnoliopsida,Fabales,Fabaceae,Lupinus
8007,Lupinus nanus,Plants,Plantae,Tracheophyta,Magnoliopsida,Fabales,Fabaceae,Lupinus
8008,Lupinus nootkatensis,Plants,Plantae,Tracheophyta,Magnoliopsida,Fabales,Fabaceae,Lupinus
8009,Lupinus perennis,Plants,Plantae,Tracheophyta,Magnoliopsida,Fabales,Fabaceae,Lupinus
8010,Lupinus polyphyllus,Plants,Plantae,Tracheophyta,Magnoliopsida,Fabales,Fabaceae,Lupinus
8011,Lupinus sparsiflorus,Plants,Plantae,Tracheophyta,Magnoliopsida,Fabales,Fabaceae,Lupinus
8012,Lupinus succulentus,Plants,Plantae,Tracheophyta,Magnoliopsida,Fabales,Fabaceae,Lupinus
8013,Lupinus texensis,Plants,Plantae,Tracheophyta,Magnoliopsida,Fabales,Fabaceae,Lupinus
8014,Lupinus truncatus,Plants,Plantae,Tracheophyta,Magnoliopsida,Fabales,Fabaceae,Lupinus
8015,Macroptilium atropurpureum,Plants,Plantae,Tracheophyta,Magnoliopsida,Fabales,Fabaceae,Macroptilium
8016,Macroptilium gibbosifolium,Plants,Plantae,Tracheophyta,Magnoliopsida,Fabales,Fabaceae,Macroptilium
8017,Macroptilium lathyroides,Plants,Plantae,Tracheophyta,Magnoliopsida,Fabales,Fabaceae,Macroptilium
8018,Medicago arabica,Plants,Plantae,Tracheophyta,Magnoliopsida,Fabales,Fabaceae,Medicago
8019,Medicago falcata,Plants,Plantae,Tracheophyta,Magnoliopsida,Fabales,Fabaceae,Medicago
8020,Medicago lupulina,Plants,Plantae,Tracheophyta,Magnoliopsida,Fabales,Fabaceae,Medicago
8021,Medicago minima,Plants,Plantae,Tracheophyta,Magnoliopsida,Fabales,Fabaceae,Medicago
8022,Medicago polymorpha,Plants,Plantae,Tracheophyta,Magnoliopsida,Fabales,Fabaceae,Medicago
8023,Medicago sativa,Plants,Plantae,Tracheophyta,Magnoliopsida,Fabales,Fabaceae,Medicago
8024,Melilotus albus,Plants,Plantae,Tracheophyta,Magnoliopsida,Fabales,Fabaceae,Melilotus
8025,Melilotus indicus,Plants,Plantae,Tracheophyta,Magnoliopsida,Fabales,Fabaceae,Melilotus
8026,Melilotus officinalis,Plants,Plantae,Tracheophyta,Magnoliopsida,Fabales,Fabaceae,Melilotus
8027,Mimosa aculeaticarpa,Plants,Plantae,Tracheophyta,Magnoliopsida,Fabales,Fabaceae,Mimosa
8028,Mimosa nuttallii,Plants,Plantae,Tracheophyta,Magnoliopsida,Fabales,Fabaceae,Mimosa
8029,Mimosa pudica,Plants,Plantae,Tracheophyta,Magnoliopsida,Fabales,Fabaceae,Mimosa
8030,Mimosa quadrivalvis,Plants,Plantae,Tracheophyta,Magnoliopsida,Fabales,Fabaceae,Mimosa
8031,Mimosa strigillosa,Plants,Plantae,Tracheophyta,Magnoliopsida,Fabales,Fabaceae,Mimosa
8032,Neptunia lutea,Plants,Plantae,Tracheophyta,Magnoliopsida,Fabales,Fabaceae,Neptunia
8033,Neptunia pubescens,Plants,Plantae,Tracheophyta,Magnoliopsida,Fabales,Fabaceae,Neptunia
8034,Olneya tesota,Plants,Plantae,Tracheophyta,Magnoliopsida,Fabales,Fabaceae,Olneya
8035,Onobrychis viciifolia,Plants,Plantae,Tracheophyta,Magnoliopsida,Fabales,Fabaceae,Onobrychis
8036,Ononis spinosa,Plants,Plantae,Tracheophyta,Magnoliopsida,Fabales,Fabaceae,Ononis
8037,Oxytropis campestris,Plants,Plantae,Tracheophyta,Magnoliopsida,Fabales,Fabaceae,Oxytropis
8038,Oxytropis lambertii,Plants,Plantae,Tracheophyta,Magnoliopsida,Fabales,Fabaceae,Oxytropis
8039,Paraserianthes lophantha,Plants,Plantae,Tracheophyta,Magnoliopsida,Fabales,Fabaceae,Paraserianthes
8040,Parkinsonia aculeata,Plants,Plantae,Tracheophyta,Magnoliopsida,Fabales,Fabaceae,Parkinsonia
8041,Parkinsonia florida,Plants,Plantae,Tracheophyta,Magnoliopsida,Fabales,Fabaceae,Parkinsonia
8042,Parkinsonia microphylla,Plants,Plantae,Tracheophyta,Magnoliopsida,Fabales,Fabaceae,Parkinsonia
8043,Pediomelum argophyllum,Plants,Plantae,Tracheophyta,Magnoliopsida,Fabales,Fabaceae,Pediomelum
8044,Pediomelum tenuiflorum,Plants,Plantae,Tracheophyta,Magnoliopsida,Fabales,Fabaceae,Pediomelum
8045,Pickeringia montana,Plants,Plantae,Tracheophyta,Magnoliopsida,Fabales,Fabaceae,Pickeringia
8046,Pithecellobium dulce,Plants,Plantae,Tracheophyta,Magnoliopsida,Fabales,Fabaceae,Pithecellobium
8047,Platylobium obtusangulum,Plants,Plantae,Tracheophyta,Magnoliopsida,Fabales,Fabaceae,Platylobium
8048,Prosopis glandulosa,Plants,Plantae,Tracheophyta,Magnoliopsida,Fabales,Fabaceae,Prosopis
8049,Prosopis laevigata,Plants,Plantae,Tracheophyta,Magnoliopsida,Fabales,Fabaceae,Prosopis
8050,Prosopis pubescens,Plants,Plantae,Tracheophyta,Magnoliopsida,Fabales,Fabaceae,Prosopis
8051,Prosopis velutina,Plants,Plantae,Tracheophyta,Magnoliopsida,Fabales,Fabaceae,Prosopis
8052,Psorothamnus emoryi,Plants,Plantae,Tracheophyta,Magnoliopsida,Fabales,Fabaceae,Psorothamnus
8053,Psorothamnus schottii,Plants,Plantae,Tracheophyta,Magnoliopsida,Fabales,Fabaceae,Psorothamnus
8054,Psorothamnus spinosus,Plants,Plantae,Tracheophyta,Magnoliopsida,Fabales,Fabaceae,Psorothamnus
8055,Pueraria montana,Plants,Plantae,Tracheophyta,Magnoliopsida,Fabales,Fabaceae,Pueraria
8056,Robinia neomexicana,Plants,Plantae,Tracheophyta,Magnoliopsida,Fabales,Fabaceae,Robinia
8057,Robinia pseudoacacia,Plants,Plantae,Tracheophyta,Magnoliopsida,Fabales,Fabaceae,Robinia
8058,Rupertia physodes,Plants,Plantae,Tracheophyta,Magnoliopsida,Fabales,Fabaceae,Rupertia
8059,Securigera varia,Plants,Plantae,Tracheophyta,Magnoliopsida,Fabales,Fabaceae,Securigera
8060,Senegalia greggii,Plants,Plantae,Tracheophyta,Magnoliopsida,Fabales,Fabaceae,Senegalia
8061,Senna alata,Plants,Plantae,Tracheophyta,Magnoliopsida,Fabales,Fabaceae,Senna
8062,Senna armata,Plants,Plantae,Tracheophyta,Magnoliopsida,Fabales,Fabaceae,Senna
8063,Senna covesii,Plants,Plantae,Tracheophyta,Magnoliopsida,Fabales,Fabaceae,Senna
8064,Senna didymobotrya,Plants,Plantae,Tracheophyta,Magnoliopsida,Fabales,Fabaceae,Senna
8065,Senna hebecarpa,Plants,Plantae,Tracheophyta,Magnoliopsida,Fabales,Fabaceae,Senna
8066,Senna lindheimeriana,Plants,Plantae,Tracheophyta,Magnoliopsida,Fabales,Fabaceae,Senna
8067,Senna marilandica,Plants,Plantae,Tracheophyta,Magnoliopsida,Fabales,Fabaceae,Senna
8068,Senna obtusifolia,Plants,Plantae,Tracheophyta,Magnoliopsida,Fabales,Fabaceae,Senna
8069,Senna occidentalis,Plants,Plantae,Tracheophyta,Magnoliopsida,Fabales,Fabaceae,Senna
8070,Senna roemeriana,Plants,Plantae,Tracheophyta,Magnoliopsida,Fabales,Fabaceae,Senna
8071,Sesbania drummondii,Plants,Plantae,Tracheophyta,Magnoliopsida,Fabales,Fabaceae,Sesbania
8072,Sesbania herbacea,Plants,Plantae,Tracheophyta,Magnoliopsida,Fabales,Fabaceae,Sesbania
8073,Sesbania punicea,Plants,Plantae,Tracheophyta,Magnoliopsida,Fabales,Fabaceae,Sesbania
8074,Sesbania vesicaria,Plants,Plantae,Tracheophyta,Magnoliopsida,Fabales,Fabaceae,Sesbania
8075,Sophora affinis,Plants,Plantae,Tracheophyta,Magnoliopsida,Fabales,Fabaceae,Sophora
8076,Sophora microphylla,Plants,Plantae,Tracheophyta,Magnoliopsida,Fabales,Fabaceae,Sophora
8077,Spartium junceum,Plants,Plantae,Tracheophyta,Magnoliopsida,Fabales,Fabaceae,Spartium
8078,Strophostyles helvola,Plants,Plantae,Tracheophyta,Magnoliopsida,Fabales,Fabaceae,Strophostyles
8079,Strophostyles umbellata,Plants,Plantae,Tracheophyta,Magnoliopsida,Fabales,Fabaceae,Strophostyles
8080,Stylosanthes biflora,Plants,Plantae,Tracheophyta,Magnoliopsida,Fabales,Fabaceae,Stylosanthes
8081,Tamarindus indica,Plants,Plantae,Tracheophyta,Magnoliopsida,Fabales,Fabaceae,Tamarindus
8082,Tephrosia virginiana,Plants,Plantae,Tracheophyta,Magnoliopsida,Fabales,Fabaceae,Tephrosia
8083,Thermopsis californica,Plants,Plantae,Tracheophyta,Magnoliopsida,Fabales,Fabaceae,Thermopsis
8084,Thermopsis rhombifolia,Plants,Plantae,Tracheophyta,Magnoliopsida,Fabales,Fabaceae,Thermopsis
8085,Trifolium angustifolium,Plants,Plantae,Tracheophyta,Magnoliopsida,Fabales,Fabaceae,Trifolium
8086,Trifolium arvense,Plants,Plantae,Tracheophyta,Magnoliopsida,Fabales,Fabaceae,Trifolium
8087,Trifolium aureum,Plants,Plantae,Tracheophyta,Magnoliopsida,Fabales,Fabaceae,Trifolium
8088,Trifolium campestre,Plants,Plantae,Tracheophyta,Magnoliopsida,Fabales,Fabaceae,Trifolium
8089,Trifolium depauperatum,Plants,Plantae,Tracheophyta,Magnoliopsida,Fabales,Fabaceae,Trifolium
8090,Trifolium dubium,Plants,Plantae,Tracheophyta,Magnoliopsida,Fabales,Fabaceae,Trifolium
8091,Trifolium fragiferum,Plants,Plantae,Tracheophyta,Magnoliopsida,Fabales,Fabaceae,Trifolium
8092,Trifolium hirtum,Plants,Plantae,Tracheophyta,Magnoliopsida,Fabales,Fabaceae,Trifolium
8093,Trifolium hybridum,Plants,Plantae,Tracheophyta,Magnoliopsida,Fabales,Fabaceae,Trifolium
8094,Trifolium incarnatum,Plants,Plantae,Tracheophyta,Magnoliopsida,Fabales,Fabaceae,Trifolium
8095,Trifolium lupinaster,Plants,Plantae,Tracheophyta,Magnoliopsida,Fabales,Fabaceae,Trifolium
8096,Trifolium medium,Plants,Plantae,Tracheophyta,Magnoliopsida,Fabales,Fabaceae,Trifolium
8097,Trifolium montanum,Plants,Plantae,Tracheophyta,Magnoliopsida,Fabales,Fabaceae,Trifolium
8098,Trifolium pratense,Plants,Plantae,Tracheophyta,Magnoliopsida,Fabales,Fabaceae,Trifolium
8099,Trifolium repens,Plants,Plantae,Tracheophyta,Magnoliopsida,Fabales,Fabaceae,Trifolium
8100,Trifolium resupinatum,Plants,Plantae,Tracheophyta,Magnoliopsida,Fabales,Fabaceae,Trifolium
8101,Trifolium subterraneum,Plants,Plantae,Tracheophyta,Magnoliopsida,Fabales,Fabaceae,Trifolium
8102,Trifolium willdenovii,Plants,Plantae,Tracheophyta,Magnoliopsida,Fabales,Fabaceae,Trifolium
8103,Ulex europaeus,Plants,Plantae,Tracheophyta,Magnoliopsida,Fabales,Fabaceae,Ulex
8104,Vachellia constricta,Plants,Plantae,Tracheophyta,Magnoliopsida,Fabales,Fabaceae,Vachellia
8105,Vachellia cornigera,Plants,Plantae,Tracheophyta,Magnoliopsida,Fabales,Fabaceae,Vachellia
8106,Vachellia farnesiana,Plants,Plantae,Tracheophyta,Magnoliopsida,Fabales,Fabaceae,Vachellia
8107,Vachellia karroo,Plants,Plantae,Tracheophyta,Magnoliopsida,Fabales,Fabaceae,Vachellia
8108,Vachellia rigidula,Plants,Plantae,Tracheophyta,Magnoliopsida,Fabales,Fabaceae,Vachellia
8109,Vachellia schaffneri,Plants,Plantae,Tracheophyta,Magnoliopsida,Fabales,Fabaceae,Vachellia
8110,Vicia americana,Plants,Plantae,Tracheophyta,Magnoliopsida,Fabales,Fabaceae,Vicia
8111,Vicia benghalensis,Plants,Plantae,Tracheophyta,Magnoliopsida,Fabales,Fabaceae,Vicia
8112,Vicia caroliniana,Plants,Plantae,Tracheophyta,Magnoliopsida,Fabales,Fabaceae,Vicia
8113,Vicia cracca,Plants,Plantae,Tracheophyta,Magnoliopsida,Fabales,Fabaceae,Vicia
8114,Vicia gigantea,Plants,Plantae,Tracheophyta,Magnoliopsida,Fabales,Fabaceae,Vicia
8115,Vicia hirsuta,Plants,Plantae,Tracheophyta,Magnoliopsida,Fabales,Fabaceae,Vicia
8116,Vicia ludoviciana,Plants,Plantae,Tracheophyta,Magnoliopsida,Fabales,Fabaceae,Vicia
8117,Vicia sativa,Plants,Plantae,Tracheophyta,Magnoliopsida,Fabales,Fabaceae,Vicia
8118,Vicia sepium,Plants,Plantae,Tracheophyta,Magnoliopsida,Fabales,Fabaceae,Vicia
8119,Vicia sylvatica,Plants,Plantae,Tracheophyta,Magnoliopsida,Fabales,Fabaceae,Vicia
8120,Vicia tetrasperma,Plants,Plantae,Tracheophyta,Magnoliopsida,Fabales,Fabaceae,Vicia
8121,Vicia villosa,Plants,Plantae,Tracheophyta,Magnoliopsida,Fabales,Fabaceae,Vicia
8122,Vigna luteola,Plants,Plantae,Tracheophyta,Magnoliopsida,Fabales,Fabaceae,Vigna
8123,Wisteria sinensis,Plants,Plantae,Tracheophyta,Magnoliopsida,Fabales,Fabaceae,Wisteria
8124,Asemeia grandiflora,Plants,Plantae,Tracheophyta,Magnoliopsida,Fabales,Polygalaceae,Asemeia
8125,Muraltia heisteria,Plants,Plantae,Tracheophyta,Magnoliopsida,Fabales,Polygalaceae,Muraltia
8126,Muraltia spinosa,Plants,Plantae,Tracheophyta,Magnoliopsida,Fabales,Polygalaceae,Muraltia
8127,Polygala alba,Plants,Plantae,Tracheophyta,Magnoliopsida,Fabales,Polygalaceae,Polygala
8128,Polygala lutea,Plants,Plantae,Tracheophyta,Magnoliopsida,Fabales,Polygalaceae,Polygala
8129,Polygala myrtifolia,Plants,Plantae,Tracheophyta,Magnoliopsida,Fabales,Polygalaceae,Polygala
8130,Polygala nana,Plants,Plantae,Tracheophyta,Magnoliopsida,Fabales,Polygalaceae,Polygala
8131,Polygala polygama,Plants,Plantae,Tracheophyta,Magnoliopsida,Fabales,Polygalaceae,Polygala
8132,Polygala rugelii,Plants,Plantae,Tracheophyta,Magnoliopsida,Fabales,Polygalaceae,Polygala
8133,Polygala sanguinea,Plants,Plantae,Tracheophyta,Magnoliopsida,Fabales,Polygalaceae,Polygala
8134,Polygala senega,Plants,Plantae,Tracheophyta,Magnoliopsida,Fabales,Polygalaceae,Polygala
8135,Polygaloides chamaebuxus,Plants,Plantae,Tracheophyta,Magnoliopsida,Fabales,Polygalaceae,Polygaloides
8136,Polygaloides paucifolia,Plants,Plantae,Tracheophyta,Magnoliopsida,Fabales,Polygalaceae,Polygaloides
8137,Rhinotropis californica,Plants,Plantae,Tracheophyta,Magnoliopsida,Fabales,Polygalaceae,Rhinotropis
8138,Alnus alnobetula,Plants,Plantae,Tracheophyta,Magnoliopsida,Fagales,Betulaceae,Alnus
8139,Alnus glutinosa,Plants,Plantae,Tracheophyta,Magnoliopsida,Fagales,Betulaceae,Alnus
8140,Alnus incana,Plants,Plantae,Tracheophyta,Magnoliopsida,Fagales,Betulaceae,Alnus
8141,Alnus rhombifolia,Plants,Plantae,Tracheophyta,Magnoliopsida,Fagales,Betulaceae,Alnus
8142,Alnus rubra,Plants,Plantae,Tracheophyta,Magnoliopsida,Fagales,Betulaceae,Alnus
8143,Alnus serrulata,Plants,Plantae,Tracheophyta,Magnoliopsida,Fagales,Betulaceae,Alnus
8144,Betula alleghaniensis,Plants,Plantae,Tracheophyta,Magnoliopsida,Fagales,Betulaceae,Betula
8145,Betula lenta,Plants,Plantae,Tracheophyta,Magnoliopsida,Fagales,Betulaceae,Betula
8146,Betula nana,Plants,Plantae,Tracheophyta,Magnoliopsida,Fagales,Betulaceae,Betula
8147,Betula nigra,Plants,Plantae,Tracheophyta,Magnoliopsida,Fagales,Betulaceae,Betula
8148,Betula papyrifera,Plants,Plantae,Tracheophyta,Magnoliopsida,Fagales,Betulaceae,Betula
8149,Betula pendula,Plants,Plantae,Tracheophyta,Magnoliopsida,Fagales,Betulaceae,Betula
8150,Betula populifolia,Plants,Plantae,Tracheophyta,Magnoliopsida,Fagales,Betulaceae,Betula
8151,Betula pubescens,Plants,Plantae,Tracheophyta,Magnoliopsida,Fagales,Betulaceae,Betula
8152,Betula pumila,Plants,Plantae,Tracheophyta,Magnoliopsida,Fagales,Betulaceae,Betula
8153,Carpinus betulus,Plants,Plantae,Tracheophyta,Magnoliopsida,Fagales,Betulaceae,Carpinus
8154,Carpinus caroliniana,Plants,Plantae,Tracheophyta,Magnoliopsida,Fagales,Betulaceae,Carpinus
8155,Corylus americana,Plants,Plantae,Tracheophyta,Magnoliopsida,Fagales,Betulaceae,Corylus
8156,Corylus avellana,Plants,Plantae,Tracheophyta,Magnoliopsida,Fagales,Betulaceae,Corylus
8157,Corylus cornuta,Plants,Plantae,Tracheophyta,Magnoliopsida,Fagales,Betulaceae,Corylus
8158,Ostrya virginiana,Plants,Plantae,Tracheophyta,Magnoliopsida,Fagales,Betulaceae,Ostrya
8159,Casuarina equisetifolia,Plants,Plantae,Tracheophyta,Magnoliopsida,Fagales,Casuarinaceae,Casuarina
8160,Castanea dentata,Plants,Plantae,Tracheophyta,Magnoliopsida,Fagales,Fagaceae,Castanea
8161,Castanea sativa,Plants,Plantae,Tracheophyta,Magnoliopsida,Fagales,Fagaceae,Castanea
8162,Chrysolepis chrysophylla,Plants,Plantae,Tracheophyta,Magnoliopsida,Fagales,Fagaceae,Chrysolepis
8163,Chrysolepis sempervirens,Plants,Plantae,Tracheophyta,Magnoliopsida,Fagales,Fagaceae,Chrysolepis
8164,Fagus grandifolia,Plants,Plantae,Tracheophyta,Magnoliopsida,Fagales,Fagaceae,Fagus
8165,Fagus sylvatica,Plants,Plantae,Tracheophyta,Magnoliopsida,Fagales,Fagaceae,Fagus
8166,Notholithocarpus densiflorus,Plants,Plantae,Tracheophyta,Magnoliopsida,Fagales,Fagaceae,Notholithocarpus
8167,Quercus agrifolia,Plants,Plantae,Tracheophyta,Magnoliopsida,Fagales,Fagaceae,Quercus
8168,Quercus alba,Plants,Plantae,Tracheophyta,Magnoliopsida,Fagales,Fagaceae,Quercus
8169,Quercus berberidifolia,Plants,Plantae,Tracheophyta,Magnoliopsida,Fagales,Fagaceae,Quercus
8170,Quercus bicolor,Plants,Plantae,Tracheophyta,Magnoliopsida,Fagales,Fagaceae,Quercus
8171,Quercus buckleyi,Plants,Plantae,Tracheophyta,Magnoliopsida,Fagales,Fagaceae,Quercus
8172,Quercus chrysolepis,Plants,Plantae,Tracheophyta,Magnoliopsida,Fagales,Fagaceae,Quercus
8173,Quercus coccifera,Plants,Plantae,Tracheophyta,Magnoliopsida,Fagales,Fagaceae,Quercus
8174,Quercus coccinea,Plants,Plantae,Tracheophyta,Magnoliopsida,Fagales,Fagaceae,Quercus
8175,Quercus cornelius-mulleri,Plants,Plantae,Tracheophyta,Magnoliopsida,Fagales,Fagaceae,Quercus
8176,Quercus douglasii,Plants,Plantae,Tracheophyta,Magnoliopsida,Fagales,Fagaceae,Quercus
8177,Quercus durata,Plants,Plantae,Tracheophyta,Magnoliopsida,Fagales,Fagaceae,Quercus
8178,Quercus emoryi,Plants,Plantae,Tracheophyta,Magnoliopsida,Fagales,Fagaceae,Quercus
8179,Quercus engelmannii,Plants,Plantae,Tracheophyta,Magnoliopsida,Fagales,Fagaceae,Quercus
8180,Quercus falcata,Plants,Plantae,Tracheophyta,Magnoliopsida,Fagales,Fagaceae,Quercus
8181,Quercus fusiformis,Plants,Plantae,Tracheophyta,Magnoliopsida,Fagales,Fagaceae,Quercus
8182,Quercus gambelii,Plants,Plantae,Tracheophyta,Magnoliopsida,Fagales,Fagaceae,Quercus
8183,Quercus garryana,Plants,Plantae,Tracheophyta,Magnoliopsida,Fagales,Fagaceae,Quercus
8184,Quercus geminata,Plants,Plantae,Tracheophyta,Magnoliopsida,Fagales,Fagaceae,Quercus
8185,Quercus ilex,Plants,Plantae,Tracheophyta,Magnoliopsida,Fagales,Fagaceae,Quercus
8186,Quercus ilicifolia,Plants,Plantae,Tracheophyta,Magnoliopsida,Fagales,Fagaceae,Quercus
8187,Quercus imbricaria,Plants,Plantae,Tracheophyta,Magnoliopsida,Fagales,Fagaceae,Quercus
8188,Quercus kelloggii,Plants,Plantae,Tracheophyta,Magnoliopsida,Fagales,Fagaceae,Quercus
8189,Quercus laevis,Plants,Plantae,Tracheophyta,Magnoliopsida,Fagales,Fagaceae,Quercus
8190,Quercus lobata,Plants,Plantae,Tracheophyta,Magnoliopsida,Fagales,Fagaceae,Quercus
8191,Quercus macrocarpa,Plants,Plantae,Tracheophyta,Magnoliopsida,Fagales,Fagaceae,Quercus
8192,Quercus marilandica,Plants,Plantae,Tracheophyta,Magnoliopsida,Fagales,Fagaceae,Quercus
8193,Quercus michauxii,Plants,Plantae,Tracheophyta,Magnoliopsida,Fagales,Fagaceae,Quercus
8194,Quercus montana,Plants,Plantae,Tracheophyta,Magnoliopsida,Fagales,Fagaceae,Quercus
8195,Quercus muehlenbergii,Plants,Plantae,Tracheophyta,Magnoliopsida,Fagales,Fagaceae,Quercus
8196,Quercus nigra,Plants,Plantae,Tracheophyta,Magnoliopsida,Fagales,Fagaceae,Quercus
8197,Quercus palustris,Plants,Plantae,Tracheophyta,Magnoliopsida,Fagales,Fagaceae,Quercus
8198,Quercus phellos,Plants,Plantae,Tracheophyta,Magnoliopsida,Fagales,Fagaceae,Quercus
8199,Quercus robur,Plants,Plantae,Tracheophyta,Magnoliopsida,Fagales,Fagaceae,Quercus
8200,Quercus rotundifolia,Plants,Plantae,Tracheophyta,Magnoliopsida,Fagales,Fagaceae,Quercus
8201,Quercus rubra,Plants,Plantae,Tracheophyta,Magnoliopsida,Fagales,Fagaceae,Quercus
8202,Quercus shumardii,Plants,Plantae,Tracheophyta,Magnoliopsida,Fagales,Fagaceae,Quercus
8203,Quercus sinuata,Plants,Plantae,Tracheophyta,Magnoliopsida,Fagales,Fagaceae,Quercus
8204,Quercus stellata,Plants,Plantae,Tracheophyta,Magnoliopsida,Fagales,Fagaceae,Quercus
8205,Quercus suber,Plants,Plantae,Tracheophyta,Magnoliopsida,Fagales,Fagaceae,Quercus
8206,Quercus turbinella,Plants,Plantae,Tracheophyta,Magnoliopsida,Fagales,Fagaceae,Quercus
8207,Quercus velutina,Plants,Plantae,Tracheophyta,Magnoliopsida,Fagales,Fagaceae,Quercus
8208,Quercus virginiana,Plants,Plantae,Tracheophyta,Magnoliopsida,Fagales,Fagaceae,Quercus
8209,Quercus wislizeni,Plants,Plantae,Tracheophyta,Magnoliopsida,Fagales,Fagaceae,Quercus
8210,Carya cordiformis,Plants,Plantae,Tracheophyta,Magnoliopsida,Fagales,Juglandaceae,Carya
8211,Carya glabra,Plants,Plantae,Tracheophyta,Magnoliopsida,Fagales,Juglandaceae,Carya
8212,Carya illinoinensis,Plants,Plantae,Tracheophyta,Magnoliopsida,Fagales,Juglandaceae,Carya
8213,Carya ovata,Plants,Plantae,Tracheophyta,Magnoliopsida,Fagales,Juglandaceae,Carya
8214,Carya tomentosa,Plants,Plantae,Tracheophyta,Magnoliopsida,Fagales,Juglandaceae,Carya
8215,Juglans californica,Plants,Plantae,Tracheophyta,Magnoliopsida,Fagales,Juglandaceae,Juglans
8216,Juglans cinerea,Plants,Plantae,Tracheophyta,Magnoliopsida,Fagales,Juglandaceae,Juglans
8217,Juglans nigra,Plants,Plantae,Tracheophyta,Magnoliopsida,Fagales,Juglandaceae,Juglans
8218,Juglans regia,Plants,Plantae,Tracheophyta,Magnoliopsida,Fagales,Juglandaceae,Juglans
8219,Comptonia peregrina,Plants,Plantae,Tracheophyta,Magnoliopsida,Fagales,Myricaceae,Comptonia
8220,Morella californica,Plants,Plantae,Tracheophyta,Magnoliopsida,Fagales,Myricaceae,Morella
8221,Morella cerifera,Plants,Plantae,Tracheophyta,Magnoliopsida,Fagales,Myricaceae,Morella
8222,Morella pensylvanica,Plants,Plantae,Tracheophyta,Magnoliopsida,Fagales,Myricaceae,Morella
8223,Myrica gale,Plants,Plantae,Tracheophyta,Magnoliopsida,Fagales,Myricaceae,Myrica
8224,Nothofagus cliffortioides,Plants,Plantae,Tracheophyta,Magnoliopsida,Fagales,Nothofagaceae,Nothofagus
8225,Nothofagus menziesii,Plants,Plantae,Tracheophyta,Magnoliopsida,Fagales,Nothofagaceae,Nothofagus
8226,Garrya elliptica,Plants,Plantae,Tracheophyta,Magnoliopsida,Garryales,Garryaceae,Garrya
8227,Garrya lindheimeri,Plants,Plantae,Tracheophyta,Magnoliopsida,Garryales,Garryaceae,Garrya
8228,Amsonia ciliata,Plants,Plantae,Tracheophyta,Magnoliopsida,Gentianales,Apocynaceae,Amsonia
8229,Amsonia tabernaemontana,Plants,Plantae,Tracheophyta,Magnoliopsida,Gentianales,Apocynaceae,Amsonia
8230,Apocynum androsaemifolium,Plants,Plantae,Tracheophyta,Magnoliopsida,Gentianales,Apocynaceae,Apocynum
8231,Apocynum cannabinum,Plants,Plantae,Tracheophyta,Magnoliopsida,Gentianales,Apocynaceae,Apocynum
8232,Araujia sericifera,Plants,Plantae,Tracheophyta,Magnoliopsida,Gentianales,Apocynaceae,Araujia
8233,Asclepias albicans,Plants,Plantae,Tracheophyta,Magnoliopsida,Gentianales,Apocynaceae,Asclepias
8234,Asclepias amplexicaulis,Plants,Plantae,Tracheophyta,Magnoliopsida,Gentianales,Apocynaceae,Asclepias
8235,Asclepias asperula,Plants,Plantae,Tracheophyta,Magnoliopsida,Gentianales,Apocynaceae,Asclepias
8236,Asclepias californica,Plants,Plantae,Tracheophyta,Magnoliopsida,Gentianales,Apocynaceae,Asclepias
8237,Asclepias cordifolia,Plants,Plantae,Tracheophyta,Magnoliopsida,Gentianales,Apocynaceae,Asclepias
8238,Asclepias curassavica,Plants,Plantae,Tracheophyta,Magnoliopsida,Gentianales,Apocynaceae,Asclepias
8239,Asclepias eriocarpa,Plants,Plantae,Tracheophyta,Magnoliopsida,Gentianales,Apocynaceae,Asclepias
8240,Asclepias erosa,Plants,Plantae,Tracheophyta,Magnoliopsida,Gentianales,Apocynaceae,Asclepias
8241,Asclepias exaltata,Plants,Plantae,Tracheophyta,Magnoliopsida,Gentianales,Apocynaceae,Asclepias
8242,Asclepias fascicularis,Plants,Plantae,Tracheophyta,Magnoliopsida,Gentianales,Apocynaceae,Asclepias
8243,Asclepias hirtella,Plants,Plantae,Tracheophyta,Magnoliopsida,Gentianales,Apocynaceae,Asclepias
8244,Asclepias humistrata,Plants,Plantae,Tracheophyta,Magnoliopsida,Gentianales,Apocynaceae,Asclepias
8245,Asclepias incarnata,Plants,Plantae,Tracheophyta,Magnoliopsida,Gentianales,Apocynaceae,Asclepias
8246,Asclepias lanceolata,Plants,Plantae,Tracheophyta,Magnoliopsida,Gentianales,Apocynaceae,Asclepias
8247,Asclepias latifolia,Plants,Plantae,Tracheophyta,Magnoliopsida,Gentianales,Apocynaceae,Asclepias
8248,Asclepias linaria,Plants,Plantae,Tracheophyta,Magnoliopsida,Gentianales,Apocynaceae,Asclepias
8249,Asclepias oenotheroides,Plants,Plantae,Tracheophyta,Magnoliopsida,Gentianales,Apocynaceae,Asclepias
8250,Asclepias perennis,Plants,Plantae,Tracheophyta,Magnoliopsida,Gentianales,Apocynaceae,Asclepias
8251,Asclepias purpurascens,Plants,Plantae,Tracheophyta,Magnoliopsida,Gentianales,Apocynaceae,Asclepias
8252,Asclepias quadrifolia,Plants,Plantae,Tracheophyta,Magnoliopsida,Gentianales,Apocynaceae,Asclepias
8253,Asclepias speciosa,Plants,Plantae,Tracheophyta,Magnoliopsida,Gentianales,Apocynaceae,Asclepias
8254,Asclepias subulata,Plants,Plantae,Tracheophyta,Magnoliopsida,Gentianales,Apocynaceae,Asclepias
8255,Asclepias subverticillata,Plants,Plantae,Tracheophyta,Magnoliopsida,Gentianales,Apocynaceae,Asclepias
8256,Asclepias syriaca,Plants,Plantae,Tracheophyta,Magnoliopsida,Gentianales,Apocynaceae,Asclepias
8257,Asclepias tuberosa,Plants,Plantae,Tracheophyta,Magnoliopsida,Gentianales,Apocynaceae,Asclepias
8258,Asclepias variegata,Plants,Plantae,Tracheophyta,Magnoliopsida,Gentianales,Apocynaceae,Asclepias
8259,Asclepias verticillata,Plants,Plantae,Tracheophyta,Magnoliopsida,Gentianales,Apocynaceae,Asclepias
8260,Asclepias viridiflora,Plants,Plantae,Tracheophyta,Magnoliopsida,Gentianales,Apocynaceae,Asclepias
8261,Asclepias viridis,Plants,Plantae,Tracheophyta,Magnoliopsida,Gentianales,Apocynaceae,Asclepias
8262,Calotropis gigantea,Plants,Plantae,Tracheophyta,Magnoliopsida,Gentianales,Apocynaceae,Calotropis
8263,Calotropis procera,Plants,Plantae,Tracheophyta,Magnoliopsida,Gentianales,Apocynaceae,Calotropis
8264,Carissa bispinosa,Plants,Plantae,Tracheophyta,Magnoliopsida,Gentianales,Apocynaceae,Carissa
8265,Carissa macrocarpa,Plants,Plantae,Tracheophyta,Magnoliopsida,Gentianales,Apocynaceae,Carissa
8266,Cascabela thevetia,Plants,Plantae,Tracheophyta,Magnoliopsida,Gentianales,Apocynaceae,Cascabela
8267,Catharanthus roseus,Plants,Plantae,Tracheophyta,Magnoliopsida,Gentianales,Apocynaceae,Catharanthus
8268,Cynanchum laeve,Plants,Plantae,Tracheophyta,Magnoliopsida,Gentianales,Apocynaceae,Cynanchum
8269,Funastrum cynanchoides,Plants,Plantae,Tracheophyta,Magnoliopsida,Gentianales,Apocynaceae,Funastrum
8270,Funastrum heterophyllum,Plants,Plantae,Tracheophyta,Magnoliopsida,Gentianales,Apocynaceae,Funastrum
8271,Funastrum hirtellum,Plants,Plantae,Tracheophyta,Magnoliopsida,Gentianales,Apocynaceae,Funastrum
8272,Gomphocarpus cancellatus,Plants,Plantae,Tracheophyta,Magnoliopsida,Gentianales,Apocynaceae,Gomphocarpus
8273,Gomphocarpus fruticosus,Plants,Plantae,Tracheophyta,Magnoliopsida,Gentianales,Apocynaceae,Gomphocarpus
8274,Gomphocarpus physocarpus,Plants,Plantae,Tracheophyta,Magnoliopsida,Gentianales,Apocynaceae,Gomphocarpus
8275,Gonolobus suberosus,Plants,Plantae,Tracheophyta,Magnoliopsida,Gentianales,Apocynaceae,Gonolobus
8276,Matelea biflora,Plants,Plantae,Tracheophyta,Magnoliopsida,Gentianales,Apocynaceae,Matelea
8277,Matelea reticulata,Plants,Plantae,Tracheophyta,Magnoliopsida,Gentianales,Apocynaceae,Matelea
8278,Nerium oleander,Plants,Plantae,Tracheophyta,Magnoliopsida,Gentianales,Apocynaceae,Nerium
8279,Parsonsia heterophylla,Plants,Plantae,Tracheophyta,Magnoliopsida,Gentianales,Apocynaceae,Parsonsia
8280,Plumeria rubra,Plants,Plantae,Tracheophyta,Magnoliopsida,Gentianales,Apocynaceae,Plumeria
8281,Trachelospermum jasminoides,Plants,Plantae,Tracheophyta,Magnoliopsida,Gentianales,Apocynaceae,Trachelospermum
8282,Vinca major,Plants,Plantae,Tracheophyta,Magnoliopsida,Gentianales,Apocynaceae,Vinca
8283,Vinca minor,Plants,Plantae,Tracheophyta,Magnoliopsida,Gentianales,Apocynaceae,Vinca
8284,Vincetoxicum hirundinaria,Plants,Plantae,Tracheophyta,Magnoliopsida,Gentianales,Apocynaceae,Vincetoxicum
8285,Vincetoxicum nigrum,Plants,Plantae,Tracheophyta,Magnoliopsida,Gentianales,Apocynaceae,Vincetoxicum
8286,Vincetoxicum rossicum,Plants,Plantae,Tracheophyta,Magnoliopsida,Gentianales,Apocynaceae,Vincetoxicum
8287,Gelsemium sempervirens,Plants,Plantae,Tracheophyta,Magnoliopsida,Gentianales,Gelsemiaceae,Gelsemium
8288,Blackstonia perfoliata,Plants,Plantae,Tracheophyta,Magnoliopsida,Gentianales,Gentianaceae,Blackstonia
8289,Centaurium erythraea,Plants,Plantae,Tracheophyta,Magnoliopsida,Gentianales,Gentianaceae,Centaurium
8290,Centaurium pulchellum,Plants,Plantae,Tracheophyta,Magnoliopsida,Gentianales,Gentianaceae,Centaurium
8291,Chironia baccifera,Plants,Plantae,Tracheophyta,Magnoliopsida,Gentianales,Gentianaceae,Chironia
8292,Eustoma exaltatum,Plants,Plantae,Tracheophyta,Magnoliopsida,Gentianales,Gentianaceae,Eustoma
8293,Frasera caroliniensis,Plants,Plantae,Tracheophyta,Magnoliopsida,Gentianales,Gentianaceae,Frasera
8294,Frasera speciosa,Plants,Plantae,Tracheophyta,Magnoliopsida,Gentianales,Gentianaceae,Frasera
8295,Gentiana acaulis,Plants,Plantae,Tracheophyta,Magnoliopsida,Gentianales,Gentianaceae,Gentiana
8296,Gentiana alba,Plants,Plantae,Tracheophyta,Magnoliopsida,Gentianales,Gentianaceae,Gentiana
8297,Gentiana algida,Plants,Plantae,Tracheophyta,Magnoliopsida,Gentianales,Gentianaceae,Gentiana
8298,Gentiana andrewsii,Plants,Plantae,Tracheophyta,Magnoliopsida,Gentianales,Gentianaceae,Gentiana
8299,Gentiana asclepiadea,Plants,Plantae,Tracheophyta,Magnoliopsida,Gentianales,Gentianaceae,Gentiana
8300,Gentiana calycosa,Plants,Plantae,Tracheophyta,Magnoliopsida,Gentianales,Gentianaceae,Gentiana
8301,Gentiana clausa,Plants,Plantae,Tracheophyta,Magnoliopsida,Gentianales,Gentianaceae,Gentiana
8302,Gentiana cruciata,Plants,Plantae,Tracheophyta,Magnoliopsida,Gentianales,Gentianaceae,Gentiana
8303,Gentiana linearis,Plants,Plantae,Tracheophyta,Magnoliopsida,Gentianales,Gentianaceae,Gentiana
8304,Gentiana lutea,Plants,Plantae,Tracheophyta,Magnoliopsida,Gentianales,Gentianaceae,Gentiana
8305,Gentiana pneumonanthe,Plants,Plantae,Tracheophyta,Magnoliopsida,Gentianales,Gentianaceae,Gentiana
8306,Gentiana sedifolia,Plants,Plantae,Tracheophyta,Magnoliopsida,Gentianales,Gentianaceae,Gentiana
8307,Gentiana verna,Plants,Plantae,Tracheophyta,Magnoliopsida,Gentianales,Gentianaceae,Gentiana
8308,Gentianella amarella,Plants,Plantae,Tracheophyta,Magnoliopsida,Gentianales,Gentianaceae,Gentianella
8309,Gentianopsis ciliata,Plants,Plantae,Tracheophyta,Magnoliopsida,Gentianales,Gentianaceae,Gentianopsis
8310,Gentianopsis crinita,Plants,Plantae,Tracheophyta,Magnoliopsida,Gentianales,Gentianaceae,Gentianopsis
8311,Obolaria virginica,Plants,Plantae,Tracheophyta,Magnoliopsida,Gentianales,Gentianaceae,Obolaria
8312,Sabatia angularis,Plants,Plantae,Tracheophyta,Magnoliopsida,Gentianales,Gentianaceae,Sabatia
8313,Sabatia campestris,Plants,Plantae,Tracheophyta,Magnoliopsida,Gentianales,Gentianaceae,Sabatia
8314,Sabatia stellaris,Plants,Plantae,Tracheophyta,Magnoliopsida,Gentianales,Gentianaceae,Sabatia
8315,Zeltnera texensis,Plants,Plantae,Tracheophyta,Magnoliopsida,Gentianales,Gentianaceae,Zeltnera
8316,Zeltnera venusta,Plants,Plantae,Tracheophyta,Magnoliopsida,Gentianales,Gentianaceae,Zeltnera
8317,Geniostoma ligustrifolium,Plants,Plantae,Tracheophyta,Magnoliopsida,Gentianales,Loganiaceae,Geniostoma
8318,Spigelia marilandica,Plants,Plantae,Tracheophyta,Magnoliopsida,Gentianales,Loganiaceae,Spigelia
8319,Bouvardia ternifolia,Plants,Plantae,Tracheophyta,Magnoliopsida,Gentianales,Rubiaceae,Bouvardia
8320,Cephalanthus occidentalis,Plants,Plantae,Tracheophyta,Magnoliopsida,Gentianales,Rubiaceae,Cephalanthus
8321,Coffea arabica,Plants,Plantae,Tracheophyta,Magnoliopsida,Gentianales,Rubiaceae,Coffea
8322,Coprosma acerosa,Plants,Plantae,Tracheophyta,Magnoliopsida,Gentianales,Rubiaceae,Coprosma
8323,Coprosma areolata,Plants,Plantae,Tracheophyta,Magnoliopsida,Gentianales,Rubiaceae,Coprosma
8324,Coprosma crassifolia,Plants,Plantae,Tracheophyta,Magnoliopsida,Gentianales,Rubiaceae,Coprosma
8325,Coprosma dumosa,Plants,Plantae,Tracheophyta,Magnoliopsida,Gentianales,Rubiaceae,Coprosma
8326,Coprosma foetidissima,Plants,Plantae,Tracheophyta,Magnoliopsida,Gentianales,Rubiaceae,Coprosma
8327,Coprosma grandifolia,Plants,Plantae,Tracheophyta,Magnoliopsida,Gentianales,Rubiaceae,Coprosma
8328,Coprosma lucida,Plants,Plantae,Tracheophyta,Magnoliopsida,Gentianales,Rubiaceae,Coprosma
8329,Coprosma propinqua,Plants,Plantae,Tracheophyta,Magnoliopsida,Gentianales,Rubiaceae,Coprosma
8330,Coprosma repens,Plants,Plantae,Tracheophyta,Magnoliopsida,Gentianales,Rubiaceae,Coprosma
8331,Coprosma rhamnoides,Plants,Plantae,Tracheophyta,Magnoliopsida,Gentianales,Rubiaceae,Coprosma
8332,Coprosma robusta,Plants,Plantae,Tracheophyta,Magnoliopsida,Gentianales,Rubiaceae,Coprosma
8333,Coprosma rotundifolia,Plants,Plantae,Tracheophyta,Magnoliopsida,Gentianales,Rubiaceae,Coprosma
8334,Cruciata laevipes,Plants,Plantae,Tracheophyta,Magnoliopsida,Gentianales,Rubiaceae,Cruciata
8335,Diodia virginiana,Plants,Plantae,Tracheophyta,Magnoliopsida,Gentianales,Rubiaceae,Diodia
8336,Galium album,Plants,Plantae,Tracheophyta,Magnoliopsida,Gentianales,Rubiaceae,Galium
8337,Galium angustifolium,Plants,Plantae,Tracheophyta,Magnoliopsida,Gentianales,Rubiaceae,Galium
8338,Galium aparine,Plants,Plantae,Tracheophyta,Magnoliopsida,Gentianales,Rubiaceae,Galium
8339,Galium boreale,Plants,Plantae,Tracheophyta,Magnoliopsida,Gentianales,Rubiaceae,Galium
8340,Galium circaezans,Plants,Plantae,Tracheophyta,Magnoliopsida,Gentianales,Rubiaceae,Galium
8341,Galium mollugo,Plants,Plantae,Tracheophyta,Magnoliopsida,Gentianales,Rubiaceae,Galium
8342,Galium odoratum,Plants,Plantae,Tracheophyta,Magnoliopsida,Gentianales,Rubiaceae,Galium
8343,Galium palustre,Plants,Plantae,Tracheophyta,Magnoliopsida,Gentianales,Rubiaceae,Galium
8344,Galium triflorum,Plants,Plantae,Tracheophyta,Magnoliopsida,Gentianales,Rubiaceae,Galium
8345,Galium verum,Plants,Plantae,Tracheophyta,Magnoliopsida,Gentianales,Rubiaceae,Galium
8346,Hamelia patens,Plants,Plantae,Tracheophyta,Magnoliopsida,Gentianales,Rubiaceae,Hamelia
8347,Hexasepalum teres,Plants,Plantae,Tracheophyta,Magnoliopsida,Gentianales,Rubiaceae,Hexasepalum
8348,Houstonia caerulea,Plants,Plantae,Tracheophyta,Magnoliopsida,Gentianales,Rubiaceae,Houstonia
8349,Houstonia longifolia,Plants,Plantae,Tracheophyta,Magnoliopsida,Gentianales,Rubiaceae,Houstonia
8350,Houstonia procumbens,Plants,Plantae,Tracheophyta,Magnoliopsida,Gentianales,Rubiaceae,Houstonia
8351,Houstonia purpurea,Plants,Plantae,Tracheophyta,Magnoliopsida,Gentianales,Rubiaceae,Houstonia
8352,Houstonia pusilla,Plants,Plantae,Tracheophyta,Magnoliopsida,Gentianales,Rubiaceae,Houstonia
8353,Ixora coccinea,Plants,Plantae,Tracheophyta,Magnoliopsida,Gentianales,Rubiaceae,Ixora
8354,Mitchella repens,Plants,Plantae,Tracheophyta,Magnoliopsida,Gentianales,Rubiaceae,Mitchella
8355,Morinda citrifolia,Plants,Plantae,Tracheophyta,Magnoliopsida,Gentianales,Rubiaceae,Morinda
8356,Nertera depressa,Plants,Plantae,Tracheophyta,Magnoliopsida,Gentianales,Rubiaceae,Nertera
8357,Oldenlandia corymbosa,Plants,Plantae,Tracheophyta,Magnoliopsida,Gentianales,Rubiaceae,Oldenlandia
8358,Paederia foetida,Plants,Plantae,Tracheophyta,Magnoliopsida,Gentianales,Rubiaceae,Paederia
8359,Psychotria asiatica,Plants,Plantae,Tracheophyta,Magnoliopsida,Gentianales,Rubiaceae,Psychotria
8360,Psychotria nervosa,Plants,Plantae,Tracheophyta,Magnoliopsida,Gentianales,Rubiaceae,Psychotria
8361,Psychotria poeppigiana,Plants,Plantae,Tracheophyta,Magnoliopsida,Gentianales,Rubiaceae,Psychotria
8362,Richardia grandiflora,Plants,Plantae,Tracheophyta,Magnoliopsida,Gentianales,Rubiaceae,Richardia
8363,Sherardia arvensis,Plants,Plantae,Tracheophyta,Magnoliopsida,Gentianales,Rubiaceae,Sherardia
8364,Spermacoce verticillata,Plants,Plantae,Tracheophyta,Magnoliopsida,Gentianales,Rubiaceae,Spermacoce
8365,Stenaria nigricans,Plants,Plantae,Tracheophyta,Magnoliopsida,Gentianales,Rubiaceae,Stenaria
8366,Erodium botrys,Plants,Plantae,Tracheophyta,Magnoliopsida,Geraniales,Geraniaceae,Erodium
8367,Erodium cicutarium,Plants,Plantae,Tracheophyta,Magnoliopsida,Geraniales,Geraniaceae,Erodium
8368,Erodium moschatum,Plants,Plantae,Tracheophyta,Magnoliopsida,Geraniales,Geraniaceae,Erodium
8369,Erodium texanum,Plants,Plantae,Tracheophyta,Magnoliopsida,Geraniales,Geraniaceae,Erodium
8370,Geranium caespitosum,Plants,Plantae,Tracheophyta,Magnoliopsida,Geraniales,Geraniaceae,Geranium
8371,Geranium carolinianum,Plants,Plantae,Tracheophyta,Magnoliopsida,Geraniales,Geraniaceae,Geranium
8372,Geranium dissectum,Plants,Plantae,Tracheophyta,Magnoliopsida,Geraniales,Geraniaceae,Geranium
8373,Geranium erianthum,Plants,Plantae,Tracheophyta,Magnoliopsida,Geraniales,Geraniaceae,Geranium
8374,Geranium lucidum,Plants,Plantae,Tracheophyta,Magnoliopsida,Geraniales,Geraniaceae,Geranium
8375,Geranium maculatum,Plants,Plantae,Tracheophyta,Magnoliopsida,Geraniales,Geraniaceae,Geranium
8376,Geranium molle,Plants,Plantae,Tracheophyta,Magnoliopsida,Geraniales,Geraniaceae,Geranium
8377,Geranium palustre,Plants,Plantae,Tracheophyta,Magnoliopsida,Geraniales,Geraniaceae,Geranium
8378,Geranium phaeum,Plants,Plantae,Tracheophyta,Magnoliopsida,Geraniales,Geraniaceae,Geranium
8379,Geranium pratense,Plants,Plantae,Tracheophyta,Magnoliopsida,Geraniales,Geraniaceae,Geranium
8380,Geranium purpureum,Plants,Plantae,Tracheophyta,Magnoliopsida,Geraniales,Geraniaceae,Geranium
8381,Geranium pusillum,Plants,Plantae,Tracheophyta,Magnoliopsida,Geraniales,Geraniaceae,Geranium
8382,Geranium pyrenaicum,Plants,Plantae,Tracheophyta,Magnoliopsida,Geraniales,Geraniaceae,Geranium
8383,Geranium richardsonii,Plants,Plantae,Tracheophyta,Magnoliopsida,Geraniales,Geraniaceae,Geranium
8384,Geranium robertianum,Plants,Plantae,Tracheophyta,Magnoliopsida,Geraniales,Geraniaceae,Geranium
8385,Geranium sanguineum,Plants,Plantae,Tracheophyta,Magnoliopsida,Geraniales,Geraniaceae,Geranium
8386,Geranium sibiricum,Plants,Plantae,Tracheophyta,Magnoliopsida,Geraniales,Geraniaceae,Geranium
8387,Geranium sylvaticum,Plants,Plantae,Tracheophyta,Magnoliopsida,Geraniales,Geraniaceae,Geranium
8388,Geranium viscosissimum,Plants,Plantae,Tracheophyta,Magnoliopsida,Geraniales,Geraniaceae,Geranium
8389,Pelargonium capitatum,Plants,Plantae,Tracheophyta,Magnoliopsida,Geraniales,Geraniaceae,Pelargonium
8390,Pelargonium cucullatum,Plants,Plantae,Tracheophyta,Magnoliopsida,Geraniales,Geraniaceae,Pelargonium
8391,Pelargonium triste,Plants,Plantae,Tracheophyta,Magnoliopsida,Geraniales,Geraniaceae,Pelargonium
8392,Gunnera tinctoria,Plants,Plantae,Tracheophyta,Magnoliopsida,Gunnerales,Gunneraceae,Gunnera
8393,Acanthus mollis,Plants,Plantae,Tracheophyta,Magnoliopsida,Lamiales,Acanthaceae,Acanthus
8394,Asystasia gangetica,Plants,Plantae,Tracheophyta,Magnoliopsida,Lamiales,Acanthaceae,Asystasia
8395,Avicennia germinans,Plants,Plantae,Tracheophyta,Magnoliopsida,Lamiales,Acanthaceae,Avicennia
8396,Avicennia marina,Plants,Plantae,Tracheophyta,Magnoliopsida,Lamiales,Acanthaceae,Avicennia
8397,Dicliptera brachiata,Plants,Plantae,Tracheophyta,Magnoliopsida,Lamiales,Acanthaceae,Dicliptera
8398,Dyschoriste linearis,Plants,Plantae,Tracheophyta,Magnoliopsida,Lamiales,Acanthaceae,Dyschoriste
8399,Hypoestes phyllostachya,Plants,Plantae,Tracheophyta,Magnoliopsida,Lamiales,Acanthaceae,Hypoestes
8400,Justicia americana,Plants,Plantae,Tracheophyta,Magnoliopsida,Lamiales,Acanthaceae,Justicia
8401,Justicia californica,Plants,Plantae,Tracheophyta,Magnoliopsida,Lamiales,Acanthaceae,Justicia
8402,Justicia pilosella,Plants,Plantae,Tracheophyta,Magnoliopsida,Lamiales,Acanthaceae,Justicia
8403,Pachystachys lutea,Plants,Plantae,Tracheophyta,Magnoliopsida,Lamiales,Acanthaceae,Pachystachys
8404,Ruellia blechum,Plants,Plantae,Tracheophyta,Magnoliopsida,Lamiales,Acanthaceae,Ruellia
8405,Ruellia caroliniensis,Plants,Plantae,Tracheophyta,Magnoliopsida,Lamiales,Acanthaceae,Ruellia
8406,Ruellia humilis,Plants,Plantae,Tracheophyta,Magnoliopsida,Lamiales,Acanthaceae,Ruellia
8407,Ruellia nudiflora,Plants,Plantae,Tracheophyta,Magnoliopsida,Lamiales,Acanthaceae,Ruellia
8408,Ruellia simplex,Plants,Plantae,Tracheophyta,Magnoliopsida,Lamiales,Acanthaceae,Ruellia
8409,Ruellia strepens,Plants,Plantae,Tracheophyta,Magnoliopsida,Lamiales,Acanthaceae,Ruellia
8410,Thunbergia alata,Plants,Plantae,Tracheophyta,Magnoliopsida,Lamiales,Acanthaceae,Thunbergia
8411,Thunbergia grandiflora,Plants,Plantae,Tracheophyta,Magnoliopsida,Lamiales,Acanthaceae,Thunbergia
8412,Bignonia capreolata,Plants,Plantae,Tracheophyta,Magnoliopsida,Lamiales,Bignoniaceae,Bignonia
8413,Campsis radicans,Plants,Plantae,Tracheophyta,Magnoliopsida,Lamiales,Bignoniaceae,Campsis
8414,Catalpa speciosa,Plants,Plantae,Tracheophyta,Magnoliopsida,Lamiales,Bignoniaceae,Catalpa
8415,Chilopsis linearis,Plants,Plantae,Tracheophyta,Magnoliopsida,Lamiales,Bignoniaceae,Chilopsis
8416,Crescentia cujete,Plants,Plantae,Tracheophyta,Magnoliopsida,Lamiales,Bignoniaceae,Crescentia
8417,Jacaranda mimosifolia,Plants,Plantae,Tracheophyta,Magnoliopsida,Lamiales,Bignoniaceae,Jacaranda
8418,Spathodea campanulata,Plants,Plantae,Tracheophyta,Magnoliopsida,Lamiales,Bignoniaceae,Spathodea
8419,Tabebuia rosea,Plants,Plantae,Tracheophyta,Magnoliopsida,Lamiales,Bignoniaceae,Tabebuia
8420,Tecoma stans,Plants,Plantae,Tracheophyta,Magnoliopsida,Lamiales,Bignoniaceae,Tecoma
8421,Tecomaria capensis,Plants,Plantae,Tracheophyta,Magnoliopsida,Lamiales,Bignoniaceae,Tecomaria
8422,Rhabdothamnus solandri,Plants,Plantae,Tracheophyta,Magnoliopsida,Lamiales,Gesneriaceae,Rhabdothamnus
8423,Agastache foeniculum,Plants,Plantae,Tracheophyta,Magnoliopsida,Lamiales,Lamiaceae,Agastache
8424,Agastache urticifolia,Plants,Plantae,Tracheophyta,Magnoliopsida,Lamiales,Lamiaceae,Agastache
8425,Ajuga chamaepitys,Plants,Plantae,Tracheophyta,Magnoliopsida,Lamiales,Lamiaceae,Ajuga
8426,Ajuga genevensis,Plants,Plantae,Tracheophyta,Magnoliopsida,Lamiales,Lamiaceae,Ajuga
8427,Ajuga reptans,Plants,Plantae,Tracheophyta,Magnoliopsida,Lamiales,Lamiaceae,Ajuga
8428,Ballota nigra,Plants,Plantae,Tracheophyta,Magnoliopsida,Lamiales,Lamiaceae,Ballota
8429,Betonica officinalis,Plants,Plantae,Tracheophyta,Magnoliopsida,Lamiales,Lamiaceae,Betonica
8430,Blephilia hirsuta,Plants,Plantae,Tracheophyta,Magnoliopsida,Lamiales,Lamiaceae,Blephilia
8431,Callicarpa americana,Plants,Plantae,Tracheophyta,Magnoliopsida,Lamiales,Lamiaceae,Callicarpa
8432,Callicarpa formosana,Plants,Plantae,Tracheophyta,Magnoliopsida,Lamiales,Lamiaceae,Callicarpa
8433,Clinopodium acinos,Plants,Plantae,Tracheophyta,Magnoliopsida,Lamiales,Lamiaceae,Clinopodium
8434,Clinopodium douglasii,Plants,Plantae,Tracheophyta,Magnoliopsida,Lamiales,Lamiaceae,Clinopodium
8435,Clinopodium vulgare,Plants,Plantae,Tracheophyta,Magnoliopsida,Lamiales,Lamiaceae,Clinopodium
8436,Collinsonia canadensis,Plants,Plantae,Tracheophyta,Magnoliopsida,Lamiales,Lamiaceae,Collinsonia
8437,Condea emoryi,Plants,Plantae,Tracheophyta,Magnoliopsida,Lamiales,Lamiaceae,Condea
8438,Cunila origanoides,Plants,Plantae,Tracheophyta,Magnoliopsida,Lamiales,Lamiaceae,Cunila
8439,Galeopsis bifida,Plants,Plantae,Tracheophyta,Magnoliopsida,Lamiales,Lamiaceae,Galeopsis
8440,Galeopsis speciosa,Plants,Plantae,Tracheophyta,Magnoliopsida,Lamiales,Lamiaceae,Galeopsis
8441,Galeopsis tetrahit,Plants,Plantae,Tracheophyta,Magnoliopsida,Lamiales,Lamiaceae,Galeopsis
8442,Glechoma hederacea,Plants,Plantae,Tracheophyta,Magnoliopsida,Lamiales,Lamiaceae,Glechoma
8443,Hedeoma acinoides,Plants,Plantae,Tracheophyta,Magnoliopsida,Lamiales,Lamiaceae,Hedeoma
8444,Hyptis alata,Plants,Plantae,Tracheophyta,Magnoliopsida,Lamiales,Lamiaceae,Hyptis
8445,Lamium album,Plants,Plantae,Tracheophyta,Magnoliopsida,Lamiales,Lamiaceae,Lamium
8446,Lamium amplexicaule,Plants,Plantae,Tracheophyta,Magnoliopsida,Lamiales,Lamiaceae,Lamium
8447,Lamium galeobdolon,Plants,Plantae,Tracheophyta,Magnoliopsida,Lamiales,Lamiaceae,Lamium
8448,Lamium maculatum,Plants,Plantae,Tracheophyta,Magnoliopsida,Lamiales,Lamiaceae,Lamium
8449,Lamium purpureum,Plants,Plantae,Tracheophyta,Magnoliopsida,Lamiales,Lamiaceae,Lamium
8450,Lavandula stoechas,Plants,Plantae,Tracheophyta,Magnoliopsida,Lamiales,Lamiaceae,Lavandula
8451,Leonotis leonurus,Plants,Plantae,Tracheophyta,Magnoliopsida,Lamiales,Lamiaceae,Leonotis
8452,Leonotis nepetifolia,Plants,Plantae,Tracheophyta,Magnoliopsida,Lamiales,Lamiaceae,Leonotis
8453,Leonurus cardiaca,Plants,Plantae,Tracheophyta,Magnoliopsida,Lamiales,Lamiaceae,Leonurus
8454,Leonurus quinquelobatus,Plants,Plantae,Tracheophyta,Magnoliopsida,Lamiales,Lamiaceae,Leonurus
8455,Lepechinia calycina,Plants,Plantae,Tracheophyta,Magnoliopsida,Lamiales,Lamiaceae,Lepechinia
8456,Lycopus americanus,Plants,Plantae,Tracheophyta,Magnoliopsida,Lamiales,Lamiaceae,Lycopus
8457,Lycopus europaeus,Plants,Plantae,Tracheophyta,Magnoliopsida,Lamiales,Lamiaceae,Lycopus
8458,Lycopus uniflorus,Plants,Plantae,Tracheophyta,Magnoliopsida,Lamiales,Lamiaceae,Lycopus
8459,Marrubium vulgare,Plants,Plantae,Tracheophyta,Magnoliopsida,Lamiales,Lamiaceae,Marrubium
8460,Melissa officinalis,Plants,Plantae,Tracheophyta,Magnoliopsida,Lamiales,Lamiaceae,Melissa
8461,Melittis melissophyllum,Plants,Plantae,Tracheophyta,Magnoliopsida,Lamiales,Lamiaceae,Melittis
8462,Mentha aquatica,Plants,Plantae,Tracheophyta,Magnoliopsida,Lamiales,Lamiaceae,Mentha
8463,Mentha arvensis,Plants,Plantae,Tracheophyta,Magnoliopsida,Lamiales,Lamiaceae,Mentha
8464,Mentha canadensis,Plants,Plantae,Tracheophyta,Magnoliopsida,Lamiales,Lamiaceae,Mentha
8465,Mentha longifolia,Plants,Plantae,Tracheophyta,Magnoliopsida,Lamiales,Lamiaceae,Mentha
8466,Mentha pulegium,Plants,Plantae,Tracheophyta,Magnoliopsida,Lamiales,Lamiaceae,Mentha
8467,Mentha spicata,Plants,Plantae,Tracheophyta,Magnoliopsida,Lamiales,Lamiaceae,Mentha
8468,Monarda citriodora,Plants,Plantae,Tracheophyta,Magnoliopsida,Lamiales,Lamiaceae,Monarda
8469,Monarda didyma,Plants,Plantae,Tracheophyta,Magnoliopsida,Lamiales,Lamiaceae,Monarda
8470,Monarda fistulosa,Plants,Plantae,Tracheophyta,Magnoliopsida,Lamiales,Lamiaceae,Monarda
8471,Monarda punctata,Plants,Plantae,Tracheophyta,Magnoliopsida,Lamiales,Lamiaceae,Monarda
8472,Monardella odoratissima,Plants,Plantae,Tracheophyta,Magnoliopsida,Lamiales,Lamiaceae,Monardella
8473,Monardella villosa,Plants,Plantae,Tracheophyta,Magnoliopsida,Lamiales,Lamiaceae,Monardella
8474,Nepeta cataria,Plants,Plantae,Tracheophyta,Magnoliopsida,Lamiales,Lamiaceae,Nepeta
8475,Origanum vulgare,Plants,Plantae,Tracheophyta,Magnoliopsida,Lamiales,Lamiaceae,Origanum
8476,Perilla frutescens,Plants,Plantae,Tracheophyta,Magnoliopsida,Lamiales,Lamiaceae,Perilla
8477,Phlomoides tuberosa,Plants,Plantae,Tracheophyta,Magnoliopsida,Lamiales,Lamiaceae,Phlomoides
8478,Physostegia virginiana,Plants,Plantae,Tracheophyta,Magnoliopsida,Lamiales,Lamiaceae,Physostegia
8479,Prunella vulgaris,Plants,Plantae,Tracheophyta,Magnoliopsida,Lamiales,Lamiaceae,Prunella
8480,Pycnanthemum tenuifolium,Plants,Plantae,Tracheophyta,Magnoliopsida,Lamiales,Lamiaceae,Pycnanthemum
8481,Pycnanthemum virginianum,Plants,Plantae,Tracheophyta,Magnoliopsida,Lamiales,Lamiaceae,Pycnanthemum
8482,Salvia apiana,Plants,Plantae,Tracheophyta,Magnoliopsida,Lamiales,Lamiaceae,Salvia
8483,Salvia aurea,Plants,Plantae,Tracheophyta,Magnoliopsida,Lamiales,Lamiaceae,Salvia
8484,Salvia azurea,Plants,Plantae,Tracheophyta,Magnoliopsida,Lamiales,Lamiaceae,Salvia
8485,Salvia coccinea,Plants,Plantae,Tracheophyta,Magnoliopsida,Lamiales,Lamiaceae,Salvia
8486,Salvia columbariae,Plants,Plantae,Tracheophyta,Magnoliopsida,Lamiales,Lamiaceae,Salvia
8487,Salvia dorrii,Plants,Plantae,Tracheophyta,Magnoliopsida,Lamiales,Lamiaceae,Salvia
8488,Salvia farinacea,Plants,Plantae,Tracheophyta,Magnoliopsida,Lamiales,Lamiaceae,Salvia
8489,Salvia glutinosa,Plants,Plantae,Tracheophyta,Magnoliopsida,Lamiales,Lamiaceae,Salvia
8490,Salvia leucophylla,Plants,Plantae,Tracheophyta,Magnoliopsida,Lamiales,Lamiaceae,Salvia
8491,Salvia lyrata,Plants,Plantae,Tracheophyta,Magnoliopsida,Lamiales,Lamiaceae,Salvia
8492,Salvia mellifera,Plants,Plantae,Tracheophyta,Magnoliopsida,Lamiales,Lamiaceae,Salvia
8493,Salvia microphylla,Plants,Plantae,Tracheophyta,Magnoliopsida,Lamiales,Lamiaceae,Salvia
8494,Salvia pratensis,Plants,Plantae,Tracheophyta,Magnoliopsida,Lamiales,Lamiaceae,Salvia
8495,Salvia roemeriana,Plants,Plantae,Tracheophyta,Magnoliopsida,Lamiales,Lamiaceae,Salvia
8496,Salvia rosmarinus,Plants,Plantae,Tracheophyta,Magnoliopsida,Lamiales,Lamiaceae,Salvia
8497,Salvia spathacea,Plants,Plantae,Tracheophyta,Magnoliopsida,Lamiales,Lamiaceae,Salvia
8498,Salvia texana,Plants,Plantae,Tracheophyta,Magnoliopsida,Lamiales,Lamiaceae,Salvia
8499,Salvia verticillata,Plants,Plantae,Tracheophyta,Magnoliopsida,Lamiales,Lamiaceae,Salvia
8500,Scutellaria drummondii,Plants,Plantae,Tracheophyta,Magnoliopsida,Lamiales,Lamiaceae,Scutellaria
8501,Scutellaria galericulata,Plants,Plantae,Tracheophyta,Magnoliopsida,Lamiales,Lamiaceae,Scutellaria
8502,Scutellaria integrifolia,Plants,Plantae,Tracheophyta,Magnoliopsida,Lamiales,Lamiaceae,Scutellaria
8503,Scutellaria lateriflora,Plants,Plantae,Tracheophyta,Magnoliopsida,Lamiales,Lamiaceae,Scutellaria
8504,Scutellaria mexicana,Plants,Plantae,Tracheophyta,Magnoliopsida,Lamiales,Lamiaceae,Scutellaria
8505,Scutellaria parvula,Plants,Plantae,Tracheophyta,Magnoliopsida,Lamiales,Lamiaceae,Scutellaria
8506,Scutellaria tuberosa,Plants,Plantae,Tracheophyta,Magnoliopsida,Lamiales,Lamiaceae,Scutellaria
8507,Stachys bullata,Plants,Plantae,Tracheophyta,Magnoliopsida,Lamiales,Lamiaceae,Stachys
8508,Stachys byzantina,Plants,Plantae,Tracheophyta,Magnoliopsida,Lamiales,Lamiaceae,Stachys
8509,Stachys chamissonis,Plants,Plantae,Tracheophyta,Magnoliopsida,Lamiales,Lamiaceae,Stachys
8510,Stachys coccinea,Plants,Plantae,Tracheophyta,Magnoliopsida,Lamiales,Lamiaceae,Stachys
8511,Stachys floridana,Plants,Plantae,Tracheophyta,Magnoliopsida,Lamiales,Lamiaceae,Stachys
8512,Stachys palustris,Plants,Plantae,Tracheophyta,Magnoliopsida,Lamiales,Lamiaceae,Stachys
8513,Stachys recta,Plants,Plantae,Tracheophyta,Magnoliopsida,Lamiales,Lamiaceae,Stachys
8514,Stachys sylvatica,Plants,Plantae,Tracheophyta,Magnoliopsida,Lamiales,Lamiaceae,Stachys
8515,Teucrium canadense,Plants,Plantae,Tracheophyta,Magnoliopsida,Lamiales,Lamiaceae,Teucrium
8516,Teucrium chamaedrys,Plants,Plantae,Tracheophyta,Magnoliopsida,Lamiales,Lamiaceae,Teucrium
8517,Teucrium cubense,Plants,Plantae,Tracheophyta,Magnoliopsida,Lamiales,Lamiaceae,Teucrium
8518,Teucrium scorodonia,Plants,Plantae,Tracheophyta,Magnoliopsida,Lamiales,Lamiaceae,Teucrium
8519,Thymus praecox,Plants,Plantae,Tracheophyta,Magnoliopsida,Lamiales,Lamiaceae,Thymus
8520,Thymus pulegioides,Plants,Plantae,Tracheophyta,Magnoliopsida,Lamiales,Lamiaceae,Thymus
8521,Thymus serpyllum,Plants,Plantae,Tracheophyta,Magnoliopsida,Lamiales,Lamiaceae,Thymus
8522,Trichostema dichotomum,Plants,Plantae,Tracheophyta,Magnoliopsida,Lamiales,Lamiaceae,Trichostema
8523,Trichostema lanatum,Plants,Plantae,Tracheophyta,Magnoliopsida,Lamiales,Lamiaceae,Trichostema
8524,Trichostema lanceolatum,Plants,Plantae,Tracheophyta,Magnoliopsida,Lamiales,Lamiaceae,Trichostema
8525,Trichostema parishii,Plants,Plantae,Tracheophyta,Magnoliopsida,Lamiales,Lamiaceae,Trichostema
8526,Vitex agnus-castus,Plants,Plantae,Tracheophyta,Magnoliopsida,Lamiales,Lamiaceae,Vitex
8527,Vitex lucens,Plants,Plantae,Tracheophyta,Magnoliopsida,Lamiales,Lamiaceae,Vitex
8528,Vitex rotundifolia,Plants,Plantae,Tracheophyta,Magnoliopsida,Lamiales,Lamiaceae,Vitex
8529,Warnockia scutellarioides,Plants,Plantae,Tracheophyta,Magnoliopsida,Lamiales,Lamiaceae,Warnockia
8530,Pinguicula alpina,Plants,Plantae,Tracheophyta,Magnoliopsida,Lamiales,Lentibulariaceae,Pinguicula
8531,Pinguicula vulgaris,Plants,Plantae,Tracheophyta,Magnoliopsida,Lamiales,Lentibulariaceae,Pinguicula
8532,Utricularia cornuta,Plants,Plantae,Tracheophyta,Magnoliopsida,Lamiales,Lentibulariaceae,Utricularia
8533,Utricularia gibba,Plants,Plantae,Tracheophyta,Magnoliopsida,Lamiales,Lentibulariaceae,Utricularia
8534,Utricularia intermedia,Plants,Plantae,Tracheophyta,Magnoliopsida,Lamiales,Lentibulariaceae,Utricularia
8535,Utricularia macrorhiza,Plants,Plantae,Tracheophyta,Magnoliopsida,Lamiales,Lentibulariaceae,Utricularia
8536,Utricularia purpurea,Plants,Plantae,Tracheophyta,Magnoliopsida,Lamiales,Lentibulariaceae,Utricularia
8537,Utricularia subulata,Plants,Plantae,Tracheophyta,Magnoliopsida,Lamiales,Lentibulariaceae,Utricularia
8538,Lindernia dubia,Plants,Plantae,Tracheophyta,Magnoliopsida,Lamiales,Linderniaceae,Lindernia
8539,Torenia crustacea,Plants,Plantae,Tracheophyta,Magnoliopsida,Lamiales,Linderniaceae,Torenia
8540,Proboscidea althaeifolia,Plants,Plantae,Tracheophyta,Magnoliopsida,Lamiales,Martyniaceae,Proboscidea
8541,Proboscidea louisianica,Plants,Plantae,Tracheophyta,Magnoliopsida,Lamiales,Martyniaceae,Proboscidea
8542,Mazus pumilus,Plants,Plantae,Tracheophyta,Magnoliopsida,Lamiales,Mazaceae,Mazus
8543,Chionanthus virginicus,Plants,Plantae,Tracheophyta,Magnoliopsida,Lamiales,Oleaceae,Chionanthus
8544,Forestiera pubescens,Plants,Plantae,Tracheophyta,Magnoliopsida,Lamiales,Oleaceae,Forestiera
8545,Fraxinus albicans,Plants,Plantae,Tracheophyta,Magnoliopsida,Lamiales,Oleaceae,Fraxinus
8546,Fraxinus americana,Plants,Plantae,Tracheophyta,Magnoliopsida,Lamiales,Oleaceae,Fraxinus
8547,Fraxinus excelsior,Plants,Plantae,Tracheophyta,Magnoliopsida,Lamiales,Oleaceae,Fraxinus
8548,Fraxinus latifolia,Plants,Plantae,Tracheophyta,Magnoliopsida,Lamiales,Oleaceae,Fraxinus
8549,Fraxinus nigra,Plants,Plantae,Tracheophyta,Magnoliopsida,Lamiales,Oleaceae,Fraxinus
8550,Fraxinus pennsylvanica,Plants,Plantae,Tracheophyta,Magnoliopsida,Lamiales,Oleaceae,Fraxinus
8551,Fraxinus velutina,Plants,Plantae,Tracheophyta,Magnoliopsida,Lamiales,Oleaceae,Fraxinus
8552,Ligustrum lucidum,Plants,Plantae,Tracheophyta,Magnoliopsida,Lamiales,Oleaceae,Ligustrum
8553,Ligustrum quihoui,Plants,Plantae,Tracheophyta,Magnoliopsida,Lamiales,Oleaceae,Ligustrum
8554,Ligustrum sinense,Plants,Plantae,Tracheophyta,Magnoliopsida,Lamiales,Oleaceae,Ligustrum
8555,Ligustrum vulgare,Plants,Plantae,Tracheophyta,Magnoliopsida,Lamiales,Oleaceae,Ligustrum
8556,Olea europaea,Plants,Plantae,Tracheophyta,Magnoliopsida,Lamiales,Oleaceae,Olea
8557,Syringa vulgaris,Plants,Plantae,Tracheophyta,Magnoliopsida,Lamiales,Oleaceae,Syringa
8558,Agalinis heterophylla,Plants,Plantae,Tracheophyta,Magnoliopsida,Lamiales,Orobanchaceae,Agalinis
8559,Agalinis purpurea,Plants,Plantae,Tracheophyta,Magnoliopsida,Lamiales,Orobanchaceae,Agalinis
8560,Agalinis tenuifolia,Plants,Plantae,Tracheophyta,Magnoliopsida,Lamiales,Orobanchaceae,Agalinis
8561,Aphyllon fasciculatum,Plants,Plantae,Tracheophyta,Magnoliopsida,Lamiales,Orobanchaceae,Aphyllon
8562,Aphyllon purpureum,Plants,Plantae,Tracheophyta,Magnoliopsida,Lamiales,Orobanchaceae,Aphyllon
8563,Aphyllon uniflorum,Plants,Plantae,Tracheophyta,Magnoliopsida,Lamiales,Orobanchaceae,Aphyllon
8564,Bartsia alpina,Plants,Plantae,Tracheophyta,Magnoliopsida,Lamiales,Orobanchaceae,Bartsia
8565,Bellardia trixago,Plants,Plantae,Tracheophyta,Magnoliopsida,Lamiales,Orobanchaceae,Bellardia
8566,Bellardia viscosa,Plants,Plantae,Tracheophyta,Magnoliopsida,Lamiales,Orobanchaceae,Bellardia
8567,Castilleja affinis,Plants,Plantae,Tracheophyta,Magnoliopsida,Lamiales,Orobanchaceae,Castilleja
8568,Castilleja applegatei,Plants,Plantae,Tracheophyta,Magnoliopsida,Lamiales,Orobanchaceae,Castilleja
8569,Castilleja arvensis,Plants,Plantae,Tracheophyta,Magnoliopsida,Lamiales,Orobanchaceae,Castilleja
8570,Castilleja attenuata,Plants,Plantae,Tracheophyta,Magnoliopsida,Lamiales,Orobanchaceae,Castilleja
8571,Castilleja chromosa,Plants,Plantae,Tracheophyta,Magnoliopsida,Lamiales,Orobanchaceae,Castilleja
8572,Castilleja coccinea,Plants,Plantae,Tracheophyta,Magnoliopsida,Lamiales,Orobanchaceae,Castilleja
8573,Castilleja densiflora,Plants,Plantae,Tracheophyta,Magnoliopsida,Lamiales,Orobanchaceae,Castilleja
8574,Castilleja exserta,Plants,Plantae,Tracheophyta,Magnoliopsida,Lamiales,Orobanchaceae,Castilleja
8575,Castilleja foliolosa,Plants,Plantae,Tracheophyta,Magnoliopsida,Lamiales,Orobanchaceae,Castilleja
8576,Castilleja hispida,Plants,Plantae,Tracheophyta,Magnoliopsida,Lamiales,Orobanchaceae,Castilleja
8577,Castilleja indivisa,Plants,Plantae,Tracheophyta,Magnoliopsida,Lamiales,Orobanchaceae,Castilleja
8578,Castilleja integra,Plants,Plantae,Tracheophyta,Magnoliopsida,Lamiales,Orobanchaceae,Castilleja
8579,Castilleja latifolia,Plants,Plantae,Tracheophyta,Magnoliopsida,Lamiales,Orobanchaceae,Castilleja
8580,Castilleja linariifolia,Plants,Plantae,Tracheophyta,Magnoliopsida,Lamiales,Orobanchaceae,Castilleja
8581,Castilleja miniata,Plants,Plantae,Tracheophyta,Magnoliopsida,Lamiales,Orobanchaceae,Castilleja
8582,Castilleja parviflora,Plants,Plantae,Tracheophyta,Magnoliopsida,Lamiales,Orobanchaceae,Castilleja
8583,Castilleja purpurea,Plants,Plantae,Tracheophyta,Magnoliopsida,Lamiales,Orobanchaceae,Castilleja
8584,Castilleja rhexiifolia,Plants,Plantae,Tracheophyta,Magnoliopsida,Lamiales,Orobanchaceae,Castilleja
8585,Castilleja rubicundula,Plants,Plantae,Tracheophyta,Magnoliopsida,Lamiales,Orobanchaceae,Castilleja
8586,Castilleja sessiliflora,Plants,Plantae,Tracheophyta,Magnoliopsida,Lamiales,Orobanchaceae,Castilleja
8587,Castilleja tenuiflora,Plants,Plantae,Tracheophyta,Magnoliopsida,Lamiales,Orobanchaceae,Castilleja
8588,Castilleja wightii,Plants,Plantae,Tracheophyta,Magnoliopsida,Lamiales,Orobanchaceae,Castilleja
8589,Conopholis alpina,Plants,Plantae,Tracheophyta,Magnoliopsida,Lamiales,Orobanchaceae,Conopholis
8590,Conopholis americana,Plants,Plantae,Tracheophyta,Magnoliopsida,Lamiales,Orobanchaceae,Conopholis
8591,Cordylanthus rigidus,Plants,Plantae,Tracheophyta,Magnoliopsida,Lamiales,Orobanchaceae,Cordylanthus
8592,Epifagus virginiana,Plants,Plantae,Tracheophyta,Magnoliopsida,Lamiales,Orobanchaceae,Epifagus
8593,Euphrasia nemorosa,Plants,Plantae,Tracheophyta,Magnoliopsida,Lamiales,Orobanchaceae,Euphrasia
8594,Hyobanche sanguinea,Plants,Plantae,Tracheophyta,Magnoliopsida,Lamiales,Orobanchaceae,Hyobanche
8595,Lathraea squamaria,Plants,Plantae,Tracheophyta,Magnoliopsida,Lamiales,Orobanchaceae,Lathraea
8596,Melampyrum arvense,Plants,Plantae,Tracheophyta,Magnoliopsida,Lamiales,Orobanchaceae,Melampyrum
8597,Melampyrum lineare,Plants,Plantae,Tracheophyta,Magnoliopsida,Lamiales,Orobanchaceae,Melampyrum
8598,Melampyrum nemorosum,Plants,Plantae,Tracheophyta,Magnoliopsida,Lamiales,Orobanchaceae,Melampyrum
8599,Melampyrum pratense,Plants,Plantae,Tracheophyta,Magnoliopsida,Lamiales,Orobanchaceae,Melampyrum
8600,Odontites vulgaris,Plants,Plantae,Tracheophyta,Magnoliopsida,Lamiales,Orobanchaceae,Odontites
8601,Orobanche hederae,Plants,Plantae,Tracheophyta,Magnoliopsida,Lamiales,Orobanchaceae,Orobanche
8602,Orobanche minor,Plants,Plantae,Tracheophyta,Magnoliopsida,Lamiales,Orobanchaceae,Orobanche
8603,Pedicularis attollens,Plants,Plantae,Tracheophyta,Magnoliopsida,Lamiales,Orobanchaceae,Pedicularis
8604,Pedicularis bracteosa,Plants,Plantae,Tracheophyta,Magnoliopsida,Lamiales,Orobanchaceae,Pedicularis
8605,Pedicularis canadensis,Plants,Plantae,Tracheophyta,Magnoliopsida,Lamiales,Orobanchaceae,Pedicularis
8606,Pedicularis densiflora,Plants,Plantae,Tracheophyta,Magnoliopsida,Lamiales,Orobanchaceae,Pedicularis
8607,Pedicularis groenlandica,Plants,Plantae,Tracheophyta,Magnoliopsida,Lamiales,Orobanchaceae,Pedicularis
8608,Pedicularis labradorica,Plants,Plantae,Tracheophyta,Magnoliopsida,Lamiales,Orobanchaceae,Pedicularis
8609,Pedicularis lanceolata,Plants,Plantae,Tracheophyta,Magnoliopsida,Lamiales,Orobanchaceae,Pedicularis
8610,Pedicularis racemosa,Plants,Plantae,Tracheophyta,Magnoliopsida,Lamiales,Orobanchaceae,Pedicularis
8611,Pedicularis semibarbata,Plants,Plantae,Tracheophyta,Magnoliopsida,Lamiales,Orobanchaceae,Pedicularis
8612,Pedicularis sylvatica,Plants,Plantae,Tracheophyta,Magnoliopsida,Lamiales,Orobanchaceae,Pedicularis
8613,Pedicularis verticillata,Plants,Plantae,Tracheophyta,Magnoliopsida,Lamiales,Orobanchaceae,Pedicularis
8614,Rhinanthus alectorolophus,Plants,Plantae,Tracheophyta,Magnoliopsida,Lamiales,Orobanchaceae,Rhinanthus
8615,Rhinanthus minor,Plants,Plantae,Tracheophyta,Magnoliopsida,Lamiales,Orobanchaceae,Rhinanthus
8616,Rhinanthus serotinus,Plants,Plantae,Tracheophyta,Magnoliopsida,Lamiales,Orobanchaceae,Rhinanthus
8617,Triphysaria eriantha,Plants,Plantae,Tracheophyta,Magnoliopsida,Lamiales,Orobanchaceae,Triphysaria
8618,Triphysaria pusilla,Plants,Plantae,Tracheophyta,Magnoliopsida,Lamiales,Orobanchaceae,Triphysaria
8619,Paulownia tomentosa,Plants,Plantae,Tracheophyta,Magnoliopsida,Lamiales,Paulowniaceae,Paulownia
8620,Diplacus aurantiacus,Plants,Plantae,Tracheophyta,Magnoliopsida,Lamiales,Phrymaceae,Diplacus
8621,Diplacus bigelovii,Plants,Plantae,Tracheophyta,Magnoliopsida,Lamiales,Phrymaceae,Diplacus
8622,Diplacus brevipes,Plants,Plantae,Tracheophyta,Magnoliopsida,Lamiales,Phrymaceae,Diplacus
8623,Diplacus longiflorus,Plants,Plantae,Tracheophyta,Magnoliopsida,Lamiales,Phrymaceae,Diplacus
8624,Diplacus puniceus,Plants,Plantae,Tracheophyta,Magnoliopsida,Lamiales,Phrymaceae,Diplacus
8625,Erythranthe alsinoides,Plants,Plantae,Tracheophyta,Magnoliopsida,Lamiales,Phrymaceae,Erythranthe
8626,Erythranthe cardinalis,Plants,Plantae,Tracheophyta,Magnoliopsida,Lamiales,Phrymaceae,Erythranthe
8627,Erythranthe guttata,Plants,Plantae,Tracheophyta,Magnoliopsida,Lamiales,Phrymaceae,Erythranthe
8628,Erythranthe lewisii,Plants,Plantae,Tracheophyta,Magnoliopsida,Lamiales,Phrymaceae,Erythranthe
8629,Erythranthe moschata,Plants,Plantae,Tracheophyta,Magnoliopsida,Lamiales,Phrymaceae,Erythranthe
8630,Erythranthe primuloides,Plants,Plantae,Tracheophyta,Magnoliopsida,Lamiales,Phrymaceae,Erythranthe
8631,Mimulus alatus,Plants,Plantae,Tracheophyta,Magnoliopsida,Lamiales,Phrymaceae,Mimulus
8632,Mimulus ringens,Plants,Plantae,Tracheophyta,Magnoliopsida,Lamiales,Phrymaceae,Mimulus
8633,Phryma leptostachya,Plants,Plantae,Tracheophyta,Magnoliopsida,Lamiales,Phrymaceae,Phryma
8634,Antirrhinum majus,Plants,Plantae,Tracheophyta,Magnoliopsida,Lamiales,Plantaginaceae,Antirrhinum
8635,Bacopa monnieri,Plants,Plantae,Tracheophyta,Magnoliopsida,Lamiales,Plantaginaceae,Bacopa
8636,Chaenorhinum minus,Plants,Plantae,Tracheophyta,Magnoliopsida,Lamiales,Plantaginaceae,Chaenorhinum
8637,Chelone glabra,Plants,Plantae,Tracheophyta,Magnoliopsida,Lamiales,Plantaginaceae,Chelone
8638,Collinsia heterophylla,Plants,Plantae,Tracheophyta,Magnoliopsida,Lamiales,Plantaginaceae,Collinsia
8639,Collinsia parviflora,Plants,Plantae,Tracheophyta,Magnoliopsida,Lamiales,Plantaginaceae,Collinsia
8640,Collinsia verna,Plants,Plantae,Tracheophyta,Magnoliopsida,Lamiales,Plantaginaceae,Collinsia
8641,Cymbalaria muralis,Plants,Plantae,Tracheophyta,Magnoliopsida,Lamiales,Plantaginaceae,Cymbalaria
8642,Digitalis grandiflora,Plants,Plantae,Tracheophyta,Magnoliopsida,Lamiales,Plantaginaceae,Digitalis
8643,Digitalis purpurea,Plants,Plantae,Tracheophyta,Magnoliopsida,Lamiales,Plantaginaceae,Digitalis
8644,Hippuris vulgaris,Plants,Plantae,Tracheophyta,Magnoliopsida,Lamiales,Plantaginaceae,Hippuris
8645,Keckiella antirrhinoides,Plants,Plantae,Tracheophyta,Magnoliopsida,Lamiales,Plantaginaceae,Keckiella
8646,Keckiella cordifolia,Plants,Plantae,Tracheophyta,Magnoliopsida,Lamiales,Plantaginaceae,Keckiella
8647,Keckiella ternata,Plants,Plantae,Tracheophyta,Magnoliopsida,Lamiales,Plantaginaceae,Keckiella
8648,Leucospora multifida,Plants,Plantae,Tracheophyta,Magnoliopsida,Lamiales,Plantaginaceae,Leucospora
8649,Linaria alpina,Plants,Plantae,Tracheophyta,Magnoliopsida,Lamiales,Plantaginaceae,Linaria
8650,Linaria dalmatica,Plants,Plantae,Tracheophyta,Magnoliopsida,Lamiales,Plantaginaceae,Linaria
8651,Linaria purpurea,Plants,Plantae,Tracheophyta,Magnoliopsida,Lamiales,Plantaginaceae,Linaria
8652,Linaria vulgaris,Plants,Plantae,Tracheophyta,Magnoliopsida,Lamiales,Plantaginaceae,Linaria
8653,Maurandya antirrhiniflora,Plants,Plantae,Tracheophyta,Magnoliopsida,Lamiales,Plantaginaceae,Maurandya
8654,Mecardonia procumbens,Plants,Plantae,Tracheophyta,Magnoliopsida,Lamiales,Plantaginaceae,Mecardonia
8655,Mohavea confertiflora,Plants,Plantae,Tracheophyta,Magnoliopsida,Lamiales,Plantaginaceae,Mohavea
8656,Nuttallanthus canadensis,Plants,Plantae,Tracheophyta,Magnoliopsida,Lamiales,Plantaginaceae,Nuttallanthus
8657,Nuttallanthus texanus,Plants,Plantae,Tracheophyta,Magnoliopsida,Lamiales,Plantaginaceae,Nuttallanthus
8658,Penstemon barbatus,Plants,Plantae,Tracheophyta,Magnoliopsida,Lamiales,Plantaginaceae,Penstemon
8659,Penstemon centranthifolius,Plants,Plantae,Tracheophyta,Magnoliopsida,Lamiales,Plantaginaceae,Penstemon
8660,Penstemon cobaea,Plants,Plantae,Tracheophyta,Magnoliopsida,Lamiales,Plantaginaceae,Penstemon
8661,Penstemon davidsonii,Plants,Plantae,Tracheophyta,Magnoliopsida,Lamiales,Plantaginaceae,Penstemon
8662,Penstemon digitalis,Plants,Plantae,Tracheophyta,Magnoliopsida,Lamiales,Plantaginaceae,Penstemon
8663,Penstemon eatonii,Plants,Plantae,Tracheophyta,Magnoliopsida,Lamiales,Plantaginaceae,Penstemon
8664,Penstemon grandiflorus,Plants,Plantae,Tracheophyta,Magnoliopsida,Lamiales,Plantaginaceae,Penstemon
8665,Penstemon heterophyllus,Plants,Plantae,Tracheophyta,Magnoliopsida,Lamiales,Plantaginaceae,Penstemon
8666,Penstemon hirsutus,Plants,Plantae,Tracheophyta,Magnoliopsida,Lamiales,Plantaginaceae,Penstemon
8667,Penstemon newberryi,Plants,Plantae,Tracheophyta,Magnoliopsida,Lamiales,Plantaginaceae,Penstemon
8668,Penstemon palmeri,Plants,Plantae,Tracheophyta,Magnoliopsida,Lamiales,Plantaginaceae,Penstemon
8669,Penstemon procerus,Plants,Plantae,Tracheophyta,Magnoliopsida,Lamiales,Plantaginaceae,Penstemon
8670,Penstemon rostriflorus,Plants,Plantae,Tracheophyta,Magnoliopsida,Lamiales,Plantaginaceae,Penstemon
8671,Penstemon spectabilis,Plants,Plantae,Tracheophyta,Magnoliopsida,Lamiales,Plantaginaceae,Penstemon
8672,Penstemon whippleanus,Plants,Plantae,Tracheophyta,Magnoliopsida,Lamiales,Plantaginaceae,Penstemon
8673,Plantago aristata,Plants,Plantae,Tracheophyta,Magnoliopsida,Lamiales,Plantaginaceae,Plantago
8674,Plantago coronopus,Plants,Plantae,Tracheophyta,Magnoliopsida,Lamiales,Plantaginaceae,Plantago
8675,Plantago erecta,Plants,Plantae,Tracheophyta,Magnoliopsida,Lamiales,Plantaginaceae,Plantago
8676,Plantago lanceolata,Plants,Plantae,Tracheophyta,Magnoliopsida,Lamiales,Plantaginaceae,Plantago
8677,Plantago major,Plants,Plantae,Tracheophyta,Magnoliopsida,Lamiales,Plantaginaceae,Plantago
8678,Plantago maritima,Plants,Plantae,Tracheophyta,Magnoliopsida,Lamiales,Plantaginaceae,Plantago
8679,Plantago media,Plants,Plantae,Tracheophyta,Magnoliopsida,Lamiales,Plantaginaceae,Plantago
8680,Plantago ovata,Plants,Plantae,Tracheophyta,Magnoliopsida,Lamiales,Plantaginaceae,Plantago
8681,Plantago patagonica,Plants,Plantae,Tracheophyta,Magnoliopsida,Lamiales,Plantaginaceae,Plantago
8682,Plantago rugelii,Plants,Plantae,Tracheophyta,Magnoliopsida,Lamiales,Plantaginaceae,Plantago
8683,Plantago virginica,Plants,Plantae,Tracheophyta,Magnoliopsida,Lamiales,Plantaginaceae,Plantago
8684,Sairocarpus coulterianus,Plants,Plantae,Tracheophyta,Magnoliopsida,Lamiales,Plantaginaceae,Sairocarpus
8685,Sairocarpus nuttallianus,Plants,Plantae,Tracheophyta,Magnoliopsida,Lamiales,Plantaginaceae,Sairocarpus
8686,Scoparia dulcis,Plants,Plantae,Tracheophyta,Magnoliopsida,Lamiales,Plantaginaceae,Scoparia
8687,Veronica americana,Plants,Plantae,Tracheophyta,Magnoliopsida,Lamiales,Plantaginaceae,Veronica
8688,Veronica anagallis-aquatica,Plants,Plantae,Tracheophyta,Magnoliopsida,Lamiales,Plantaginaceae,Veronica
8689,Veronica arvensis,Plants,Plantae,Tracheophyta,Magnoliopsida,Lamiales,Plantaginaceae,Veronica
8690,Veronica beccabunga,Plants,Plantae,Tracheophyta,Magnoliopsida,Lamiales,Plantaginaceae,Veronica
8691,Veronica chamaedrys,Plants,Plantae,Tracheophyta,Magnoliopsida,Lamiales,Plantaginaceae,Veronica
8692,Veronica elliptica,Plants,Plantae,Tracheophyta,Magnoliopsida,Lamiales,Plantaginaceae,Veronica
8693,Veronica filiformis,Plants,Plantae,Tracheophyta,Magnoliopsida,Lamiales,Plantaginaceae,Veronica
8694,Veronica hederifolia,Plants,Plantae,Tracheophyta,Magnoliopsida,Lamiales,Plantaginaceae,Veronica
8695,Veronica longifolia,Plants,Plantae,Tracheophyta,Magnoliopsida,Lamiales,Plantaginaceae,Veronica
8696,Veronica officinalis,Plants,Plantae,Tracheophyta,Magnoliopsida,Lamiales,Plantaginaceae,Veronica
8697,Veronica peregrina,Plants,Plantae,Tracheophyta,Magnoliopsida,Lamiales,Plantaginaceae,Veronica
8698,Veronica persica,Plants,Plantae,Tracheophyta,Magnoliopsida,Lamiales,Plantaginaceae,Veronica
8699,Veronica polita,Plants,Plantae,Tracheophyta,Magnoliopsida,Lamiales,Plantaginaceae,Veronica
8700,Veronica salicifolia,Plants,Plantae,Tracheophyta,Magnoliopsida,Lamiales,Plantaginaceae,Veronica
8701,Veronica scutellata,Plants,Plantae,Tracheophyta,Magnoliopsida,Lamiales,Plantaginaceae,Veronica
8702,Veronica serpyllifolia,Plants,Plantae,Tracheophyta,Magnoliopsida,Lamiales,Plantaginaceae,Veronica
8703,Veronica spicata,Plants,Plantae,Tracheophyta,Magnoliopsida,Lamiales,Plantaginaceae,Veronica
8704,Veronica stricta,Plants,Plantae,Tracheophyta,Magnoliopsida,Lamiales,Plantaginaceae,Veronica
8705,Veronica teucrium,Plants,Plantae,Tracheophyta,Magnoliopsida,Lamiales,Plantaginaceae,Veronica
8706,Veronica wormskjoldii,Plants,Plantae,Tracheophyta,Magnoliopsida,Lamiales,Plantaginaceae,Veronica
8707,Veronicastrum virginicum,Plants,Plantae,Tracheophyta,Magnoliopsida,Lamiales,Plantaginaceae,Veronicastrum
8708,Buddleja cordata,Plants,Plantae,Tracheophyta,Magnoliopsida,Lamiales,Scrophulariaceae,Buddleja
8709,Buddleja davidii,Plants,Plantae,Tracheophyta,Magnoliopsida,Lamiales,Scrophulariaceae,Buddleja
8710,Leucophyllum frutescens,Plants,Plantae,Tracheophyta,Magnoliopsida,Lamiales,Scrophulariaceae,Leucophyllum
8711,Myoporum laetum,Plants,Plantae,Tracheophyta,Magnoliopsida,Lamiales,Scrophulariaceae,Myoporum
8712,Oftia africana,Plants,Plantae,Tracheophyta,Magnoliopsida,Lamiales,Scrophulariaceae,Oftia
8713,Scrophularia californica,Plants,Plantae,Tracheophyta,Magnoliopsida,Lamiales,Scrophulariaceae,Scrophularia
8714,Scrophularia nodosa,Plants,Plantae,Tracheophyta,Magnoliopsida,Lamiales,Scrophulariaceae,Scrophularia
8715,Verbascum blattaria,Plants,Plantae,Tracheophyta,Magnoliopsida,Lamiales,Scrophulariaceae,Verbascum
8716,Verbascum lychnitis,Plants,Plantae,Tracheophyta,Magnoliopsida,Lamiales,Scrophulariaceae,Verbascum
8717,Verbascum nigrum,Plants,Plantae,Tracheophyta,Magnoliopsida,Lamiales,Scrophulariaceae,Verbascum
8718,Verbascum thapsus,Plants,Plantae,Tracheophyta,Magnoliopsida,Lamiales,Scrophulariaceae,Verbascum
8719,Verbascum virgatum,Plants,Plantae,Tracheophyta,Magnoliopsida,Lamiales,Scrophulariaceae,Verbascum
8720,Halleria lucida,Plants,Plantae,Tracheophyta,Magnoliopsida,Lamiales,Stilbaceae,Halleria
8721,Polypremum procumbens,Plants,Plantae,Tracheophyta,Magnoliopsida,Lamiales,Tetrachondraceae,Polypremum
8722,Aloysia gratissima,Plants,Plantae,Tracheophyta,Magnoliopsida,Lamiales,Verbenaceae,Aloysia
8723,Duranta erecta,Plants,Plantae,Tracheophyta,Magnoliopsida,Lamiales,Verbenaceae,Duranta
8724,Glandularia bipinnatifida,Plants,Plantae,Tracheophyta,Magnoliopsida,Lamiales,Verbenaceae,Glandularia
8725,Glandularia canadensis,Plants,Plantae,Tracheophyta,Magnoliopsida,Lamiales,Verbenaceae,Glandularia
8726,Glandularia pumila,Plants,Plantae,Tracheophyta,Magnoliopsida,Lamiales,Verbenaceae,Glandularia
8727,Lantana camara,Plants,Plantae,Tracheophyta,Magnoliopsida,Lamiales,Verbenaceae,Lantana
8728,Lantana involucrata,Plants,Plantae,Tracheophyta,Magnoliopsida,Lamiales,Verbenaceae,Lantana
8729,Lantana montevidensis,Plants,Plantae,Tracheophyta,Magnoliopsida,Lamiales,Verbenaceae,Lantana
8730,Phyla lanceolata,Plants,Plantae,Tracheophyta,Magnoliopsida,Lamiales,Verbenaceae,Phyla
8731,Phyla nodiflora,Plants,Plantae,Tracheophyta,Magnoliopsida,Lamiales,Verbenaceae,Phyla
8732,Stachytarpheta jamaicensis,Plants,Plantae,Tracheophyta,Magnoliopsida,Lamiales,Verbenaceae,Stachytarpheta
8733,Verbena bonariensis,Plants,Plantae,Tracheophyta,Magnoliopsida,Lamiales,Verbenaceae,Verbena
8734,Verbena bracteata,Plants,Plantae,Tracheophyta,Magnoliopsida,Lamiales,Verbenaceae,Verbena
8735,Verbena brasiliensis,Plants,Plantae,Tracheophyta,Magnoliopsida,Lamiales,Verbenaceae,Verbena
8736,Verbena halei,Plants,Plantae,Tracheophyta,Magnoliopsida,Lamiales,Verbenaceae,Verbena
8737,Verbena hastata,Plants,Plantae,Tracheophyta,Magnoliopsida,Lamiales,Verbenaceae,Verbena
8738,Verbena lasiostachys,Plants,Plantae,Tracheophyta,Magnoliopsida,Lamiales,Verbenaceae,Verbena
8739,Verbena macdougalii,Plants,Plantae,Tracheophyta,Magnoliopsida,Lamiales,Verbenaceae,Verbena
8740,Verbena officinalis,Plants,Plantae,Tracheophyta,Magnoliopsida,Lamiales,Verbenaceae,Verbena
8741,Verbena rigida,Plants,Plantae,Tracheophyta,Magnoliopsida,Lamiales,Verbenaceae,Verbena
8742,Verbena stricta,Plants,Plantae,Tracheophyta,Magnoliopsida,Lamiales,Verbenaceae,Verbena
8743,Verbena urticifolia,Plants,Plantae,Tracheophyta,Magnoliopsida,Lamiales,Verbenaceae,Verbena
8744,Laurelia novae-zelandiae,Plants,Plantae,Tracheophyta,Magnoliopsida,Laurales,Atherospermataceae,Laurelia
8745,Calycanthus floridus,Plants,Plantae,Tracheophyta,Magnoliopsida,Laurales,Calycanthaceae,Calycanthus
8746,Calycanthus occidentalis,Plants,Plantae,Tracheophyta,Magnoliopsida,Laurales,Calycanthaceae,Calycanthus
8747,Beilschmiedia tawa,Plants,Plantae,Tracheophyta,Magnoliopsida,Laurales,Lauraceae,Beilschmiedia
8748,Cassytha filiformis,Plants,Plantae,Tracheophyta,Magnoliopsida,Laurales,Lauraceae,Cassytha
8749,Cinnamomum camphora,Plants,Plantae,Tracheophyta,Magnoliopsida,Laurales,Lauraceae,Cinnamomum
8750,Laurus nobilis,Plants,Plantae,Tracheophyta,Magnoliopsida,Laurales,Lauraceae,Laurus
8751,Lindera benzoin,Plants,Plantae,Tracheophyta,Magnoliopsida,Laurales,Lauraceae,Lindera
8752,Persea americana,Plants,Plantae,Tracheophyta,Magnoliopsida,Laurales,Lauraceae,Persea
8753,Sassafras albidum,Plants,Plantae,Tracheophyta,Magnoliopsida,Laurales,Lauraceae,Sassafras
8754,Umbellularia californica,Plants,Plantae,Tracheophyta,Magnoliopsida,Laurales,Lauraceae,Umbellularia
8755,Hedycarya arborea,Plants,Plantae,Tracheophyta,Magnoliopsida,Laurales,Monimiaceae,Hedycarya
8756,Annona glabra,Plants,Plantae,Tracheophyta,Magnoliopsida,Magnoliales,Annonaceae,Annona
8757,Asimina triloba,Plants,Plantae,Tracheophyta,Magnoliopsida,Magnoliales,Annonaceae,Asimina
8758,Liriodendron tulipifera,Plants,Plantae,Tracheophyta,Magnoliopsida,Magnoliales,Magnoliaceae,Liriodendron
8759,Magnolia acuminata,Plants,Plantae,Tracheophyta,Magnoliopsida,Magnoliales,Magnoliaceae,Magnolia
8760,Magnolia fraseri,Plants,Plantae,Tracheophyta,Magnoliopsida,Magnoliales,Magnoliaceae,Magnolia
8761,Magnolia grandiflora,Plants,Plantae,Tracheophyta,Magnoliopsida,Magnoliales,Magnoliaceae,Magnolia
8762,Magnolia macrophylla,Plants,Plantae,Tracheophyta,Magnoliopsida,Magnoliales,Magnoliaceae,Magnolia
8763,Magnolia tripetala,Plants,Plantae,Tracheophyta,Magnoliopsida,Magnoliales,Magnoliaceae,Magnolia
8764,Magnolia virginiana,Plants,Plantae,Tracheophyta,Magnoliopsida,Magnoliales,Magnoliaceae,Magnolia
8765,Chrysobalanus icaco,Plants,Plantae,Tracheophyta,Magnoliopsida,Malpighiales,Chrysobalanaceae,Chrysobalanus
8766,Acalypha ostryifolia,Plants,Plantae,Tracheophyta,Magnoliopsida,Malpighiales,Euphorbiaceae,Acalypha
8767,Acalypha rhomboidea,Plants,Plantae,Tracheophyta,Magnoliopsida,Malpighiales,Euphorbiaceae,Acalypha
8768,Cnidoscolus stimulosus,Plants,Plantae,Tracheophyta,Magnoliopsida,Malpighiales,Euphorbiaceae,Cnidoscolus
8769,Cnidoscolus texanus,Plants,Plantae,Tracheophyta,Magnoliopsida,Malpighiales,Euphorbiaceae,Cnidoscolus
8770,Codiaeum variegatum,Plants,Plantae,Tracheophyta,Magnoliopsida,Malpighiales,Euphorbiaceae,Codiaeum
8771,Croton californicus,Plants,Plantae,Tracheophyta,Magnoliopsida,Malpighiales,Euphorbiaceae,Croton
8772,Croton fruticulosus,Plants,Plantae,Tracheophyta,Magnoliopsida,Malpighiales,Euphorbiaceae,Croton
8773,Croton glandulosus,Plants,Plantae,Tracheophyta,Magnoliopsida,Malpighiales,Euphorbiaceae,Croton
8774,Croton lindheimeri,Plants,Plantae,Tracheophyta,Magnoliopsida,Malpighiales,Euphorbiaceae,Croton
8775,Croton monanthogynus,Plants,Plantae,Tracheophyta,Magnoliopsida,Malpighiales,Euphorbiaceae,Croton
8776,Croton punctatus,Plants,Plantae,Tracheophyta,Magnoliopsida,Malpighiales,Euphorbiaceae,Croton
8777,Croton setiger,Plants,Plantae,Tracheophyta,Magnoliopsida,Malpighiales,Euphorbiaceae,Croton
8778,Ditaxis lanceolata,Plants,Plantae,Tracheophyta,Magnoliopsida,Malpighiales,Euphorbiaceae,Ditaxis
8779,Euphorbia albomarginata,Plants,Plantae,Tracheophyta,Magnoliopsida,Malpighiales,Euphorbiaceae,Euphorbia
8780,Euphorbia amygdaloides,Plants,Plantae,Tracheophyta,Magnoliopsida,Malpighiales,Euphorbiaceae,Euphorbia
8781,Euphorbia antisyphilitica,Plants,Plantae,Tracheophyta,Magnoliopsida,Malpighiales,Euphorbiaceae,Euphorbia
8782,Euphorbia bicolor,Plants,Plantae,Tracheophyta,Magnoliopsida,Malpighiales,Euphorbiaceae,Euphorbia
8783,Euphorbia caput-medusae,Plants,Plantae,Tracheophyta,Magnoliopsida,Malpighiales,Euphorbiaceae,Euphorbia
8784,Euphorbia characias,Plants,Plantae,Tracheophyta,Magnoliopsida,Malpighiales,Euphorbiaceae,Euphorbia
8785,Euphorbia corollata,Plants,Plantae,Tracheophyta,Magnoliopsida,Malpighiales,Euphorbiaceae,Euphorbia
8786,Euphorbia cyathophora,Plants,Plantae,Tracheophyta,Magnoliopsida,Malpighiales,Euphorbiaceae,Euphorbia
8787,Euphorbia cyparissias,Plants,Plantae,Tracheophyta,Magnoliopsida,Malpighiales,Euphorbiaceae,Euphorbia
8788,Euphorbia dentata,Plants,Plantae,Tracheophyta,Magnoliopsida,Malpighiales,Euphorbiaceae,Euphorbia
8789,Euphorbia fendleri,Plants,Plantae,Tracheophyta,Magnoliopsida,Malpighiales,Euphorbiaceae,Euphorbia
8790,Euphorbia helioscopia,Plants,Plantae,Tracheophyta,Magnoliopsida,Malpighiales,Euphorbiaceae,Euphorbia
8791,Euphorbia heterophylla,Plants,Plantae,Tracheophyta,Magnoliopsida,Malpighiales,Euphorbiaceae,Euphorbia
8792,Euphorbia hirta,Plants,Plantae,Tracheophyta,Magnoliopsida,Malpighiales,Euphorbiaceae,Euphorbia
8793,Euphorbia hypericifolia,Plants,Plantae,Tracheophyta,Magnoliopsida,Malpighiales,Euphorbiaceae,Euphorbia
8794,Euphorbia hyssopifolia,Plants,Plantae,Tracheophyta,Magnoliopsida,Malpighiales,Euphorbiaceae,Euphorbia
8795,Euphorbia lathyris,Plants,Plantae,Tracheophyta,Magnoliopsida,Malpighiales,Euphorbiaceae,Euphorbia
8796,Euphorbia maculata,Plants,Plantae,Tracheophyta,Magnoliopsida,Malpighiales,Euphorbiaceae,Euphorbia
8797,Euphorbia marginata,Plants,Plantae,Tracheophyta,Magnoliopsida,Malpighiales,Euphorbiaceae,Euphorbia
8798,Euphorbia mauritanica,Plants,Plantae,Tracheophyta,Magnoliopsida,Malpighiales,Euphorbiaceae,Euphorbia
8799,Euphorbia melanadenia,Plants,Plantae,Tracheophyta,Magnoliopsida,Malpighiales,Euphorbiaceae,Euphorbia
8800,Euphorbia misera,Plants,Plantae,Tracheophyta,Magnoliopsida,Malpighiales,Euphorbiaceae,Euphorbia
8801,Euphorbia myrsinites,Plants,Plantae,Tracheophyta,Magnoliopsida,Malpighiales,Euphorbiaceae,Euphorbia
8802,Euphorbia nutans,Plants,Plantae,Tracheophyta,Magnoliopsida,Malpighiales,Euphorbiaceae,Euphorbia
8803,Euphorbia oblongata,Plants,Plantae,Tracheophyta,Magnoliopsida,Malpighiales,Euphorbiaceae,Euphorbia
8804,Euphorbia ophthalmica,Plants,Plantae,Tracheophyta,Magnoliopsida,Malpighiales,Euphorbiaceae,Euphorbia
8805,Euphorbia paralias,Plants,Plantae,Tracheophyta,Magnoliopsida,Malpighiales,Euphorbiaceae,Euphorbia
8806,Euphorbia peplus,Plants,Plantae,Tracheophyta,Magnoliopsida,Malpighiales,Euphorbiaceae,Euphorbia
8807,Euphorbia polycarpa,Plants,Plantae,Tracheophyta,Magnoliopsida,Malpighiales,Euphorbiaceae,Euphorbia
8808,Euphorbia prostrata,Plants,Plantae,Tracheophyta,Magnoliopsida,Malpighiales,Euphorbiaceae,Euphorbia
8809,Euphorbia serpens,Plants,Plantae,Tracheophyta,Magnoliopsida,Malpighiales,Euphorbiaceae,Euphorbia
8810,Euphorbia serpillifolia,Plants,Plantae,Tracheophyta,Magnoliopsida,Malpighiales,Euphorbiaceae,Euphorbia
8811,Euphorbia spathulata,Plants,Plantae,Tracheophyta,Magnoliopsida,Malpighiales,Euphorbiaceae,Euphorbia
8812,Euphorbia terracina,Plants,Plantae,Tracheophyta,Magnoliopsida,Malpighiales,Euphorbiaceae,Euphorbia
8813,Euphorbia virgata,Plants,Plantae,Tracheophyta,Magnoliopsida,Malpighiales,Euphorbiaceae,Euphorbia
8814,Jatropha dioica,Plants,Plantae,Tracheophyta,Magnoliopsida,Malpighiales,Euphorbiaceae,Jatropha
8815,Jatropha gossypiifolia,Plants,Plantae,Tracheophyta,Magnoliopsida,Malpighiales,Euphorbiaceae,Jatropha
8816,Macaranga tanarius,Plants,Plantae,Tracheophyta,Magnoliopsida,Malpighiales,Euphorbiaceae,Macaranga
8817,Mallotus paniculatus,Plants,Plantae,Tracheophyta,Magnoliopsida,Malpighiales,Euphorbiaceae,Mallotus
8818,Manihot esculenta,Plants,Plantae,Tracheophyta,Magnoliopsida,Malpighiales,Euphorbiaceae,Manihot
8819,Mercurialis annua,Plants,Plantae,Tracheophyta,Magnoliopsida,Malpighiales,Euphorbiaceae,Mercurialis
8820,Mercurialis perennis,Plants,Plantae,Tracheophyta,Magnoliopsida,Malpighiales,Euphorbiaceae,Mercurialis
8821,Ricinus communis,Plants,Plantae,Tracheophyta,Magnoliopsida,Malpighiales,Euphorbiaceae,Ricinus
8822,Stillingia sylvatica,Plants,Plantae,Tracheophyta,Magnoliopsida,Malpighiales,Euphorbiaceae,Stillingia
8823,Stillingia texana,Plants,Plantae,Tracheophyta,Magnoliopsida,Malpighiales,Euphorbiaceae,Stillingia
8824,Triadica sebifera,Plants,Plantae,Tracheophyta,Magnoliopsida,Malpighiales,Euphorbiaceae,Triadica
8825,Hypericum androsaemum,Plants,Plantae,Tracheophyta,Magnoliopsida,Malpighiales,Hypericaceae,Hypericum
8826,Hypericum ascyron,Plants,Plantae,Tracheophyta,Magnoliopsida,Malpighiales,Hypericaceae,Hypericum
8827,Hypericum calycinum,Plants,Plantae,Tracheophyta,Magnoliopsida,Malpighiales,Hypericaceae,Hypericum
8828,Hypericum fraseri,Plants,Plantae,Tracheophyta,Magnoliopsida,Malpighiales,Hypericaceae,Hypericum
8829,Hypericum gentianoides,Plants,Plantae,Tracheophyta,Magnoliopsida,Malpighiales,Hypericaceae,Hypericum
8830,Hypericum hypericoides,Plants,Plantae,Tracheophyta,Magnoliopsida,Malpighiales,Hypericaceae,Hypericum
8831,Hypericum kalmianum,Plants,Plantae,Tracheophyta,Magnoliopsida,Malpighiales,Hypericaceae,Hypericum
8832,Hypericum maculatum,Plants,Plantae,Tracheophyta,Magnoliopsida,Malpighiales,Hypericaceae,Hypericum
8833,Hypericum mutilum,Plants,Plantae,Tracheophyta,Magnoliopsida,Malpighiales,Hypericaceae,Hypericum
8834,Hypericum perforatum,Plants,Plantae,Tracheophyta,Magnoliopsida,Malpighiales,Hypericaceae,Hypericum
8835,Hypericum punctatum,Plants,Plantae,Tracheophyta,Magnoliopsida,Malpighiales,Hypericaceae,Hypericum
8836,Hypericum tetrapetalum,Plants,Plantae,Tracheophyta,Magnoliopsida,Malpighiales,Hypericaceae,Hypericum
8837,Linum bienne,Plants,Plantae,Tracheophyta,Magnoliopsida,Malpighiales,Linaceae,Linum
8838,Linum lewisii,Plants,Plantae,Tracheophyta,Magnoliopsida,Malpighiales,Linaceae,Linum
8839,Linum pratense,Plants,Plantae,Tracheophyta,Magnoliopsida,Malpighiales,Linaceae,Linum
8840,Linum rigidum,Plants,Plantae,Tracheophyta,Magnoliopsida,Malpighiales,Linaceae,Linum
8841,Byrsonima crassifolia,Plants,Plantae,Tracheophyta,Magnoliopsida,Malpighiales,Malpighiaceae,Byrsonima
8842,Passiflora caerulea,Plants,Plantae,Tracheophyta,Magnoliopsida,Malpighiales,Passifloraceae,Passiflora
8843,Passiflora edulis,Plants,Plantae,Tracheophyta,Magnoliopsida,Malpighiales,Passifloraceae,Passiflora
8844,Passiflora foetida,Plants,Plantae,Tracheophyta,Magnoliopsida,Malpighiales,Passifloraceae,Passiflora
8845,Passiflora incarnata,Plants,Plantae,Tracheophyta,Magnoliopsida,Malpighiales,Passifloraceae,Passiflora
8846,Passiflora lutea,Plants,Plantae,Tracheophyta,Magnoliopsida,Malpighiales,Passifloraceae,Passiflora
8847,Passiflora suberosa,Plants,Plantae,Tracheophyta,Magnoliopsida,Malpighiales,Passifloraceae,Passiflora
8848,Passiflora tetrandra,Plants,Plantae,Tracheophyta,Magnoliopsida,Malpighiales,Passifloraceae,Passiflora
8849,Passiflora tripartita,Plants,Plantae,Tracheophyta,Magnoliopsida,Malpighiales,Passifloraceae,Passiflora
8850,Passiflora vitifolia,Plants,Plantae,Tracheophyta,Magnoliopsida,Malpighiales,Passifloraceae,Passiflora
8851,Turnera ulmifolia,Plants,Plantae,Tracheophyta,Magnoliopsida,Malpighiales,Passifloraceae,Turnera
8852,Bischofia javanica,Plants,Plantae,Tracheophyta,Magnoliopsida,Malpighiales,Phyllanthaceae,Bischofia
8853,Phyllanthus tenellus,Plants,Plantae,Tracheophyta,Magnoliopsida,Malpighiales,Phyllanthaceae,Phyllanthus
8854,Phyllanthus urinaria,Plants,Plantae,Tracheophyta,Magnoliopsida,Malpighiales,Phyllanthaceae,Phyllanthus
8855,Rhizophora mangle,Plants,Plantae,Tracheophyta,Magnoliopsida,Malpighiales,Rhizophoraceae,Rhizophora
8856,Populus alba,Plants,Plantae,Tracheophyta,Magnoliopsida,Malpighiales,Salicaceae,Populus
8857,Populus balsamifera,Plants,Plantae,Tracheophyta,Magnoliopsida,Malpighiales,Salicaceae,Populus
8858,Populus deltoides,Plants,Plantae,Tracheophyta,Magnoliopsida,Malpighiales,Salicaceae,Populus
8859,Populus fremontii,Plants,Plantae,Tracheophyta,Magnoliopsida,Malpighiales,Salicaceae,Populus
8860,Populus grandidentata,Plants,Plantae,Tracheophyta,Magnoliopsida,Malpighiales,Salicaceae,Populus
8861,Populus nigra,Plants,Plantae,Tracheophyta,Magnoliopsida,Malpighiales,Salicaceae,Populus
8862,Populus tremula,Plants,Plantae,Tracheophyta,Magnoliopsida,Malpighiales,Salicaceae,Populus
8863,Populus tremuloides,Plants,Plantae,Tracheophyta,Magnoliopsida,Malpighiales,Salicaceae,Populus
8864,Populus trichocarpa,Plants,Plantae,Tracheophyta,Magnoliopsida,Malpighiales,Salicaceae,Populus
8865,Salix alba,Plants,Plantae,Tracheophyta,Magnoliopsida,Malpighiales,Salicaceae,Salix
8866,Salix babylonica,Plants,Plantae,Tracheophyta,Magnoliopsida,Malpighiales,Salicaceae,Salix
8867,Salix bebbiana,Plants,Plantae,Tracheophyta,Magnoliopsida,Malpighiales,Salicaceae,Salix
8868,Salix caprea,Plants,Plantae,Tracheophyta,Magnoliopsida,Malpighiales,Salicaceae,Salix
8869,Salix cinerea,Plants,Plantae,Tracheophyta,Magnoliopsida,Malpighiales,Salicaceae,Salix
8870,Salix discolor,Plants,Plantae,Tracheophyta,Magnoliopsida,Malpighiales,Salicaceae,Salix
8871,Salix eriocephala,Plants,Plantae,Tracheophyta,Magnoliopsida,Malpighiales,Salicaceae,Salix
8872,Salix exigua,Plants,Plantae,Tracheophyta,Magnoliopsida,Malpighiales,Salicaceae,Salix
8873,Salix gooddingii,Plants,Plantae,Tracheophyta,Magnoliopsida,Malpighiales,Salicaceae,Salix
8874,Salix interior,Plants,Plantae,Tracheophyta,Magnoliopsida,Malpighiales,Salicaceae,Salix
8875,Salix laevigata,Plants,Plantae,Tracheophyta,Magnoliopsida,Malpighiales,Salicaceae,Salix
8876,Salix lasiolepis,Plants,Plantae,Tracheophyta,Magnoliopsida,Malpighiales,Salicaceae,Salix
8877,Salix myrsinifolia,Plants,Plantae,Tracheophyta,Magnoliopsida,Malpighiales,Salicaceae,Salix
8878,Salix nigra,Plants,Plantae,Tracheophyta,Magnoliopsida,Malpighiales,Salicaceae,Salix
8879,Salix reticulata,Plants,Plantae,Tracheophyta,Magnoliopsida,Malpighiales,Salicaceae,Salix
8880,Salix triandra,Plants,Plantae,Tracheophyta,Magnoliopsida,Malpighiales,Salicaceae,Salix
8881,Salix viminalis,Plants,Plantae,Tracheophyta,Magnoliopsida,Malpighiales,Salicaceae,Salix
8882,Melicytus alpinus,Plants,Plantae,Tracheophyta,Magnoliopsida,Malpighiales,Violaceae,Melicytus
8883,Melicytus ramiflorus,Plants,Plantae,Tracheophyta,Magnoliopsida,Malpighiales,Violaceae,Melicytus
8884,Viola adunca,Plants,Plantae,Tracheophyta,Magnoliopsida,Malpighiales,Violaceae,Viola
8885,Viola arvensis,Plants,Plantae,Tracheophyta,Magnoliopsida,Malpighiales,Violaceae,Viola
8886,Viola bicolor,Plants,Plantae,Tracheophyta,Magnoliopsida,Malpighiales,Violaceae,Viola
8887,Viola biflora,Plants,Plantae,Tracheophyta,Magnoliopsida,Malpighiales,Violaceae,Viola
8888,Viola blanda,Plants,Plantae,Tracheophyta,Magnoliopsida,Malpighiales,Violaceae,Viola
8889,Viola canadensis,Plants,Plantae,Tracheophyta,Magnoliopsida,Malpighiales,Violaceae,Viola
8890,Viola canina,Plants,Plantae,Tracheophyta,Magnoliopsida,Malpighiales,Violaceae,Viola
8891,Viola glabella,Plants,Plantae,Tracheophyta,Magnoliopsida,Malpighiales,Violaceae,Viola
8892,Viola hastata,Plants,Plantae,Tracheophyta,Magnoliopsida,Malpighiales,Violaceae,Viola
8893,Viola hirta,Plants,Plantae,Tracheophyta,Magnoliopsida,Malpighiales,Violaceae,Viola
8894,Viola labradorica,Plants,Plantae,Tracheophyta,Magnoliopsida,Malpighiales,Violaceae,Viola
8895,Viola lanceolata,Plants,Plantae,Tracheophyta,Magnoliopsida,Malpighiales,Violaceae,Viola
8896,Viola lobata,Plants,Plantae,Tracheophyta,Magnoliopsida,Malpighiales,Violaceae,Viola
8897,Viola macloskeyi,Plants,Plantae,Tracheophyta,Magnoliopsida,Malpighiales,Violaceae,Viola
8898,Viola mirabilis,Plants,Plantae,Tracheophyta,Magnoliopsida,Malpighiales,Violaceae,Viola
8899,Viola nuttallii,Plants,Plantae,Tracheophyta,Magnoliopsida,Malpighiales,Violaceae,Viola
8900,Viola ocellata,Plants,Plantae,Tracheophyta,Magnoliopsida,Malpighiales,Violaceae,Viola
8901,Viola odorata,Plants,Plantae,Tracheophyta,Magnoliopsida,Malpighiales,Violaceae,Viola
8902,Viola palmata,Plants,Plantae,Tracheophyta,Magnoliopsida,Malpighiales,Violaceae,Viola
8903,Viola pedata,Plants,Plantae,Tracheophyta,Magnoliopsida,Malpighiales,Violaceae,Viola
8904,Viola pedatifida,Plants,Plantae,Tracheophyta,Magnoliopsida,Malpighiales,Violaceae,Viola
8905,Viola pedunculata,Plants,Plantae,Tracheophyta,Magnoliopsida,Malpighiales,Violaceae,Viola
8906,Viola primulifolia,Plants,Plantae,Tracheophyta,Magnoliopsida,Malpighiales,Violaceae,Viola
8907,Viola pubescens,Plants,Plantae,Tracheophyta,Magnoliopsida,Malpighiales,Violaceae,Viola
8908,Viola purpurea,Plants,Plantae,Tracheophyta,Magnoliopsida,Malpighiales,Violaceae,Viola
8909,Viola reichenbachiana,Plants,Plantae,Tracheophyta,Magnoliopsida,Malpighiales,Violaceae,Viola
8910,Viola riviniana,Plants,Plantae,Tracheophyta,Magnoliopsida,Malpighiales,Violaceae,Viola
8911,Viola rostrata,Plants,Plantae,Tracheophyta,Magnoliopsida,Malpighiales,Violaceae,Viola
8912,Viola rotundifolia,Plants,Plantae,Tracheophyta,Magnoliopsida,Malpighiales,Violaceae,Viola
8913,Viola sagittata,Plants,Plantae,Tracheophyta,Magnoliopsida,Malpighiales,Violaceae,Viola
8914,Viola sempervirens,Plants,Plantae,Tracheophyta,Magnoliopsida,Malpighiales,Violaceae,Viola
8915,Viola sororia,Plants,Plantae,Tracheophyta,Magnoliopsida,Malpighiales,Violaceae,Viola
8916,Viola striata,Plants,Plantae,Tracheophyta,Magnoliopsida,Malpighiales,Violaceae,Viola
8917,Viola tricolor,Plants,Plantae,Tracheophyta,Magnoliopsida,Malpighiales,Violaceae,Viola
8918,Bixa orellana,Plants,Plantae,Tracheophyta,Magnoliopsida,Malvales,Bixaceae,Bixa
8919,Cochlospermum vitifolium,Plants,Plantae,Tracheophyta,Magnoliopsida,Malvales,Bixaceae,Cochlospermum
8920,Cistus albidus,Plants,Plantae,Tracheophyta,Magnoliopsida,Malvales,Cistaceae,Cistus
8921,Cistus creticus,Plants,Plantae,Tracheophyta,Magnoliopsida,Malvales,Cistaceae,Cistus
8922,Cistus ladanifer,Plants,Plantae,Tracheophyta,Magnoliopsida,Malvales,Cistaceae,Cistus
8923,Cistus monspeliensis,Plants,Plantae,Tracheophyta,Magnoliopsida,Malvales,Cistaceae,Cistus
8924,Cistus salviifolius,Plants,Plantae,Tracheophyta,Magnoliopsida,Malvales,Cistaceae,Cistus
8925,Crocanthemum canadense,Plants,Plantae,Tracheophyta,Magnoliopsida,Malvales,Cistaceae,Crocanthemum
8926,Crocanthemum scoparium,Plants,Plantae,Tracheophyta,Magnoliopsida,Malvales,Cistaceae,Crocanthemum
8927,Helianthemum nummularium,Plants,Plantae,Tracheophyta,Magnoliopsida,Malvales,Cistaceae,Helianthemum
8928,Hudsonia tomentosa,Plants,Plantae,Tracheophyta,Magnoliopsida,Malvales,Cistaceae,Hudsonia
8929,Abutilon fruticosum,Plants,Plantae,Tracheophyta,Magnoliopsida,Malvales,Malvaceae,Abutilon
8930,Abutilon theophrasti,Plants,Plantae,Tracheophyta,Magnoliopsida,Malvales,Malvaceae,Abutilon
8931,Adansonia digitata,Plants,Plantae,Tracheophyta,Magnoliopsida,Malvales,Malvaceae,Adansonia
8932,Alcea rosea,Plants,Plantae,Tracheophyta,Magnoliopsida,Malvales,Malvaceae,Alcea
8933,Allowissadula holosericea,Plants,Plantae,Tracheophyta,Magnoliopsida,Malvales,Malvaceae,Allowissadula
8934,Anoda cristata,Plants,Plantae,Tracheophyta,Magnoliopsida,Malvales,Malvaceae,Anoda
8935,Callirhoe involucrata,Plants,Plantae,Tracheophyta,Magnoliopsida,Malvales,Malvaceae,Callirhoe
8936,Callirhoe pedata,Plants,Plantae,Tracheophyta,Magnoliopsida,Malvales,Malvaceae,Callirhoe
8937,Ceiba pentandra,Plants,Plantae,Tracheophyta,Magnoliopsida,Malvales,Malvaceae,Ceiba
8938,Entelea arborescens,Plants,Plantae,Tracheophyta,Magnoliopsida,Malvales,Malvaceae,Entelea
8939,Eremalche rotundifolia,Plants,Plantae,Tracheophyta,Magnoliopsida,Malvales,Malvaceae,Eremalche
8940,Fremontodendron californicum,Plants,Plantae,Tracheophyta,Magnoliopsida,Malvales,Malvaceae,Fremontodendron
8941,Gossypium hirsutum,Plants,Plantae,Tracheophyta,Magnoliopsida,Malvales,Malvaceae,Gossypium
8942,Guazuma ulmifolia,Plants,Plantae,Tracheophyta,Magnoliopsida,Malvales,Malvaceae,Guazuma
8943,Herissantia crispa,Plants,Plantae,Tracheophyta,Magnoliopsida,Malvales,Malvaceae,Herissantia
8944,Hibiscus denudatus,Plants,Plantae,Tracheophyta,Magnoliopsida,Malvales,Malvaceae,Hibiscus
8945,Hibiscus laevis,Plants,Plantae,Tracheophyta,Magnoliopsida,Malvales,Malvaceae,Hibiscus
8946,Hibiscus moscheutos,Plants,Plantae,Tracheophyta,Magnoliopsida,Malvales,Malvaceae,Hibiscus
8947,Hibiscus rosa-sinensis,Plants,Plantae,Tracheophyta,Magnoliopsida,Malvales,Malvaceae,Hibiscus
8948,Hibiscus syriacus,Plants,Plantae,Tracheophyta,Magnoliopsida,Malvales,Malvaceae,Hibiscus
8949,Hibiscus tiliaceus,Plants,Plantae,Tracheophyta,Magnoliopsida,Malvales,Malvaceae,Hibiscus
8950,Hibiscus trionum,Plants,Plantae,Tracheophyta,Magnoliopsida,Malvales,Malvaceae,Hibiscus
8951,Hoheria populnea,Plants,Plantae,Tracheophyta,Magnoliopsida,Malvales,Malvaceae,Hoheria
8952,Horsfordia newberryi,Plants,Plantae,Tracheophyta,Magnoliopsida,Malvales,Malvaceae,Horsfordia
8953,Kosteletzkya pentacarpos,Plants,Plantae,Tracheophyta,Magnoliopsida,Malvales,Malvaceae,Kosteletzkya
8954,Malacothamnus fasciculatus,Plants,Plantae,Tracheophyta,Magnoliopsida,Malvales,Malvaceae,Malacothamnus
8955,Malva arborea,Plants,Plantae,Tracheophyta,Magnoliopsida,Malvales,Malvaceae,Malva
8956,Malva assurgentiflora,Plants,Plantae,Tracheophyta,Magnoliopsida,Malvales,Malvaceae,Malva
8957,Malva moschata,Plants,Plantae,Tracheophyta,Magnoliopsida,Malvales,Malvaceae,Malva
8958,Malva neglecta,Plants,Plantae,Tracheophyta,Magnoliopsida,Malvales,Malvaceae,Malva
8959,Malva parviflora,Plants,Plantae,Tracheophyta,Magnoliopsida,Malvales,Malvaceae,Malva
8960,Malva sylvestris,Plants,Plantae,Tracheophyta,Magnoliopsida,Malvales,Malvaceae,Malva
8961,Malva thuringiaca,Plants,Plantae,Tracheophyta,Magnoliopsida,Malvales,Malvaceae,Malva
8962,Malvastrum coromandelianum,Plants,Plantae,Tracheophyta,Magnoliopsida,Malvales,Malvaceae,Malvastrum
8963,Malvaviscus arboreus,Plants,Plantae,Tracheophyta,Magnoliopsida,Malvales,Malvaceae,Malvaviscus
8964,Malvella leprosa,Plants,Plantae,Tracheophyta,Magnoliopsida,Malvales,Malvaceae,Malvella
8965,Melochia pyramidata,Plants,Plantae,Tracheophyta,Magnoliopsida,Malvales,Malvaceae,Melochia
8966,Melochia tomentosa,Plants,Plantae,Tracheophyta,Magnoliopsida,Malvales,Malvaceae,Melochia
8967,Modiola caroliniana,Plants,Plantae,Tracheophyta,Magnoliopsida,Malvales,Malvaceae,Modiola
8968,Pachira aquatica,Plants,Plantae,Tracheophyta,Magnoliopsida,Malvales,Malvaceae,Pachira
8969,Pavonia lasiopetala,Plants,Plantae,Tracheophyta,Magnoliopsida,Malvales,Malvaceae,Pavonia
8970,Plagianthus divaricatus,Plants,Plantae,Tracheophyta,Magnoliopsida,Malvales,Malvaceae,Plagianthus
8971,Plagianthus regius,Plants,Plantae,Tracheophyta,Magnoliopsida,Malvales,Malvaceae,Plagianthus
8972,Sida abutifolia,Plants,Plantae,Tracheophyta,Magnoliopsida,Malvales,Malvaceae,Sida
8973,Sida ciliaris,Plants,Plantae,Tracheophyta,Magnoliopsida,Malvales,Malvaceae,Sida
8974,Sida rhombifolia,Plants,Plantae,Tracheophyta,Magnoliopsida,Malvales,Malvaceae,Sida
8975,Sidalcea malviflora,Plants,Plantae,Tracheophyta,Magnoliopsida,Malvales,Malvaceae,Sidalcea
8976,Sidalcea oregana,Plants,Plantae,Tracheophyta,Magnoliopsida,Malvales,Malvaceae,Sidalcea
8977,Sidalcea sparsifolia,Plants,Plantae,Tracheophyta,Magnoliopsida,Malvales,Malvaceae,Sidalcea
8978,Sphaeralcea ambigua,Plants,Plantae,Tracheophyta,Magnoliopsida,Malvales,Malvaceae,Sphaeralcea
8979,Sphaeralcea angustifolia,Plants,Plantae,Tracheophyta,Magnoliopsida,Malvales,Malvaceae,Sphaeralcea
8980,Sphaeralcea coccinea,Plants,Plantae,Tracheophyta,Magnoliopsida,Malvales,Malvaceae,Sphaeralcea
8981,Theobroma cacao,Plants,Plantae,Tracheophyta,Magnoliopsida,Malvales,Malvaceae,Theobroma
8982,Thespesia populnea,Plants,Plantae,Tracheophyta,Magnoliopsida,Malvales,Malvaceae,Thespesia
8983,Tilia americana,Plants,Plantae,Tracheophyta,Magnoliopsida,Malvales,Malvaceae,Tilia
8984,Tilia cordata,Plants,Plantae,Tracheophyta,Magnoliopsida,Malvales,Malvaceae,Tilia
8985,Urena lobata,Plants,Plantae,Tracheophyta,Magnoliopsida,Malvales,Malvaceae,Urena
8986,Waltheria indica,Plants,Plantae,Tracheophyta,Magnoliopsida,Malvales,Malvaceae,Waltheria
8987,Muntingia calabura,Plants,Plantae,Tracheophyta,Magnoliopsida,Malvales,Muntingiaceae,Muntingia
8988,Daphne gnidium,Plants,Plantae,Tracheophyta,Magnoliopsida,Malvales,Thymelaeaceae,Daphne
8989,Daphne laureola,Plants,Plantae,Tracheophyta,Magnoliopsida,Malvales,Thymelaeaceae,Daphne
8990,Daphne mezereum,Plants,Plantae,Tracheophyta,Magnoliopsida,Malvales,Thymelaeaceae,Daphne
8991,Dirca palustris,Plants,Plantae,Tracheophyta,Magnoliopsida,Malvales,Thymelaeaceae,Dirca
8992,Pimelea villosa,Plants,Plantae,Tracheophyta,Magnoliopsida,Malvales,Thymelaeaceae,Pimelea
8993,Conocarpus erectus,Plants,Plantae,Tracheophyta,Magnoliopsida,Myrtales,Combretaceae,Conocarpus
8994,Laguncularia racemosa,Plants,Plantae,Tracheophyta,Magnoliopsida,Myrtales,Combretaceae,Laguncularia
8995,Terminalia catappa,Plants,Plantae,Tracheophyta,Magnoliopsida,Myrtales,Combretaceae,Terminalia
8996,Ammannia coccinea,Plants,Plantae,Tracheophyta,Magnoliopsida,Myrtales,Lythraceae,Ammannia
8997,Cuphea carthagenensis,Plants,Plantae,Tracheophyta,Magnoliopsida,Myrtales,Lythraceae,Cuphea
8998,Decodon verticillatus,Plants,Plantae,Tracheophyta,Magnoliopsida,Myrtales,Lythraceae,Decodon
8999,Lagerstroemia indica,Plants,Plantae,Tracheophyta,Magnoliopsida,Myrtales,Lythraceae,Lagerstroemia
9000,Lythrum alatum,Plants,Plantae,Tracheophyta,Magnoliopsida,Myrtales,Lythraceae,Lythrum
9001,Lythrum hyssopifolia,Plants,Plantae,Tracheophyta,Magnoliopsida,Myrtales,Lythraceae,Lythrum
9002,Lythrum salicaria,Plants,Plantae,Tracheophyta,Magnoliopsida,Myrtales,Lythraceae,Lythrum
9003,Punica granatum,Plants,Plantae,Tracheophyta,Magnoliopsida,Myrtales,Lythraceae,Punica
9004,Trapa natans,Plants,Plantae,Tracheophyta,Magnoliopsida,Myrtales,Lythraceae,Trapa
9005,Clidemia hirta,Plants,Plantae,Tracheophyta,Magnoliopsida,Myrtales,Melastomataceae,Clidemia
9006,Melastoma malabathricum,Plants,Plantae,Tracheophyta,Magnoliopsida,Myrtales,Melastomataceae,Melastoma
9007,Rhexia alifanus,Plants,Plantae,Tracheophyta,Magnoliopsida,Myrtales,Melastomataceae,Rhexia
9008,Rhexia mariana,Plants,Plantae,Tracheophyta,Magnoliopsida,Myrtales,Melastomataceae,Rhexia
9009,Rhexia virginica,Plants,Plantae,Tracheophyta,Magnoliopsida,Myrtales,Melastomataceae,Rhexia
9010,Eucalyptus camaldulensis,Plants,Plantae,Tracheophyta,Magnoliopsida,Myrtales,Myrtaceae,Eucalyptus
9011,Eucalyptus globulus,Plants,Plantae,Tracheophyta,Magnoliopsida,Myrtales,Myrtaceae,Eucalyptus
9012,Leptospermum laevigatum,Plants,Plantae,Tracheophyta,Magnoliopsida,Myrtales,Myrtaceae,Leptospermum
9013,Leptospermum scoparium,Plants,Plantae,Tracheophyta,Magnoliopsida,Myrtales,Myrtaceae,Leptospermum
9014,Lophomyrtus bullata,Plants,Plantae,Tracheophyta,Magnoliopsida,Myrtales,Myrtaceae,Lophomyrtus
9015,Metrosideros diffusa,Plants,Plantae,Tracheophyta,Magnoliopsida,Myrtales,Myrtaceae,Metrosideros
9016,Metrosideros excelsa,Plants,Plantae,Tracheophyta,Magnoliopsida,Myrtales,Myrtaceae,Metrosideros
9017,Metrosideros fulgens,Plants,Plantae,Tracheophyta,Magnoliopsida,Myrtales,Myrtaceae,Metrosideros
9018,Metrosideros perforata,Plants,Plantae,Tracheophyta,Magnoliopsida,Myrtales,Myrtaceae,Metrosideros
9019,Metrosideros polymorpha,Plants,Plantae,Tracheophyta,Magnoliopsida,Myrtales,Myrtaceae,Metrosideros
9020,Metrosideros robusta,Plants,Plantae,Tracheophyta,Magnoliopsida,Myrtales,Myrtaceae,Metrosideros
9021,Metrosideros umbellata,Plants,Plantae,Tracheophyta,Magnoliopsida,Myrtales,Myrtaceae,Metrosideros
9022,Myrtus communis,Plants,Plantae,Tracheophyta,Magnoliopsida,Myrtales,Myrtaceae,Myrtus
9023,Psidium cattleyanum,Plants,Plantae,Tracheophyta,Magnoliopsida,Myrtales,Myrtaceae,Psidium
9024,Psidium guajava,Plants,Plantae,Tracheophyta,Magnoliopsida,Myrtales,Myrtaceae,Psidium
9025,Camissoniopsis bistorta,Plants,Plantae,Tracheophyta,Magnoliopsida,Myrtales,Onagraceae,Camissoniopsis
9026,Camissoniopsis cheiranthifolia,Plants,Plantae,Tracheophyta,Magnoliopsida,Myrtales,Onagraceae,Camissoniopsis
9027,Chamaenerion angustifolium,Plants,Plantae,Tracheophyta,Magnoliopsida,Myrtales,Onagraceae,Chamaenerion
9028,Chamaenerion latifolium,Plants,Plantae,Tracheophyta,Magnoliopsida,Myrtales,Onagraceae,Chamaenerion
9029,Chylismia brevipes,Plants,Plantae,Tracheophyta,Magnoliopsida,Myrtales,Onagraceae,Chylismia
9030,Chylismia claviformis,Plants,Plantae,Tracheophyta,Magnoliopsida,Myrtales,Onagraceae,Chylismia
9031,Circaea alpina,Plants,Plantae,Tracheophyta,Magnoliopsida,Myrtales,Onagraceae,Circaea
9032,Circaea canadensis,Plants,Plantae,Tracheophyta,Magnoliopsida,Myrtales,Onagraceae,Circaea
9033,Circaea lutetiana,Plants,Plantae,Tracheophyta,Magnoliopsida,Myrtales,Onagraceae,Circaea
9034,Clarkia amoena,Plants,Plantae,Tracheophyta,Magnoliopsida,Myrtales,Onagraceae,Clarkia
9035,Clarkia concinna,Plants,Plantae,Tracheophyta,Magnoliopsida,Myrtales,Onagraceae,Clarkia
9036,Clarkia purpurea,Plants,Plantae,Tracheophyta,Magnoliopsida,Myrtales,Onagraceae,Clarkia
9037,Clarkia rhomboidea,Plants,Plantae,Tracheophyta,Magnoliopsida,Myrtales,Onagraceae,Clarkia
9038,Clarkia rubicunda,Plants,Plantae,Tracheophyta,Magnoliopsida,Myrtales,Onagraceae,Clarkia
9039,Clarkia unguiculata,Plants,Plantae,Tracheophyta,Magnoliopsida,Myrtales,Onagraceae,Clarkia
9040,Epilobium brachycarpum,Plants,Plantae,Tracheophyta,Magnoliopsida,Myrtales,Onagraceae,Epilobium
9041,Epilobium canum,Plants,Plantae,Tracheophyta,Magnoliopsida,Myrtales,Onagraceae,Epilobium
9042,Epilobium ciliatum,Plants,Plantae,Tracheophyta,Magnoliopsida,Myrtales,Onagraceae,Epilobium
9043,Epilobium hirsutum,Plants,Plantae,Tracheophyta,Magnoliopsida,Myrtales,Onagraceae,Epilobium
9044,Epilobium montanum,Plants,Plantae,Tracheophyta,Magnoliopsida,Myrtales,Onagraceae,Epilobium
9045,Eremothera boothii,Plants,Plantae,Tracheophyta,Magnoliopsida,Myrtales,Onagraceae,Eremothera
9046,Eulobus californicus,Plants,Plantae,Tracheophyta,Magnoliopsida,Myrtales,Onagraceae,Eulobus
9047,Fuchsia boliviana,Plants,Plantae,Tracheophyta,Magnoliopsida,Myrtales,Onagraceae,Fuchsia
9048,Fuchsia excorticata,Plants,Plantae,Tracheophyta,Magnoliopsida,Myrtales,Onagraceae,Fuchsia
9049,Fuchsia magellanica,Plants,Plantae,Tracheophyta,Magnoliopsida,Myrtales,Onagraceae,Fuchsia
9050,Lopezia racemosa,Plants,Plantae,Tracheophyta,Magnoliopsida,Myrtales,Onagraceae,Lopezia
9051,Ludwigia alternifolia,Plants,Plantae,Tracheophyta,Magnoliopsida,Myrtales,Onagraceae,Ludwigia
9052,Ludwigia octovalvis,Plants,Plantae,Tracheophyta,Magnoliopsida,Myrtales,Onagraceae,Ludwigia
9053,Ludwigia palustris,Plants,Plantae,Tracheophyta,Magnoliopsida,Myrtales,Onagraceae,Ludwigia
9054,Ludwigia peploides,Plants,Plantae,Tracheophyta,Magnoliopsida,Myrtales,Onagraceae,Ludwigia
9055,Ludwigia peruviana,Plants,Plantae,Tracheophyta,Magnoliopsida,Myrtales,Onagraceae,Ludwigia
9056,Oenothera berlandieri,Plants,Plantae,Tracheophyta,Magnoliopsida,Myrtales,Onagraceae,Oenothera
9057,Oenothera biennis,Plants,Plantae,Tracheophyta,Magnoliopsida,Myrtales,Onagraceae,Oenothera
9058,Oenothera cespitosa,Plants,Plantae,Tracheophyta,Magnoliopsida,Myrtales,Onagraceae,Oenothera
9059,Oenothera curtiflora,Plants,Plantae,Tracheophyta,Magnoliopsida,Myrtales,Onagraceae,Oenothera
9060,Oenothera deltoides,Plants,Plantae,Tracheophyta,Magnoliopsida,Myrtales,Onagraceae,Oenothera
9061,Oenothera drummondii,Plants,Plantae,Tracheophyta,Magnoliopsida,Myrtales,Onagraceae,Oenothera
9062,Oenothera elata,Plants,Plantae,Tracheophyta,Magnoliopsida,Myrtales,Onagraceae,Oenothera
9063,Oenothera gaura,Plants,Plantae,Tracheophyta,Magnoliopsida,Myrtales,Onagraceae,Oenothera
9064,Oenothera glaucifolia,Plants,Plantae,Tracheophyta,Magnoliopsida,Myrtales,Onagraceae,Oenothera
9065,Oenothera glazioviana,Plants,Plantae,Tracheophyta,Magnoliopsida,Myrtales,Onagraceae,Oenothera
9066,Oenothera hartwegii,Plants,Plantae,Tracheophyta,Magnoliopsida,Myrtales,Onagraceae,Oenothera
9067,Oenothera laciniata,Plants,Plantae,Tracheophyta,Magnoliopsida,Myrtales,Onagraceae,Oenothera
9068,Oenothera macrocarpa,Plants,Plantae,Tracheophyta,Magnoliopsida,Myrtales,Onagraceae,Oenothera
9069,Oenothera rosea,Plants,Plantae,Tracheophyta,Magnoliopsida,Myrtales,Onagraceae,Oenothera
9070,Oenothera rubricaulis,Plants,Plantae,Tracheophyta,Magnoliopsida,Myrtales,Onagraceae,Oenothera
9071,Oenothera speciosa,Plants,Plantae,Tracheophyta,Magnoliopsida,Myrtales,Onagraceae,Oenothera
9072,Oenothera suffrutescens,Plants,Plantae,Tracheophyta,Magnoliopsida,Myrtales,Onagraceae,Oenothera
9073,Oenothera suffulta,Plants,Plantae,Tracheophyta,Magnoliopsida,Myrtales,Onagraceae,Oenothera
9074,Oenothera triloba,Plants,Plantae,Tracheophyta,Magnoliopsida,Myrtales,Onagraceae,Oenothera
9075,Taraxia ovata,Plants,Plantae,Tracheophyta,Magnoliopsida,Myrtales,Onagraceae,Taraxia
9076,Penaea mucronata,Plants,Plantae,Tracheophyta,Magnoliopsida,Myrtales,Penaeaceae,Penaea
9077,Saltera sarcocolla,Plants,Plantae,Tracheophyta,Magnoliopsida,Myrtales,Penaeaceae,Saltera
9078,Brasenia schreberi,Plants,Plantae,Tracheophyta,Magnoliopsida,Nymphaeales,Cabombaceae,Brasenia
9079,Nuphar advena,Plants,Plantae,Tracheophyta,Magnoliopsida,Nymphaeales,Nymphaeaceae,Nuphar
9080,Nuphar lutea,Plants,Plantae,Tracheophyta,Magnoliopsida,Nymphaeales,Nymphaeaceae,Nuphar
9081,Nuphar polysepala,Plants,Plantae,Tracheophyta,Magnoliopsida,Nymphaeales,Nymphaeaceae,Nuphar
9082,Nuphar variegata,Plants,Plantae,Tracheophyta,Magnoliopsida,Nymphaeales,Nymphaeaceae,Nuphar
9083,Nymphaea alba,Plants,Plantae,Tracheophyta,Magnoliopsida,Nymphaeales,Nymphaeaceae,Nymphaea
9084,Nymphaea candida,Plants,Plantae,Tracheophyta,Magnoliopsida,Nymphaeales,Nymphaeaceae,Nymphaea
9085,Nymphaea nouchali,Plants,Plantae,Tracheophyta,Magnoliopsida,Nymphaeales,Nymphaeaceae,Nymphaea
9086,Nymphaea odorata,Plants,Plantae,Tracheophyta,Magnoliopsida,Nymphaeales,Nymphaeaceae,Nymphaea
9087,Bauera rubioides,Plants,Plantae,Tracheophyta,Magnoliopsida,Oxalidales,Cunoniaceae,Bauera
9088,Weinmannia racemosa,Plants,Plantae,Tracheophyta,Magnoliopsida,Oxalidales,Cunoniaceae,Weinmannia
9089,Aristotelia serrata,Plants,Plantae,Tracheophyta,Magnoliopsida,Oxalidales,Elaeocarpaceae,Aristotelia
9090,Elaeocarpus hookerianus,Plants,Plantae,Tracheophyta,Magnoliopsida,Oxalidales,Elaeocarpaceae,Elaeocarpus
9091,Oxalis acetosella,Plants,Plantae,Tracheophyta,Magnoliopsida,Oxalidales,Oxalidaceae,Oxalis
9092,Oxalis articulata,Plants,Plantae,Tracheophyta,Magnoliopsida,Oxalidales,Oxalidaceae,Oxalis
9093,Oxalis corniculata,Plants,Plantae,Tracheophyta,Magnoliopsida,Oxalidales,Oxalidaceae,Oxalis
9094,Oxalis debilis,Plants,Plantae,Tracheophyta,Magnoliopsida,Oxalidales,Oxalidaceae,Oxalis
9095,Oxalis dillenii,Plants,Plantae,Tracheophyta,Magnoliopsida,Oxalidales,Oxalidaceae,Oxalis
9096,Oxalis drummondii,Plants,Plantae,Tracheophyta,Magnoliopsida,Oxalidales,Oxalidaceae,Oxalis
9097,Oxalis incarnata,Plants,Plantae,Tracheophyta,Magnoliopsida,Oxalidales,Oxalidaceae,Oxalis
9098,Oxalis latifolia,Plants,Plantae,Tracheophyta,Magnoliopsida,Oxalidales,Oxalidaceae,Oxalis
9099,Oxalis luteola,Plants,Plantae,Tracheophyta,Magnoliopsida,Oxalidales,Oxalidaceae,Oxalis
9100,Oxalis montana,Plants,Plantae,Tracheophyta,Magnoliopsida,Oxalidales,Oxalidaceae,Oxalis
9101,Oxalis obtusa,Plants,Plantae,Tracheophyta,Magnoliopsida,Oxalidales,Oxalidaceae,Oxalis
9102,Oxalis oregana,Plants,Plantae,Tracheophyta,Magnoliopsida,Oxalidales,Oxalidaceae,Oxalis
9103,Oxalis pes-caprae,Plants,Plantae,Tracheophyta,Magnoliopsida,Oxalidales,Oxalidaceae,Oxalis
9104,Oxalis polyphylla,Plants,Plantae,Tracheophyta,Magnoliopsida,Oxalidales,Oxalidaceae,Oxalis
9105,Oxalis purpurea,Plants,Plantae,Tracheophyta,Magnoliopsida,Oxalidales,Oxalidaceae,Oxalis
9106,Oxalis stricta,Plants,Plantae,Tracheophyta,Magnoliopsida,Oxalidales,Oxalidaceae,Oxalis
9107,Oxalis violacea,Plants,Plantae,Tracheophyta,Magnoliopsida,Oxalidales,Oxalidaceae,Oxalis
9108,Aristolochia californica,Plants,Plantae,Tracheophyta,Magnoliopsida,Piperales,Aristolochiaceae,Aristolochia
9109,Aristolochia clematitis,Plants,Plantae,Tracheophyta,Magnoliopsida,Piperales,Aristolochiaceae,Aristolochia
9110,Asarum canadense,Plants,Plantae,Tracheophyta,Magnoliopsida,Piperales,Aristolochiaceae,Asarum
9111,Asarum caudatum,Plants,Plantae,Tracheophyta,Magnoliopsida,Piperales,Aristolochiaceae,Asarum
9112,Asarum europaeum,Plants,Plantae,Tracheophyta,Magnoliopsida,Piperales,Aristolochiaceae,Asarum
9113,Endodeca serpentaria,Plants,Plantae,Tracheophyta,Magnoliopsida,Piperales,Aristolochiaceae,Endodeca
9114,Hexastylis arifolia,Plants,Plantae,Tracheophyta,Magnoliopsida,Piperales,Aristolochiaceae,Hexastylis
9115,Piper excelsum,Plants,Plantae,Tracheophyta,Magnoliopsida,Piperales,Piperaceae,Piper
9116,Anemopsis californica,Plants,Plantae,Tracheophyta,Magnoliopsida,Piperales,Saururaceae,Anemopsis
9117,Houttuynia cordata,Plants,Plantae,Tracheophyta,Magnoliopsida,Piperales,Saururaceae,Houttuynia
9118,Saururus cernuus,Plants,Plantae,Tracheophyta,Magnoliopsida,Piperales,Saururaceae,Saururus
9119,Nelumbo lutea,Plants,Plantae,Tracheophyta,Magnoliopsida,Proteales,Nelumbonaceae,Nelumbo
9120,Nelumbo nucifera,Plants,Plantae,Tracheophyta,Magnoliopsida,Proteales,Nelumbonaceae,Nelumbo
9121,Platanus occidentalis,Plants,Plantae,Tracheophyta,Magnoliopsida,Proteales,Platanaceae,Platanus
9122,Platanus racemosa,Plants,Plantae,Tracheophyta,Magnoliopsida,Proteales,Platanaceae,Platanus
9123,Platanus wrightii,Plants,Plantae,Tracheophyta,Magnoliopsida,Proteales,Platanaceae,Platanus
9124,Banksia integrifolia,Plants,Plantae,Tracheophyta,Magnoliopsida,Proteales,Proteaceae,Banksia
9125,Banksia marginata,Plants,Plantae,Tracheophyta,Magnoliopsida,Proteales,Proteaceae,Banksia
9126,Hakea sericea,Plants,Plantae,Tracheophyta,Magnoliopsida,Proteales,Proteaceae,Hakea
9127,Knightia excelsa,Plants,Plantae,Tracheophyta,Magnoliopsida,Proteales,Proteaceae,Knightia
9128,Leucadendron laureolum,Plants,Plantae,Tracheophyta,Magnoliopsida,Proteales,Proteaceae,Leucadendron
9129,Leucadendron rubrum,Plants,Plantae,Tracheophyta,Magnoliopsida,Proteales,Proteaceae,Leucadendron
9130,Leucadendron salignum,Plants,Plantae,Tracheophyta,Magnoliopsida,Proteales,Proteaceae,Leucadendron
9131,Leucospermum conocarpodendron,Plants,Plantae,Tracheophyta,Magnoliopsida,Proteales,Proteaceae,Leucospermum
9132,Leucospermum cuneiforme,Plants,Plantae,Tracheophyta,Magnoliopsida,Proteales,Proteaceae,Leucospermum
9133,Mimetes cucullatus,Plants,Plantae,Tracheophyta,Magnoliopsida,Proteales,Proteaceae,Mimetes
9134,Protea caffra,Plants,Plantae,Tracheophyta,Magnoliopsida,Proteales,Proteaceae,Protea
9135,Protea cynaroides,Plants,Plantae,Tracheophyta,Magnoliopsida,Proteales,Proteaceae,Protea
9136,Protea laurifolia,Plants,Plantae,Tracheophyta,Magnoliopsida,Proteales,Proteaceae,Protea
9137,Protea neriifolia,Plants,Plantae,Tracheophyta,Magnoliopsida,Proteales,Proteaceae,Protea
9138,Protea nitida,Plants,Plantae,Tracheophyta,Magnoliopsida,Proteales,Proteaceae,Protea
9139,Protea repens,Plants,Plantae,Tracheophyta,Magnoliopsida,Proteales,Proteaceae,Protea
9140,Serruria fasciflora,Plants,Plantae,Tracheophyta,Magnoliopsida,Proteales,Proteaceae,Serruria
9141,Achlys triphylla,Plants,Plantae,Tracheophyta,Magnoliopsida,Ranunculales,Berberidaceae,Achlys
9142,Berberis aquifolium,Plants,Plantae,Tracheophyta,Magnoliopsida,Ranunculales,Berberidaceae,Berberis
9143,Berberis bealei,Plants,Plantae,Tracheophyta,Magnoliopsida,Ranunculales,Berberidaceae,Berberis
9144,Berberis darwinii,Plants,Plantae,Tracheophyta,Magnoliopsida,Ranunculales,Berberidaceae,Berberis
9145,Berberis nervosa,Plants,Plantae,Tracheophyta,Magnoliopsida,Ranunculales,Berberidaceae,Berberis
9146,Berberis repens,Plants,Plantae,Tracheophyta,Magnoliopsida,Ranunculales,Berberidaceae,Berberis
9147,Berberis thunbergii,Plants,Plantae,Tracheophyta,Magnoliopsida,Ranunculales,Berberidaceae,Berberis
9148,Berberis trifoliolata,Plants,Plantae,Tracheophyta,Magnoliopsida,Ranunculales,Berberidaceae,Berberis
9149,Berberis vulgaris,Plants,Plantae,Tracheophyta,Magnoliopsida,Ranunculales,Berberidaceae,Berberis
9150,Caulophyllum giganteum,Plants,Plantae,Tracheophyta,Magnoliopsida,Ranunculales,Berberidaceae,Caulophyllum
9151,Caulophyllum thalictroides,Plants,Plantae,Tracheophyta,Magnoliopsida,Ranunculales,Berberidaceae,Caulophyllum
9152,Jeffersonia diphylla,Plants,Plantae,Tracheophyta,Magnoliopsida,Ranunculales,Berberidaceae,Jeffersonia
9153,Nandina domestica,Plants,Plantae,Tracheophyta,Magnoliopsida,Ranunculales,Berberidaceae,Nandina
9154,Podophyllum peltatum,Plants,Plantae,Tracheophyta,Magnoliopsida,Ranunculales,Berberidaceae,Podophyllum
9155,Vancouveria hexandra,Plants,Plantae,Tracheophyta,Magnoliopsida,Ranunculales,Berberidaceae,Vancouveria
9156,Cocculus carolinus,Plants,Plantae,Tracheophyta,Magnoliopsida,Ranunculales,Menispermaceae,Cocculus
9157,Menispermum canadense,Plants,Plantae,Tracheophyta,Magnoliopsida,Ranunculales,Menispermaceae,Menispermum
9158,Argemone albiflora,Plants,Plantae,Tracheophyta,Magnoliopsida,Ranunculales,Papaveraceae,Argemone
9159,Argemone mexicana,Plants,Plantae,Tracheophyta,Magnoliopsida,Ranunculales,Papaveraceae,Argemone
9160,Argemone munita,Plants,Plantae,Tracheophyta,Magnoliopsida,Ranunculales,Papaveraceae,Argemone
9161,Argemone ochroleuca,Plants,Plantae,Tracheophyta,Magnoliopsida,Ranunculales,Papaveraceae,Argemone
9162,Argemone polyanthemos,Plants,Plantae,Tracheophyta,Magnoliopsida,Ranunculales,Papaveraceae,Argemone
9163,Capnoides sempervirens,Plants,Plantae,Tracheophyta,Magnoliopsida,Ranunculales,Papaveraceae,Capnoides
9164,Chelidonium majus,Plants,Plantae,Tracheophyta,Magnoliopsida,Ranunculales,Papaveraceae,Chelidonium
9165,Corydalis aurea,Plants,Plantae,Tracheophyta,Magnoliopsida,Ranunculales,Papaveraceae,Corydalis
9166,Corydalis cava,Plants,Plantae,Tracheophyta,Magnoliopsida,Ranunculales,Papaveraceae,Corydalis
9167,Corydalis flavula,Plants,Plantae,Tracheophyta,Magnoliopsida,Ranunculales,Papaveraceae,Corydalis
9168,Corydalis solida,Plants,Plantae,Tracheophyta,Magnoliopsida,Ranunculales,Papaveraceae,Corydalis
9169,Dendromecon rigida,Plants,Plantae,Tracheophyta,Magnoliopsida,Ranunculales,Papaveraceae,Dendromecon
9170,Dicentra canadensis,Plants,Plantae,Tracheophyta,Magnoliopsida,Ranunculales,Papaveraceae,Dicentra
9171,Dicentra cucullaria,Plants,Plantae,Tracheophyta,Magnoliopsida,Ranunculales,Papaveraceae,Dicentra
9172,Dicentra formosa,Plants,Plantae,Tracheophyta,Magnoliopsida,Ranunculales,Papaveraceae,Dicentra
9173,Ehrendorferia chrysantha,Plants,Plantae,Tracheophyta,Magnoliopsida,Ranunculales,Papaveraceae,Ehrendorferia
9174,Eschscholzia caespitosa,Plants,Plantae,Tracheophyta,Magnoliopsida,Ranunculales,Papaveraceae,Eschscholzia
9175,Eschscholzia californica,Plants,Plantae,Tracheophyta,Magnoliopsida,Ranunculales,Papaveraceae,Eschscholzia
9176,Eschscholzia minutiflora,Plants,Plantae,Tracheophyta,Magnoliopsida,Ranunculales,Papaveraceae,Eschscholzia
9177,Eschscholzia parishii,Plants,Plantae,Tracheophyta,Magnoliopsida,Ranunculales,Papaveraceae,Eschscholzia
9178,Fumaria capreolata,Plants,Plantae,Tracheophyta,Magnoliopsida,Ranunculales,Papaveraceae,Fumaria
9179,Fumaria muralis,Plants,Plantae,Tracheophyta,Magnoliopsida,Ranunculales,Papaveraceae,Fumaria
9180,Fumaria officinalis,Plants,Plantae,Tracheophyta,Magnoliopsida,Ranunculales,Papaveraceae,Fumaria
9181,Glaucium flavum,Plants,Plantae,Tracheophyta,Magnoliopsida,Ranunculales,Papaveraceae,Glaucium
9182,Lamprocapnos spectabilis,Plants,Plantae,Tracheophyta,Magnoliopsida,Ranunculales,Papaveraceae,Lamprocapnos
9183,Papaver cambricum,Plants,Plantae,Tracheophyta,Magnoliopsida,Ranunculales,Papaveraceae,Papaver
9184,Papaver dubium,Plants,Plantae,Tracheophyta,Magnoliopsida,Ranunculales,Papaveraceae,Papaver
9185,Papaver heterophyllum,Plants,Plantae,Tracheophyta,Magnoliopsida,Ranunculales,Papaveraceae,Papaver
9186,Papaver rhoeas,Plants,Plantae,Tracheophyta,Magnoliopsida,Ranunculales,Papaveraceae,Papaver
9187,Papaver somniferum,Plants,Plantae,Tracheophyta,Magnoliopsida,Ranunculales,Papaveraceae,Papaver
9188,Platystemon californicus,Plants,Plantae,Tracheophyta,Magnoliopsida,Ranunculales,Papaveraceae,Platystemon
9189,Pseudofumaria lutea,Plants,Plantae,Tracheophyta,Magnoliopsida,Ranunculales,Papaveraceae,Pseudofumaria
9190,Romneya coulteri,Plants,Plantae,Tracheophyta,Magnoliopsida,Ranunculales,Papaveraceae,Romneya
9191,Sanguinaria canadensis,Plants,Plantae,Tracheophyta,Magnoliopsida,Ranunculales,Papaveraceae,Sanguinaria
9192,Stylophorum diphyllum,Plants,Plantae,Tracheophyta,Magnoliopsida,Ranunculales,Papaveraceae,Stylophorum
9193,Aconitum columbianum,Plants,Plantae,Tracheophyta,Magnoliopsida,Ranunculales,Ranunculaceae,Aconitum
9194,Aconitum delphiniifolium,Plants,Plantae,Tracheophyta,Magnoliopsida,Ranunculales,Ranunculaceae,Aconitum
9195,Aconitum lycoctonum,Plants,Plantae,Tracheophyta,Magnoliopsida,Ranunculales,Ranunculaceae,Aconitum
9196,Aconitum napellus,Plants,Plantae,Tracheophyta,Magnoliopsida,Ranunculales,Ranunculaceae,Aconitum
9197,Aconitum septentrionale,Plants,Plantae,Tracheophyta,Magnoliopsida,Ranunculales,Ranunculaceae,Aconitum
9198,Actaea pachypoda,Plants,Plantae,Tracheophyta,Magnoliopsida,Ranunculales,Ranunculaceae,Actaea
9199,Actaea racemosa,Plants,Plantae,Tracheophyta,Magnoliopsida,Ranunculales,Ranunculaceae,Actaea
9200,Actaea rubra,Plants,Plantae,Tracheophyta,Magnoliopsida,Ranunculales,Ranunculaceae,Actaea
9201,Actaea spicata,Plants,Plantae,Tracheophyta,Magnoliopsida,Ranunculales,Ranunculaceae,Actaea
9202,Adonis vernalis,Plants,Plantae,Tracheophyta,Magnoliopsida,Ranunculales,Ranunculaceae,Adonis
9203,Anemonastrum canadense,Plants,Plantae,Tracheophyta,Magnoliopsida,Ranunculales,Ranunculaceae,Anemonastrum
9204,Anemone berlandieri,Plants,Plantae,Tracheophyta,Magnoliopsida,Ranunculales,Ranunculaceae,Anemone
9205,Anemone coronaria,Plants,Plantae,Tracheophyta,Magnoliopsida,Ranunculales,Ranunculaceae,Anemone
9206,Anemone cylindrica,Plants,Plantae,Tracheophyta,Magnoliopsida,Ranunculales,Ranunculaceae,Anemone
9207,Anemone hortensis,Plants,Plantae,Tracheophyta,Magnoliopsida,Ranunculales,Ranunculaceae,Anemone
9208,Anemone multifida,Plants,Plantae,Tracheophyta,Magnoliopsida,Ranunculales,Ranunculaceae,Anemone
9209,Anemone virginiana,Plants,Plantae,Tracheophyta,Magnoliopsida,Ranunculales,Ranunculaceae,Anemone
9210,Anemonoides altaica,Plants,Plantae,Tracheophyta,Magnoliopsida,Ranunculales,Ranunculaceae,Anemonoides
9211,Anemonoides nemorosa,Plants,Plantae,Tracheophyta,Magnoliopsida,Ranunculales,Ranunculaceae,Anemonoides
9212,Anemonoides quinquefolia,Plants,Plantae,Tracheophyta,Magnoliopsida,Ranunculales,Ranunculaceae,Anemonoides
9213,Anemonoides ranunculoides,Plants,Plantae,Tracheophyta,Magnoliopsida,Ranunculales,Ranunculaceae,Anemonoides
9214,Anemonoides sylvestris,Plants,Plantae,Tracheophyta,Magnoliopsida,Ranunculales,Ranunculaceae,Anemonoides
9215,Aquilegia atrata,Plants,Plantae,Tracheophyta,Magnoliopsida,Ranunculales,Ranunculaceae,Aquilegia
9216,Aquilegia canadensis,Plants,Plantae,Tracheophyta,Magnoliopsida,Ranunculales,Ranunculaceae,Aquilegia
9217,Aquilegia chrysantha,Plants,Plantae,Tracheophyta,Magnoliopsida,Ranunculales,Ranunculaceae,Aquilegia
9218,Aquilegia coerulea,Plants,Plantae,Tracheophyta,Magnoliopsida,Ranunculales,Ranunculaceae,Aquilegia
9219,Aquilegia flavescens,Plants,Plantae,Tracheophyta,Magnoliopsida,Ranunculales,Ranunculaceae,Aquilegia
9220,Aquilegia formosa,Plants,Plantae,Tracheophyta,Magnoliopsida,Ranunculales,Ranunculaceae,Aquilegia
9221,Aquilegia vulgaris,Plants,Plantae,Tracheophyta,Magnoliopsida,Ranunculales,Ranunculaceae,Aquilegia
9222,Caltha leptosepala,Plants,Plantae,Tracheophyta,Magnoliopsida,Ranunculales,Ranunculaceae,Caltha
9223,Caltha palustris,Plants,Plantae,Tracheophyta,Magnoliopsida,Ranunculales,Ranunculaceae,Caltha
9224,Ceratocephala testiculata,Plants,Plantae,Tracheophyta,Magnoliopsida,Ranunculales,Ranunculaceae,Ceratocephala
9225,Clematis alpina,Plants,Plantae,Tracheophyta,Magnoliopsida,Ranunculales,Ranunculaceae,Clematis
9226,Clematis crispa,Plants,Plantae,Tracheophyta,Magnoliopsida,Ranunculales,Ranunculaceae,Clematis
9227,Clematis drummondii,Plants,Plantae,Tracheophyta,Magnoliopsida,Ranunculales,Ranunculaceae,Clematis
9228,Clematis lasiantha,Plants,Plantae,Tracheophyta,Magnoliopsida,Ranunculales,Ranunculaceae,Clematis
9229,Clematis ligusticifolia,Plants,Plantae,Tracheophyta,Magnoliopsida,Ranunculales,Ranunculaceae,Clematis
9230,Clematis occidentalis,Plants,Plantae,Tracheophyta,Magnoliopsida,Ranunculales,Ranunculaceae,Clematis
9231,Clematis paniculata,Plants,Plantae,Tracheophyta,Magnoliopsida,Ranunculales,Ranunculaceae,Clematis
9232,Clematis pitcheri,Plants,Plantae,Tracheophyta,Magnoliopsida,Ranunculales,Ranunculaceae,Clematis
9233,Clematis terniflora,Plants,Plantae,Tracheophyta,Magnoliopsida,Ranunculales,Ranunculaceae,Clematis
9234,Clematis texensis,Plants,Plantae,Tracheophyta,Magnoliopsida,Ranunculales,Ranunculaceae,Clematis
9235,Clematis virginiana,Plants,Plantae,Tracheophyta,Magnoliopsida,Ranunculales,Ranunculaceae,Clematis
9236,Clematis vitalba,Plants,Plantae,Tracheophyta,Magnoliopsida,Ranunculales,Ranunculaceae,Clematis
9237,Consolida regalis,Plants,Plantae,Tracheophyta,Magnoliopsida,Ranunculales,Ranunculaceae,Consolida
9238,Coptis trifolia,Plants,Plantae,Tracheophyta,Magnoliopsida,Ranunculales,Ranunculaceae,Coptis
9239,Delphinium cardinale,Plants,Plantae,Tracheophyta,Magnoliopsida,Ranunculales,Ranunculaceae,Delphinium
9240,Delphinium carolinianum,Plants,Plantae,Tracheophyta,Magnoliopsida,Ranunculales,Ranunculaceae,Delphinium
9241,Delphinium glaucum,Plants,Plantae,Tracheophyta,Magnoliopsida,Ranunculales,Ranunculaceae,Delphinium
9242,Delphinium nudicaule,Plants,Plantae,Tracheophyta,Magnoliopsida,Ranunculales,Ranunculaceae,Delphinium
9243,Delphinium nuttallianum,Plants,Plantae,Tracheophyta,Magnoliopsida,Ranunculales,Ranunculaceae,Delphinium
9244,Delphinium parishii,Plants,Plantae,Tracheophyta,Magnoliopsida,Ranunculales,Ranunculaceae,Delphinium
9245,Delphinium tricorne,Plants,Plantae,Tracheophyta,Magnoliopsida,Ranunculales,Ranunculaceae,Delphinium
9246,Enemion biternatum,Plants,Plantae,Tracheophyta,Magnoliopsida,Ranunculales,Ranunculaceae,Enemion
9247,Eranthis hyemalis,Plants,Plantae,Tracheophyta,Magnoliopsida,Ranunculales,Ranunculaceae,Eranthis
9248,Ficaria verna,Plants,Plantae,Tracheophyta,Magnoliopsida,Ranunculales,Ranunculaceae,Ficaria
9249,Helleborus foetidus,Plants,Plantae,Tracheophyta,Magnoliopsida,Ranunculales,Ranunculaceae,Helleborus
9250,Hepatica acutiloba,Plants,Plantae,Tracheophyta,Magnoliopsida,Ranunculales,Ranunculaceae,Hepatica
9251,Hepatica americana,Plants,Plantae,Tracheophyta,Magnoliopsida,Ranunculales,Ranunculaceae,Hepatica
9252,Hepatica nobilis,Plants,Plantae,Tracheophyta,Magnoliopsida,Ranunculales,Ranunculaceae,Hepatica
9253,Hydrastis canadensis,Plants,Plantae,Tracheophyta,Magnoliopsida,Ranunculales,Ranunculaceae,Hydrastis
9254,Nigella damascena,Plants,Plantae,Tracheophyta,Magnoliopsida,Ranunculales,Ranunculaceae,Nigella
9255,Pulsatilla alpina,Plants,Plantae,Tracheophyta,Magnoliopsida,Ranunculales,Ranunculaceae,Pulsatilla
9256,Pulsatilla nuttalliana,Plants,Plantae,Tracheophyta,Magnoliopsida,Ranunculales,Ranunculaceae,Pulsatilla
9257,Pulsatilla occidentalis,Plants,Plantae,Tracheophyta,Magnoliopsida,Ranunculales,Ranunculaceae,Pulsatilla
9258,Pulsatilla patens,Plants,Plantae,Tracheophyta,Magnoliopsida,Ranunculales,Ranunculaceae,Pulsatilla
9259,Ranunculus abortivus,Plants,Plantae,Tracheophyta,Magnoliopsida,Ranunculales,Ranunculaceae,Ranunculus
9260,Ranunculus acris,Plants,Plantae,Tracheophyta,Magnoliopsida,Ranunculales,Ranunculaceae,Ranunculus
9261,Ranunculus aquatilis,Plants,Plantae,Tracheophyta,Magnoliopsida,Ranunculales,Ranunculaceae,Ranunculus
9262,Ranunculus auricomus,Plants,Plantae,Tracheophyta,Magnoliopsida,Ranunculales,Ranunculaceae,Ranunculus
9263,Ranunculus bulbosus,Plants,Plantae,Tracheophyta,Magnoliopsida,Ranunculales,Ranunculaceae,Ranunculus
9264,Ranunculus californicus,Plants,Plantae,Tracheophyta,Magnoliopsida,Ranunculales,Ranunculaceae,Ranunculus
9265,Ranunculus cassubicus,Plants,Plantae,Tracheophyta,Magnoliopsida,Ranunculales,Ranunculaceae,Ranunculus
9266,Ranunculus fascicularis,Plants,Plantae,Tracheophyta,Magnoliopsida,Ranunculales,Ranunculaceae,Ranunculus
9267,Ranunculus flammula,Plants,Plantae,Tracheophyta,Magnoliopsida,Ranunculales,Ranunculaceae,Ranunculus
9268,Ranunculus glaberrimus,Plants,Plantae,Tracheophyta,Magnoliopsida,Ranunculales,Ranunculaceae,Ranunculus
9269,Ranunculus hispidus,Plants,Plantae,Tracheophyta,Magnoliopsida,Ranunculales,Ranunculaceae,Ranunculus
9270,Ranunculus muricatus,Plants,Plantae,Tracheophyta,Magnoliopsida,Ranunculales,Ranunculaceae,Ranunculus
9271,Ranunculus occidentalis,Plants,Plantae,Tracheophyta,Magnoliopsida,Ranunculales,Ranunculaceae,Ranunculus
9272,Ranunculus polyanthemos,Plants,Plantae,Tracheophyta,Magnoliopsida,Ranunculales,Ranunculaceae,Ranunculus
9273,Ranunculus recurvatus,Plants,Plantae,Tracheophyta,Magnoliopsida,Ranunculales,Ranunculaceae,Ranunculus
9274,Ranunculus repens,Plants,Plantae,Tracheophyta,Magnoliopsida,Ranunculales,Ranunculaceae,Ranunculus
9275,Ranunculus sceleratus,Plants,Plantae,Tracheophyta,Magnoliopsida,Ranunculales,Ranunculaceae,Ranunculus
9276,Thalictrum aquilegiifolium,Plants,Plantae,Tracheophyta,Magnoliopsida,Ranunculales,Ranunculaceae,Thalictrum
9277,Thalictrum dasycarpum,Plants,Plantae,Tracheophyta,Magnoliopsida,Ranunculales,Ranunculaceae,Thalictrum
9278,Thalictrum dioicum,Plants,Plantae,Tracheophyta,Magnoliopsida,Ranunculales,Ranunculaceae,Thalictrum
9279,Thalictrum fendleri,Plants,Plantae,Tracheophyta,Magnoliopsida,Ranunculales,Ranunculaceae,Thalictrum
9280,Thalictrum lucidum,Plants,Plantae,Tracheophyta,Magnoliopsida,Ranunculales,Ranunculaceae,Thalictrum
9281,Thalictrum minus,Plants,Plantae,Tracheophyta,Magnoliopsida,Ranunculales,Ranunculaceae,Thalictrum
9282,Thalictrum pubescens,Plants,Plantae,Tracheophyta,Magnoliopsida,Ranunculales,Ranunculaceae,Thalictrum
9283,Thalictrum thalictroides,Plants,Plantae,Tracheophyta,Magnoliopsida,Ranunculales,Ranunculaceae,Thalictrum
9284,Trollius asiaticus,Plants,Plantae,Tracheophyta,Magnoliopsida,Ranunculales,Ranunculaceae,Trollius
9285,Trollius europaeus,Plants,Plantae,Tracheophyta,Magnoliopsida,Ranunculales,Ranunculaceae,Trollius
9286,Trollius laxus,Plants,Plantae,Tracheophyta,Magnoliopsida,Ranunculales,Ranunculaceae,Trollius
9287,Xanthorhiza simplicissima,Plants,Plantae,Tracheophyta,Magnoliopsida,Ranunculales,Ranunculaceae,Xanthorhiza
9288,Cannabis sativa,Plants,Plantae,Tracheophyta,Magnoliopsida,Rosales,Cannabaceae,Cannabis
9289,Celtis laevigata,Plants,Plantae,Tracheophyta,Magnoliopsida,Rosales,Cannabaceae,Celtis
9290,Celtis occidentalis,Plants,Plantae,Tracheophyta,Magnoliopsida,Rosales,Cannabaceae,Celtis
9291,Celtis pallida,Plants,Plantae,Tracheophyta,Magnoliopsida,Rosales,Cannabaceae,Celtis
9292,Celtis reticulata,Plants,Plantae,Tracheophyta,Magnoliopsida,Rosales,Cannabaceae,Celtis
9293,Humulus japonicus,Plants,Plantae,Tracheophyta,Magnoliopsida,Rosales,Cannabaceae,Humulus
9294,Humulus lupulus,Plants,Plantae,Tracheophyta,Magnoliopsida,Rosales,Cannabaceae,Humulus
9295,Trema orientalis,Plants,Plantae,Tracheophyta,Magnoliopsida,Rosales,Cannabaceae,Trema
9296,Elaeagnus angustifolia,Plants,Plantae,Tracheophyta,Magnoliopsida,Rosales,Elaeagnaceae,Elaeagnus
9297,Elaeagnus commutata,Plants,Plantae,Tracheophyta,Magnoliopsida,Rosales,Elaeagnaceae,Elaeagnus
9298,Elaeagnus pungens,Plants,Plantae,Tracheophyta,Magnoliopsida,Rosales,Elaeagnaceae,Elaeagnus
9299,Elaeagnus umbellata,Plants,Plantae,Tracheophyta,Magnoliopsida,Rosales,Elaeagnaceae,Elaeagnus
9300,Hippophae rhamnoides,Plants,Plantae,Tracheophyta,Magnoliopsida,Rosales,Elaeagnaceae,Hippophae
9301,Shepherdia canadensis,Plants,Plantae,Tracheophyta,Magnoliopsida,Rosales,Elaeagnaceae,Shepherdia
9302,Artocarpus altilis,Plants,Plantae,Tracheophyta,Magnoliopsida,Rosales,Moraceae,Artocarpus
9303,Artocarpus heterophyllus,Plants,Plantae,Tracheophyta,Magnoliopsida,Rosales,Moraceae,Artocarpus
9304,Broussonetia papyrifera,Plants,Plantae,Tracheophyta,Magnoliopsida,Rosales,Moraceae,Broussonetia
9305,Fatoua villosa,Plants,Plantae,Tracheophyta,Magnoliopsida,Rosales,Moraceae,Fatoua
9306,Ficus aurea,Plants,Plantae,Tracheophyta,Magnoliopsida,Rosales,Moraceae,Ficus
9307,Ficus carica,Plants,Plantae,Tracheophyta,Magnoliopsida,Rosales,Moraceae,Ficus
9308,Ficus microcarpa,Plants,Plantae,Tracheophyta,Magnoliopsida,Rosales,Moraceae,Ficus
9309,Ficus petiolaris,Plants,Plantae,Tracheophyta,Magnoliopsida,Rosales,Moraceae,Ficus
9310,Ficus pumila,Plants,Plantae,Tracheophyta,Magnoliopsida,Rosales,Moraceae,Ficus
9311,Ficus religiosa,Plants,Plantae,Tracheophyta,Magnoliopsida,Rosales,Moraceae,Ficus
9312,Maclura pomifera,Plants,Plantae,Tracheophyta,Magnoliopsida,Rosales,Moraceae,Maclura
9313,Morus alba,Plants,Plantae,Tracheophyta,Magnoliopsida,Rosales,Moraceae,Morus
9314,Morus indica,Plants,Plantae,Tracheophyta,Magnoliopsida,Rosales,Moraceae,Morus
9315,Morus rubra,Plants,Plantae,Tracheophyta,Magnoliopsida,Rosales,Moraceae,Morus
9316,Streblus heterophyllus,Plants,Plantae,Tracheophyta,Magnoliopsida,Rosales,Moraceae,Streblus
9317,Berchemia scandens,Plants,Plantae,Tracheophyta,Magnoliopsida,Rosales,Rhamnaceae,Berchemia
9318,Ceanothus americanus,Plants,Plantae,Tracheophyta,Magnoliopsida,Rosales,Rhamnaceae,Ceanothus
9319,Ceanothus cordulatus,Plants,Plantae,Tracheophyta,Magnoliopsida,Rosales,Rhamnaceae,Ceanothus
9320,Ceanothus crassifolius,Plants,Plantae,Tracheophyta,Magnoliopsida,Rosales,Rhamnaceae,Ceanothus
9321,Ceanothus cuneatus,Plants,Plantae,Tracheophyta,Magnoliopsida,Rosales,Rhamnaceae,Ceanothus
9322,Ceanothus fendleri,Plants,Plantae,Tracheophyta,Magnoliopsida,Rosales,Rhamnaceae,Ceanothus
9323,Ceanothus herbaceus,Plants,Plantae,Tracheophyta,Magnoliopsida,Rosales,Rhamnaceae,Ceanothus
9324,Ceanothus integerrimus,Plants,Plantae,Tracheophyta,Magnoliopsida,Rosales,Rhamnaceae,Ceanothus
9325,Ceanothus leucodermis,Plants,Plantae,Tracheophyta,Magnoliopsida,Rosales,Rhamnaceae,Ceanothus
9326,Ceanothus megacarpus,Plants,Plantae,Tracheophyta,Magnoliopsida,Rosales,Rhamnaceae,Ceanothus
9327,Ceanothus oliganthus,Plants,Plantae,Tracheophyta,Magnoliopsida,Rosales,Rhamnaceae,Ceanothus
9328,Ceanothus perplexans,Plants,Plantae,Tracheophyta,Magnoliopsida,Rosales,Rhamnaceae,Ceanothus
9329,Ceanothus prostratus,Plants,Plantae,Tracheophyta,Magnoliopsida,Rosales,Rhamnaceae,Ceanothus
9330,Ceanothus spinosus,Plants,Plantae,Tracheophyta,Magnoliopsida,Rosales,Rhamnaceae,Ceanothus
9331,Ceanothus thyrsiflorus,Plants,Plantae,Tracheophyta,Magnoliopsida,Rosales,Rhamnaceae,Ceanothus
9332,Ceanothus velutinus,Plants,Plantae,Tracheophyta,Magnoliopsida,Rosales,Rhamnaceae,Ceanothus
9333,Ceanothus verrucosus,Plants,Plantae,Tracheophyta,Magnoliopsida,Rosales,Rhamnaceae,Ceanothus
9334,Colubrina texensis,Plants,Plantae,Tracheophyta,Magnoliopsida,Rosales,Rhamnaceae,Colubrina
9335,Condalia hookeri,Plants,Plantae,Tracheophyta,Magnoliopsida,Rosales,Rhamnaceae,Condalia
9336,Discaria toumatou,Plants,Plantae,Tracheophyta,Magnoliopsida,Rosales,Rhamnaceae,Discaria
9337,Frangula alnus,Plants,Plantae,Tracheophyta,Magnoliopsida,Rosales,Rhamnaceae,Frangula
9338,Frangula californica,Plants,Plantae,Tracheophyta,Magnoliopsida,Rosales,Rhamnaceae,Frangula
9339,Frangula caroliniana,Plants,Plantae,Tracheophyta,Magnoliopsida,Rosales,Rhamnaceae,Frangula
9340,Frangula purshiana,Plants,Plantae,Tracheophyta,Magnoliopsida,Rosales,Rhamnaceae,Frangula
9341,Paliurus spina-christi,Plants,Plantae,Tracheophyta,Magnoliopsida,Rosales,Rhamnaceae,Paliurus
9342,Rhamnus alaternus,Plants,Plantae,Tracheophyta,Magnoliopsida,Rosales,Rhamnaceae,Rhamnus
9343,Rhamnus alnifolia,Plants,Plantae,Tracheophyta,Magnoliopsida,Rosales,Rhamnaceae,Rhamnus
9344,Rhamnus cathartica,Plants,Plantae,Tracheophyta,Magnoliopsida,Rosales,Rhamnaceae,Rhamnus
9345,Rhamnus crocea,Plants,Plantae,Tracheophyta,Magnoliopsida,Rosales,Rhamnaceae,Rhamnus
9346,Rhamnus humboldtiana,Plants,Plantae,Tracheophyta,Magnoliopsida,Rosales,Rhamnaceae,Rhamnus
9347,Rhamnus ilicifolia,Plants,Plantae,Tracheophyta,Magnoliopsida,Rosales,Rhamnaceae,Rhamnus
9348,Trichocephalus stipularis,Plants,Plantae,Tracheophyta,Magnoliopsida,Rosales,Rhamnaceae,Trichocephalus
9349,Ziziphus obtusifolia,Plants,Plantae,Tracheophyta,Magnoliopsida,Rosales,Rhamnaceae,Ziziphus
9350,Acaena anserinifolia,Plants,Plantae,Tracheophyta,Magnoliopsida,Rosales,Rosaceae,Acaena
9351,Acaena novae-zelandiae,Plants,Plantae,Tracheophyta,Magnoliopsida,Rosales,Rosaceae,Acaena
9352,Adenostoma fasciculatum,Plants,Plantae,Tracheophyta,Magnoliopsida,Rosales,Rosaceae,Adenostoma
9353,Adenostoma sparsifolium,Plants,Plantae,Tracheophyta,Magnoliopsida,Rosales,Rosaceae,Adenostoma
9354,Agrimonia eupatoria,Plants,Plantae,Tracheophyta,Magnoliopsida,Rosales,Rosaceae,Agrimonia
9355,Agrimonia gryposepala,Plants,Plantae,Tracheophyta,Magnoliopsida,Rosales,Rosaceae,Agrimonia
9356,Agrimonia parviflora,Plants,Plantae,Tracheophyta,Magnoliopsida,Rosales,Rosaceae,Agrimonia
9357,Agrimonia pilosa,Plants,Plantae,Tracheophyta,Magnoliopsida,Rosales,Rosaceae,Agrimonia
9358,Amelanchier alnifolia,Plants,Plantae,Tracheophyta,Magnoliopsida,Rosales,Rosaceae,Amelanchier
9359,Amelanchier arborea,Plants,Plantae,Tracheophyta,Magnoliopsida,Rosales,Rosaceae,Amelanchier
9360,Amelanchier spicata,Plants,Plantae,Tracheophyta,Magnoliopsida,Rosales,Rosaceae,Amelanchier
9361,Amelanchier utahensis,Plants,Plantae,Tracheophyta,Magnoliopsida,Rosales,Rosaceae,Amelanchier
9362,Argentina anserina,Plants,Plantae,Tracheophyta,Magnoliopsida,Rosales,Rosaceae,Argentina
9363,Aronia melanocarpa,Plants,Plantae,Tracheophyta,Magnoliopsida,Rosales,Rosaceae,Aronia
9364,Aruncus dioicus,Plants,Plantae,Tracheophyta,Magnoliopsida,Rosales,Rosaceae,Aruncus
9365,Cercocarpus betuloides,Plants,Plantae,Tracheophyta,Magnoliopsida,Rosales,Rosaceae,Cercocarpus
9366,Cercocarpus ledifolius,Plants,Plantae,Tracheophyta,Magnoliopsida,Rosales,Rosaceae,Cercocarpus
9367,Cercocarpus montanus,Plants,Plantae,Tracheophyta,Magnoliopsida,Rosales,Rosaceae,Cercocarpus
9368,Chamaebatia foliolosa,Plants,Plantae,Tracheophyta,Magnoliopsida,Rosales,Rosaceae,Chamaebatia
9369,Chamaebatiaria millefolium,Plants,Plantae,Tracheophyta,Magnoliopsida,Rosales,Rosaceae,Chamaebatiaria
9370,Coleogyne ramosissima,Plants,Plantae,Tracheophyta,Magnoliopsida,Rosales,Rosaceae,Coleogyne
9371,Comarum palustre,Plants,Plantae,Tracheophyta,Magnoliopsida,Rosales,Rosaceae,Comarum
9372,Crataegus marshallii,Plants,Plantae,Tracheophyta,Magnoliopsida,Rosales,Rosaceae,Crataegus
9373,Crataegus monogyna,Plants,Plantae,Tracheophyta,Magnoliopsida,Rosales,Rosaceae,Crataegus
9374,Dasiphora fruticosa,Plants,Plantae,Tracheophyta,Magnoliopsida,Rosales,Rosaceae,Dasiphora
9375,Dryas drummondii,Plants,Plantae,Tracheophyta,Magnoliopsida,Rosales,Rosaceae,Dryas
9376,Dryas octopetala,Plants,Plantae,Tracheophyta,Magnoliopsida,Rosales,Rosaceae,Dryas
9377,Drymocallis arguta,Plants,Plantae,Tracheophyta,Magnoliopsida,Rosales,Rosaceae,Drymocallis
9378,Drymocallis glandulosa,Plants,Plantae,Tracheophyta,Magnoliopsida,Rosales,Rosaceae,Drymocallis
9379,Eriobotrya japonica,Plants,Plantae,Tracheophyta,Magnoliopsida,Rosales,Rosaceae,Eriobotrya
9380,Fallugia paradoxa,Plants,Plantae,Tracheophyta,Magnoliopsida,Rosales,Rosaceae,Fallugia
9381,Filipendula rubra,Plants,Plantae,Tracheophyta,Magnoliopsida,Rosales,Rosaceae,Filipendula
9382,Filipendula ulmaria,Plants,Plantae,Tracheophyta,Magnoliopsida,Rosales,Rosaceae,Filipendula
9383,Filipendula vulgaris,Plants,Plantae,Tracheophyta,Magnoliopsida,Rosales,Rosaceae,Filipendula
9384,Fragaria chiloensis,Plants,Plantae,Tracheophyta,Magnoliopsida,Rosales,Rosaceae,Fragaria
9385,Fragaria vesca,Plants,Plantae,Tracheophyta,Magnoliopsida,Rosales,Rosaceae,Fragaria
9386,Fragaria virginiana,Plants,Plantae,Tracheophyta,Magnoliopsida,Rosales,Rosaceae,Fragaria
9387,Fragaria viridis,Plants,Plantae,Tracheophyta,Magnoliopsida,Rosales,Rosaceae,Fragaria
9388,Geum aleppicum,Plants,Plantae,Tracheophyta,Magnoliopsida,Rosales,Rosaceae,Geum
9389,Geum canadense,Plants,Plantae,Tracheophyta,Magnoliopsida,Rosales,Rosaceae,Geum
9390,Geum macrophyllum,Plants,Plantae,Tracheophyta,Magnoliopsida,Rosales,Rosaceae,Geum
9391,Geum rivale,Plants,Plantae,Tracheophyta,Magnoliopsida,Rosales,Rosaceae,Geum
9392,Geum rossii,Plants,Plantae,Tracheophyta,Magnoliopsida,Rosales,Rosaceae,Geum
9393,Geum triflorum,Plants,Plantae,Tracheophyta,Magnoliopsida,Rosales,Rosaceae,Geum
9394,Geum urbanum,Plants,Plantae,Tracheophyta,Magnoliopsida,Rosales,Rosaceae,Geum
9395,Heteromeles arbutifolia,Plants,Plantae,Tracheophyta,Magnoliopsida,Rosales,Rosaceae,Heteromeles
9396,Holodiscus discolor,Plants,Plantae,Tracheophyta,Magnoliopsida,Rosales,Rosaceae,Holodiscus
9397,Kerria japonica,Plants,Plantae,Tracheophyta,Magnoliopsida,Rosales,Rosaceae,Kerria
9398,Luetkea pectinata,Plants,Plantae,Tracheophyta,Magnoliopsida,Rosales,Rosaceae,Luetkea
9399,Malus ×domestica,Plants,Plantae,Tracheophyta,Magnoliopsida,Rosales,Rosaceae,Malus
9400,Malus fusca,Plants,Plantae,Tracheophyta,Magnoliopsida,Rosales,Rosaceae,Malus
9401,Malus pumila,Plants,Plantae,Tracheophyta,Magnoliopsida,Rosales,Rosaceae,Malus
9402,Oemleria cerasiformis,Plants,Plantae,Tracheophyta,Magnoliopsida,Rosales,Rosaceae,Oemleria
9403,Petrophytum caespitosum,Plants,Plantae,Tracheophyta,Magnoliopsida,Rosales,Rosaceae,Petrophytum
9404,Photinia serratifolia,Plants,Plantae,Tracheophyta,Magnoliopsida,Rosales,Rosaceae,Photinia
9405,Physocarpus capitatus,Plants,Plantae,Tracheophyta,Magnoliopsida,Rosales,Rosaceae,Physocarpus
9406,Physocarpus opulifolius,Plants,Plantae,Tracheophyta,Magnoliopsida,Rosales,Rosaceae,Physocarpus
9407,Potentilla argentea,Plants,Plantae,Tracheophyta,Magnoliopsida,Rosales,Rosaceae,Potentilla
9408,Potentilla canadensis,Plants,Plantae,Tracheophyta,Magnoliopsida,Rosales,Rosaceae,Potentilla
9409,Potentilla erecta,Plants,Plantae,Tracheophyta,Magnoliopsida,Rosales,Rosaceae,Potentilla
9410,Potentilla gracilis,Plants,Plantae,Tracheophyta,Magnoliopsida,Rosales,Rosaceae,Potentilla
9411,Potentilla indica,Plants,Plantae,Tracheophyta,Magnoliopsida,Rosales,Rosaceae,Potentilla
9412,Potentilla norvegica,Plants,Plantae,Tracheophyta,Magnoliopsida,Rosales,Rosaceae,Potentilla
9413,Potentilla recta,Plants,Plantae,Tracheophyta,Magnoliopsida,Rosales,Rosaceae,Potentilla
9414,Potentilla reptans,Plants,Plantae,Tracheophyta,Magnoliopsida,Rosales,Rosaceae,Potentilla
9415,Potentilla simplex,Plants,Plantae,Tracheophyta,Magnoliopsida,Rosales,Rosaceae,Potentilla
9416,Prunus americana,Plants,Plantae,Tracheophyta,Magnoliopsida,Rosales,Rosaceae,Prunus
9417,Prunus angustifolia,Plants,Plantae,Tracheophyta,Magnoliopsida,Rosales,Rosaceae,Prunus
9418,Prunus avium,Plants,Plantae,Tracheophyta,Magnoliopsida,Rosales,Rosaceae,Prunus
9419,Prunus caroliniana,Plants,Plantae,Tracheophyta,Magnoliopsida,Rosales,Rosaceae,Prunus
9420,Prunus cerasifera,Plants,Plantae,Tracheophyta,Magnoliopsida,Rosales,Rosaceae,Prunus
9421,Prunus dulcis,Plants,Plantae,Tracheophyta,Magnoliopsida,Rosales,Rosaceae,Prunus
9422,Prunus emarginata,Plants,Plantae,Tracheophyta,Magnoliopsida,Rosales,Rosaceae,Prunus
9423,Prunus fasciculata,Plants,Plantae,Tracheophyta,Magnoliopsida,Rosales,Rosaceae,Prunus
9424,Prunus fremontii,Plants,Plantae,Tracheophyta,Magnoliopsida,Rosales,Rosaceae,Prunus
9425,Prunus ilicifolia,Plants,Plantae,Tracheophyta,Magnoliopsida,Rosales,Rosaceae,Prunus
9426,Prunus laurocerasus,Plants,Plantae,Tracheophyta,Magnoliopsida,Rosales,Rosaceae,Prunus
9427,Prunus mexicana,Plants,Plantae,Tracheophyta,Magnoliopsida,Rosales,Rosaceae,Prunus
9428,Prunus padus,Plants,Plantae,Tracheophyta,Magnoliopsida,Rosales,Rosaceae,Prunus
9429,Prunus pensylvanica,Plants,Plantae,Tracheophyta,Magnoliopsida,Rosales,Rosaceae,Prunus
9430,Prunus persica,Plants,Plantae,Tracheophyta,Magnoliopsida,Rosales,Rosaceae,Prunus
9431,Prunus pumila,Plants,Plantae,Tracheophyta,Magnoliopsida,Rosales,Rosaceae,Prunus
9432,Prunus serotina,Plants,Plantae,Tracheophyta,Magnoliopsida,Rosales,Rosaceae,Prunus
9433,Prunus spinosa,Plants,Plantae,Tracheophyta,Magnoliopsida,Rosales,Rosaceae,Prunus
9434,Prunus virginiana,Plants,Plantae,Tracheophyta,Magnoliopsida,Rosales,Rosaceae,Prunus
9435,Purshia stansburyana,Plants,Plantae,Tracheophyta,Magnoliopsida,Rosales,Rosaceae,Purshia
9436,Purshia tridentata,Plants,Plantae,Tracheophyta,Magnoliopsida,Rosales,Rosaceae,Purshia
9437,Pyracantha coccinea,Plants,Plantae,Tracheophyta,Magnoliopsida,Rosales,Rosaceae,Pyracantha
9438,Pyrus calleryana,Plants,Plantae,Tracheophyta,Magnoliopsida,Rosales,Rosaceae,Pyrus
9439,Pyrus communis,Plants,Plantae,Tracheophyta,Magnoliopsida,Rosales,Rosaceae,Pyrus
9440,Rhaphiolepis indica,Plants,Plantae,Tracheophyta,Magnoliopsida,Rosales,Rosaceae,Rhaphiolepis
9441,Rhodotypos scandens,Plants,Plantae,Tracheophyta,Magnoliopsida,Rosales,Rosaceae,Rhodotypos
9442,Rosa acicularis,Plants,Plantae,Tracheophyta,Magnoliopsida,Rosales,Rosaceae,Rosa
9443,Rosa arkansana,Plants,Plantae,Tracheophyta,Magnoliopsida,Rosales,Rosaceae,Rosa
9444,Rosa bracteata,Plants,Plantae,Tracheophyta,Magnoliopsida,Rosales,Rosaceae,Rosa
9445,Rosa californica,Plants,Plantae,Tracheophyta,Magnoliopsida,Rosales,Rosaceae,Rosa
9446,Rosa canina,Plants,Plantae,Tracheophyta,Magnoliopsida,Rosales,Rosaceae,Rosa
9447,Rosa carolina,Plants,Plantae,Tracheophyta,Magnoliopsida,Rosales,Rosaceae,Rosa
9448,Rosa gymnocarpa,Plants,Plantae,Tracheophyta,Magnoliopsida,Rosales,Rosaceae,Rosa
9449,Rosa majalis,Plants,Plantae,Tracheophyta,Magnoliopsida,Rosales,Rosaceae,Rosa
9450,Rosa multiflora,Plants,Plantae,Tracheophyta,Magnoliopsida,Rosales,Rosaceae,Rosa
9451,Rosa nutkana,Plants,Plantae,Tracheophyta,Magnoliopsida,Rosales,Rosaceae,Rosa
9452,Rosa palustris,Plants,Plantae,Tracheophyta,Magnoliopsida,Rosales,Rosaceae,Rosa
9453,Rosa rubiginosa,Plants,Plantae,Tracheophyta,Magnoliopsida,Rosales,Rosaceae,Rosa
9454,Rosa rugosa,Plants,Plantae,Tracheophyta,Magnoliopsida,Rosales,Rosaceae,Rosa
9455,Rosa spinosissima,Plants,Plantae,Tracheophyta,Magnoliopsida,Rosales,Rosaceae,Rosa
9456,Rosa woodsii,Plants,Plantae,Tracheophyta,Magnoliopsida,Rosales,Rosaceae,Rosa
9457,Rubus allegheniensis,Plants,Plantae,Tracheophyta,Magnoliopsida,Rosales,Rosaceae,Rubus
9458,Rubus arcticus,Plants,Plantae,Tracheophyta,Magnoliopsida,Rosales,Rosaceae,Rubus
9459,Rubus armeniacus,Plants,Plantae,Tracheophyta,Magnoliopsida,Rosales,Rosaceae,Rubus
9460,Rubus bifrons,Plants,Plantae,Tracheophyta,Magnoliopsida,Rosales,Rosaceae,Rubus
9461,Rubus caesius,Plants,Plantae,Tracheophyta,Magnoliopsida,Rosales,Rosaceae,Rubus
9462,Rubus chamaemorus,Plants,Plantae,Tracheophyta,Magnoliopsida,Rosales,Rosaceae,Rubus
9463,Rubus cissoides,Plants,Plantae,Tracheophyta,Magnoliopsida,Rosales,Rosaceae,Rubus
9464,Rubus dalibarda,Plants,Plantae,Tracheophyta,Magnoliopsida,Rosales,Rosaceae,Rubus
9465,Rubus flagellaris,Plants,Plantae,Tracheophyta,Magnoliopsida,Rosales,Rosaceae,Rubus
9466,Rubus hispidus,Plants,Plantae,Tracheophyta,Magnoliopsida,Rosales,Rosaceae,Rubus
9467,Rubus idaeus,Plants,Plantae,Tracheophyta,Magnoliopsida,Rosales,Rosaceae,Rubus
9468,Rubus laciniatus,Plants,Plantae,Tracheophyta,Magnoliopsida,Rosales,Rosaceae,Rubus
9469,Rubus leucodermis,Plants,Plantae,Tracheophyta,Magnoliopsida,Rosales,Rosaceae,Rubus
9470,Rubus occidentalis,Plants,Plantae,Tracheophyta,Magnoliopsida,Rosales,Rosaceae,Rubus
9471,Rubus odoratus,Plants,Plantae,Tracheophyta,Magnoliopsida,Rosales,Rosaceae,Rubus
9472,Rubus parviflorus,Plants,Plantae,Tracheophyta,Magnoliopsida,Rosales,Rosaceae,Rubus
9473,Rubus pedatus,Plants,Plantae,Tracheophyta,Magnoliopsida,Rosales,Rosaceae,Rubus
9474,Rubus phoenicolasius,Plants,Plantae,Tracheophyta,Magnoliopsida,Rosales,Rosaceae,Rubus
9475,Rubus pubescens,Plants,Plantae,Tracheophyta,Magnoliopsida,Rosales,Rosaceae,Rubus
9476,Rubus saxatilis,Plants,Plantae,Tracheophyta,Magnoliopsida,Rosales,Rosaceae,Rubus
9477,Rubus schmidelioides,Plants,Plantae,Tracheophyta,Magnoliopsida,Rosales,Rosaceae,Rubus
9478,Rubus spectabilis,Plants,Plantae,Tracheophyta,Magnoliopsida,Rosales,Rosaceae,Rubus
9479,Rubus trivialis,Plants,Plantae,Tracheophyta,Magnoliopsida,Rosales,Rosaceae,Rubus
9480,Rubus ulmifolius,Plants,Plantae,Tracheophyta,Magnoliopsida,Rosales,Rosaceae,Rubus
9481,Rubus ursinus,Plants,Plantae,Tracheophyta,Magnoliopsida,Rosales,Rosaceae,Rubus
9482,Sanguisorba canadensis,Plants,Plantae,Tracheophyta,Magnoliopsida,Rosales,Rosaceae,Sanguisorba
9483,Sanguisorba minor,Plants,Plantae,Tracheophyta,Magnoliopsida,Rosales,Rosaceae,Sanguisorba
9484,Sanguisorba officinalis,Plants,Plantae,Tracheophyta,Magnoliopsida,Rosales,Rosaceae,Sanguisorba
9485,Sibbaldia procumbens,Plants,Plantae,Tracheophyta,Magnoliopsida,Rosales,Rosaceae,Sibbaldia
9486,Sibbaldiopsis tridentata,Plants,Plantae,Tracheophyta,Magnoliopsida,Rosales,Rosaceae,Sibbaldiopsis
9487,Sorbaria sorbifolia,Plants,Plantae,Tracheophyta,Magnoliopsida,Rosales,Rosaceae,Sorbaria
9488,Sorbus americana,Plants,Plantae,Tracheophyta,Magnoliopsida,Rosales,Rosaceae,Sorbus
9489,Sorbus aucuparia,Plants,Plantae,Tracheophyta,Magnoliopsida,Rosales,Rosaceae,Sorbus
9490,Sorbus sitchensis,Plants,Plantae,Tracheophyta,Magnoliopsida,Rosales,Rosaceae,Sorbus
9491,Spiraea alba,Plants,Plantae,Tracheophyta,Magnoliopsida,Rosales,Rosaceae,Spiraea
9492,Spiraea betulifolia,Plants,Plantae,Tracheophyta,Magnoliopsida,Rosales,Rosaceae,Spiraea
9493,Spiraea douglasii,Plants,Plantae,Tracheophyta,Magnoliopsida,Rosales,Rosaceae,Spiraea
9494,Spiraea japonica,Plants,Plantae,Tracheophyta,Magnoliopsida,Rosales,Rosaceae,Spiraea
9495,Spiraea splendens,Plants,Plantae,Tracheophyta,Magnoliopsida,Rosales,Rosaceae,Spiraea
9496,Spiraea tomentosa,Plants,Plantae,Tracheophyta,Magnoliopsida,Rosales,Rosaceae,Spiraea
9497,Waldsteinia fragarioides,Plants,Plantae,Tracheophyta,Magnoliopsida,Rosales,Rosaceae,Waldsteinia
9498,Ulmus alata,Plants,Plantae,Tracheophyta,Magnoliopsida,Rosales,Ulmaceae,Ulmus
9499,Ulmus americana,Plants,Plantae,Tracheophyta,Magnoliopsida,Rosales,Ulmaceae,Ulmus
9500,Ulmus crassifolia,Plants,Plantae,Tracheophyta,Magnoliopsida,Rosales,Ulmaceae,Ulmus
9501,Ulmus glabra,Plants,Plantae,Tracheophyta,Magnoliopsida,Rosales,Ulmaceae,Ulmus
9502,Ulmus laevis,Plants,Plantae,Tracheophyta,Magnoliopsida,Rosales,Ulmaceae,Ulmus
9503,Ulmus minor,Plants,Plantae,Tracheophyta,Magnoliopsida,Rosales,Ulmaceae,Ulmus
9504,Ulmus parvifolia,Plants,Plantae,Tracheophyta,Magnoliopsida,Rosales,Ulmaceae,Ulmus
9505,Ulmus pumila,Plants,Plantae,Tracheophyta,Magnoliopsida,Rosales,Ulmaceae,Ulmus
9506,Ulmus rubra,Plants,Plantae,Tracheophyta,Magnoliopsida,Rosales,Ulmaceae,Ulmus
9507,Ulmus thomasii,Plants,Plantae,Tracheophyta,Magnoliopsida,Rosales,Ulmaceae,Ulmus
9508,Boehmeria cylindrica,Plants,Plantae,Tracheophyta,Magnoliopsida,Rosales,Urticaceae,Boehmeria
9509,Elatostema rugosum,Plants,Plantae,Tracheophyta,Magnoliopsida,Rosales,Urticaceae,Elatostema
9510,Laportea canadensis,Plants,Plantae,Tracheophyta,Magnoliopsida,Rosales,Urticaceae,Laportea
9511,Parietaria judaica,Plants,Plantae,Tracheophyta,Magnoliopsida,Rosales,Urticaceae,Parietaria
9512,Parietaria pensylvanica,Plants,Plantae,Tracheophyta,Magnoliopsida,Rosales,Urticaceae,Parietaria
9513,Pilea microphylla,Plants,Plantae,Tracheophyta,Magnoliopsida,Rosales,Urticaceae,Pilea
9514,Pilea pumila,Plants,Plantae,Tracheophyta,Magnoliopsida,Rosales,Urticaceae,Pilea
9515,Urtica chamaedryoides,Plants,Plantae,Tracheophyta,Magnoliopsida,Rosales,Urticaceae,Urtica
9516,Urtica dioica,Plants,Plantae,Tracheophyta,Magnoliopsida,Rosales,Urticaceae,Urtica
9517,Urtica ferox,Plants,Plantae,Tracheophyta,Magnoliopsida,Rosales,Urticaceae,Urtica
9518,Urtica urens,Plants,Plantae,Tracheophyta,Magnoliopsida,Rosales,Urticaceae,Urtica
9519,Ileostylus micranthus,Plants,Plantae,Tracheophyta,Magnoliopsida,Santalales,Loranthaceae,Ileostylus
9520,Arceuthobium campylopodum,Plants,Plantae,Tracheophyta,Magnoliopsida,Santalales,Santalaceae,Arceuthobium
9521,Colpoon compressum,Plants,Plantae,Tracheophyta,Magnoliopsida,Santalales,Santalaceae,Colpoon
9522,Comandra umbellata,Plants,Plantae,Tracheophyta,Magnoliopsida,Santalales,Santalaceae,Comandra
9523,Exocarpos cupressiformis,Plants,Plantae,Tracheophyta,Magnoliopsida,Santalales,Santalaceae,Exocarpos
9524,Geocaulon lividum,Plants,Plantae,Tracheophyta,Magnoliopsida,Santalales,Santalaceae,Geocaulon
9525,Phoradendron californicum,Plants,Plantae,Tracheophyta,Magnoliopsida,Santalales,Santalaceae,Phoradendron
9526,Phoradendron leucarpum,Plants,Plantae,Tracheophyta,Magnoliopsida,Santalales,Santalaceae,Phoradendron
9527,Viscum album,Plants,Plantae,Tracheophyta,Magnoliopsida,Santalales,Santalaceae,Viscum
9528,Anacardium occidentale,Plants,Plantae,Tracheophyta,Magnoliopsida,Sapindales,Anacardiaceae,Anacardium
9529,Cotinus coggygria,Plants,Plantae,Tracheophyta,Magnoliopsida,Sapindales,Anacardiaceae,Cotinus
9530,Malosma laurina,Plants,Plantae,Tracheophyta,Magnoliopsida,Sapindales,Anacardiaceae,Malosma
9531,Mangifera indica,Plants,Plantae,Tracheophyta,Magnoliopsida,Sapindales,Anacardiaceae,Mangifera
9532,Pistacia chinensis,Plants,Plantae,Tracheophyta,Magnoliopsida,Sapindales,Anacardiaceae,Pistacia
9533,Pistacia lentiscus,Plants,Plantae,Tracheophyta,Magnoliopsida,Sapindales,Anacardiaceae,Pistacia
9534,Rhus aromatica,Plants,Plantae,Tracheophyta,Magnoliopsida,Sapindales,Anacardiaceae,Rhus
9535,Rhus copallinum,Plants,Plantae,Tracheophyta,Magnoliopsida,Sapindales,Anacardiaceae,Rhus
9536,Rhus glabra,Plants,Plantae,Tracheophyta,Magnoliopsida,Sapindales,Anacardiaceae,Rhus
9537,Rhus integrifolia,Plants,Plantae,Tracheophyta,Magnoliopsida,Sapindales,Anacardiaceae,Rhus
9538,Rhus lanceolata,Plants,Plantae,Tracheophyta,Magnoliopsida,Sapindales,Anacardiaceae,Rhus
9539,Rhus microphylla,Plants,Plantae,Tracheophyta,Magnoliopsida,Sapindales,Anacardiaceae,Rhus
9540,Rhus ovata,Plants,Plantae,Tracheophyta,Magnoliopsida,Sapindales,Anacardiaceae,Rhus
9541,Rhus typhina,Plants,Plantae,Tracheophyta,Magnoliopsida,Sapindales,Anacardiaceae,Rhus
9542,Rhus virens,Plants,Plantae,Tracheophyta,Magnoliopsida,Sapindales,Anacardiaceae,Rhus
9543,Schinus molle,Plants,Plantae,Tracheophyta,Magnoliopsida,Sapindales,Anacardiaceae,Schinus
9544,Schinus terebinthifolia,Plants,Plantae,Tracheophyta,Magnoliopsida,Sapindales,Anacardiaceae,Schinus
9545,Searsia lucida,Plants,Plantae,Tracheophyta,Magnoliopsida,Sapindales,Anacardiaceae,Searsia
9546,Toxicodendron diversilobum,Plants,Plantae,Tracheophyta,Magnoliopsida,Sapindales,Anacardiaceae,Toxicodendron
9547,Toxicodendron radicans,Plants,Plantae,Tracheophyta,Magnoliopsida,Sapindales,Anacardiaceae,Toxicodendron
9548,Toxicodendron rydbergii,Plants,Plantae,Tracheophyta,Magnoliopsida,Sapindales,Anacardiaceae,Toxicodendron
9549,Toxicodendron vernix,Plants,Plantae,Tracheophyta,Magnoliopsida,Sapindales,Anacardiaceae,Toxicodendron
9550,Bursera microphylla,Plants,Plantae,Tracheophyta,Magnoliopsida,Sapindales,Burseraceae,Bursera
9551,Bursera simaruba,Plants,Plantae,Tracheophyta,Magnoliopsida,Sapindales,Burseraceae,Bursera
9552,Azadirachta indica,Plants,Plantae,Tracheophyta,Magnoliopsida,Sapindales,Meliaceae,Azadirachta
9553,Dysoxylum spectabile,Plants,Plantae,Tracheophyta,Magnoliopsida,Sapindales,Meliaceae,Dysoxylum
9554,Melia azedarach,Plants,Plantae,Tracheophyta,Magnoliopsida,Sapindales,Meliaceae,Melia
9555,Citrus trifoliata,Plants,Plantae,Tracheophyta,Magnoliopsida,Sapindales,Rutaceae,Citrus
9556,Cneoridium dumosum,Plants,Plantae,Tracheophyta,Magnoliopsida,Sapindales,Rutaceae,Cneoridium
9557,Correa reflexa,Plants,Plantae,Tracheophyta,Magnoliopsida,Sapindales,Rutaceae,Correa
9558,Murraya paniculata,Plants,Plantae,Tracheophyta,Magnoliopsida,Sapindales,Rutaceae,Murraya
9559,Ptelea trifoliata,Plants,Plantae,Tracheophyta,Magnoliopsida,Sapindales,Rutaceae,Ptelea
9560,Thamnosma montana,Plants,Plantae,Tracheophyta,Magnoliopsida,Sapindales,Rutaceae,Thamnosma
9561,Zanthoxylum americanum,Plants,Plantae,Tracheophyta,Magnoliopsida,Sapindales,Rutaceae,Zanthoxylum
9562,Zanthoxylum clava-herculis,Plants,Plantae,Tracheophyta,Magnoliopsida,Sapindales,Rutaceae,Zanthoxylum
9563,Zanthoxylum fagara,Plants,Plantae,Tracheophyta,Magnoliopsida,Sapindales,Rutaceae,Zanthoxylum
9564,Zanthoxylum hirsutum,Plants,Plantae,Tracheophyta,Magnoliopsida,Sapindales,Rutaceae,Zanthoxylum
9565,Acer campestre,Plants,Plantae,Tracheophyta,Magnoliopsida,Sapindales,Sapindaceae,Acer
9566,Acer circinatum,Plants,Plantae,Tracheophyta,Magnoliopsida,Sapindales,Sapindaceae,Acer
9567,Acer floridanum,Plants,Plantae,Tracheophyta,Magnoliopsida,Sapindales,Sapindaceae,Acer
9568,Acer ginnala,Plants,Plantae,Tracheophyta,Magnoliopsida,Sapindales,Sapindaceae,Acer
9569,Acer glabrum,Plants,Plantae,Tracheophyta,Magnoliopsida,Sapindales,Sapindaceae,Acer
9570,Acer grandidentatum,Plants,Plantae,Tracheophyta,Magnoliopsida,Sapindales,Sapindaceae,Acer
9571,Acer macrophyllum,Plants,Plantae,Tracheophyta,Magnoliopsida,Sapindales,Sapindaceae,Acer
9572,Acer negundo,Plants,Plantae,Tracheophyta,Magnoliopsida,Sapindales,Sapindaceae,Acer
9573,Acer nigrum,Plants,Plantae,Tracheophyta,Magnoliopsida,Sapindales,Sapindaceae,Acer
9574,Acer palmatum,Plants,Plantae,Tracheophyta,Magnoliopsida,Sapindales,Sapindaceae,Acer
9575,Acer pensylvanicum,Plants,Plantae,Tracheophyta,Magnoliopsida,Sapindales,Sapindaceae,Acer
9576,Acer platanoides,Plants,Plantae,Tracheophyta,Magnoliopsida,Sapindales,Sapindaceae,Acer
9577,Acer pseudoplatanus,Plants,Plantae,Tracheophyta,Magnoliopsida,Sapindales,Sapindaceae,Acer
9578,Acer rubrum,Plants,Plantae,Tracheophyta,Magnoliopsida,Sapindales,Sapindaceae,Acer
9579,Acer saccharinum,Plants,Plantae,Tracheophyta,Magnoliopsida,Sapindales,Sapindaceae,Acer
9580,Acer saccharum,Plants,Plantae,Tracheophyta,Magnoliopsida,Sapindales,Sapindaceae,Acer
9581,Acer spicatum,Plants,Plantae,Tracheophyta,Magnoliopsida,Sapindales,Sapindaceae,Acer
9582,Acer tataricum,Plants,Plantae,Tracheophyta,Magnoliopsida,Sapindales,Sapindaceae,Acer
9583,Aesculus californica,Plants,Plantae,Tracheophyta,Magnoliopsida,Sapindales,Sapindaceae,Aesculus
9584,Aesculus glabra,Plants,Plantae,Tracheophyta,Magnoliopsida,Sapindales,Sapindaceae,Aesculus
9585,Aesculus hippocastanum,Plants,Plantae,Tracheophyta,Magnoliopsida,Sapindales,Sapindaceae,Aesculus
9586,Aesculus pavia,Plants,Plantae,Tracheophyta,Magnoliopsida,Sapindales,Sapindaceae,Aesculus
9587,Alectryon excelsus,Plants,Plantae,Tracheophyta,Magnoliopsida,Sapindales,Sapindaceae,Alectryon
9588,Cardiospermum halicacabum,Plants,Plantae,Tracheophyta,Magnoliopsida,Sapindales,Sapindaceae,Cardiospermum
9589,Dodonaea viscosa,Plants,Plantae,Tracheophyta,Magnoliopsida,Sapindales,Sapindaceae,Dodonaea
9590,Koelreuteria paniculata,Plants,Plantae,Tracheophyta,Magnoliopsida,Sapindales,Sapindaceae,Koelreuteria
9591,Sapindus drummondii,Plants,Plantae,Tracheophyta,Magnoliopsida,Sapindales,Sapindaceae,Sapindus
9592,Ungnadia speciosa,Plants,Plantae,Tracheophyta,Magnoliopsida,Sapindales,Sapindaceae,Ungnadia
9593,Ailanthus altissima,Plants,Plantae,Tracheophyta,Magnoliopsida,Sapindales,Simaroubaceae,Ailanthus
9594,Liquidambar styraciflua,Plants,Plantae,Tracheophyta,Magnoliopsida,Saxifragales,Altingiaceae,Liquidambar
9595,Cotyledon orbiculata,Plants,Plantae,Tracheophyta,Magnoliopsida,Saxifragales,Crassulaceae,Cotyledon
9596,Crassula connata,Plants,Plantae,Tracheophyta,Magnoliopsida,Saxifragales,Crassulaceae,Crassula
9597,Crassula ovata,Plants,Plantae,Tracheophyta,Magnoliopsida,Saxifragales,Crassulaceae,Crassula
9598,Dudleya arizonica,Plants,Plantae,Tracheophyta,Magnoliopsida,Saxifragales,Crassulaceae,Dudleya
9599,Dudleya cymosa,Plants,Plantae,Tracheophyta,Magnoliopsida,Saxifragales,Crassulaceae,Dudleya
9600,Dudleya edulis,Plants,Plantae,Tracheophyta,Magnoliopsida,Saxifragales,Crassulaceae,Dudleya
9601,Dudleya farinosa,Plants,Plantae,Tracheophyta,Magnoliopsida,Saxifragales,Crassulaceae,Dudleya
9602,Dudleya lanceolata,Plants,Plantae,Tracheophyta,Magnoliopsida,Saxifragales,Crassulaceae,Dudleya
9603,Dudleya pulverulenta,Plants,Plantae,Tracheophyta,Magnoliopsida,Saxifragales,Crassulaceae,Dudleya
9604,Dudleya saxosa,Plants,Plantae,Tracheophyta,Magnoliopsida,Saxifragales,Crassulaceae,Dudleya
9605,Echeveria gibbiflora,Plants,Plantae,Tracheophyta,Magnoliopsida,Saxifragales,Crassulaceae,Echeveria
9606,Hylotelephium telephium,Plants,Plantae,Tracheophyta,Magnoliopsida,Saxifragales,Crassulaceae,Hylotelephium
9607,Kalanchoe delagoensis,Plants,Plantae,Tracheophyta,Magnoliopsida,Saxifragales,Crassulaceae,Kalanchoe
9608,Kalanchoe pinnata,Plants,Plantae,Tracheophyta,Magnoliopsida,Saxifragales,Crassulaceae,Kalanchoe
9609,Orostachys spinosa,Plants,Plantae,Tracheophyta,Magnoliopsida,Saxifragales,Crassulaceae,Orostachys
9610,Rhodiola integrifolia,Plants,Plantae,Tracheophyta,Magnoliopsida,Saxifragales,Crassulaceae,Rhodiola
9611,Rhodiola rosea,Plants,Plantae,Tracheophyta,Magnoliopsida,Saxifragales,Crassulaceae,Rhodiola
9612,Sedum acre,Plants,Plantae,Tracheophyta,Magnoliopsida,Saxifragales,Crassulaceae,Sedum
9613,Sedum album,Plants,Plantae,Tracheophyta,Magnoliopsida,Saxifragales,Crassulaceae,Sedum
9614,Sedum dasyphyllum,Plants,Plantae,Tracheophyta,Magnoliopsida,Saxifragales,Crassulaceae,Sedum
9615,Sedum lanceolatum,Plants,Plantae,Tracheophyta,Magnoliopsida,Saxifragales,Crassulaceae,Sedum
9616,Sedum nuttallii,Plants,Plantae,Tracheophyta,Magnoliopsida,Saxifragales,Crassulaceae,Sedum
9617,Sedum obtusatum,Plants,Plantae,Tracheophyta,Magnoliopsida,Saxifragales,Crassulaceae,Sedum
9618,Sedum sexangulare,Plants,Plantae,Tracheophyta,Magnoliopsida,Saxifragales,Crassulaceae,Sedum
9619,Sedum spathulifolium,Plants,Plantae,Tracheophyta,Magnoliopsida,Saxifragales,Crassulaceae,Sedum
9620,Sedum ternatum,Plants,Plantae,Tracheophyta,Magnoliopsida,Saxifragales,Crassulaceae,Sedum
9621,Sempervivum arachnoideum,Plants,Plantae,Tracheophyta,Magnoliopsida,Saxifragales,Crassulaceae,Sempervivum
9622,Sempervivum tectorum,Plants,Plantae,Tracheophyta,Magnoliopsida,Saxifragales,Crassulaceae,Sempervivum
9623,Tylecodon paniculatus,Plants,Plantae,Tracheophyta,Magnoliopsida,Saxifragales,Crassulaceae,Tylecodon
9624,Umbilicus rupestris,Plants,Plantae,Tracheophyta,Magnoliopsida,Saxifragales,Crassulaceae,Umbilicus
9625,Ribes americanum,Plants,Plantae,Tracheophyta,Magnoliopsida,Saxifragales,Grossulariaceae,Ribes
9626,Ribes aureum,Plants,Plantae,Tracheophyta,Magnoliopsida,Saxifragales,Grossulariaceae,Ribes
9627,Ribes bracteosum,Plants,Plantae,Tracheophyta,Magnoliopsida,Saxifragales,Grossulariaceae,Ribes
9628,Ribes cereum,Plants,Plantae,Tracheophyta,Magnoliopsida,Saxifragales,Grossulariaceae,Ribes
9629,Ribes cynosbati,Plants,Plantae,Tracheophyta,Magnoliopsida,Saxifragales,Grossulariaceae,Ribes
9630,Ribes indecorum,Plants,Plantae,Tracheophyta,Magnoliopsida,Saxifragales,Grossulariaceae,Ribes
9631,Ribes lacustre,Plants,Plantae,Tracheophyta,Magnoliopsida,Saxifragales,Grossulariaceae,Ribes
9632,Ribes malvaceum,Plants,Plantae,Tracheophyta,Magnoliopsida,Saxifragales,Grossulariaceae,Ribes
9633,Ribes nevadense,Plants,Plantae,Tracheophyta,Magnoliopsida,Saxifragales,Grossulariaceae,Ribes
9634,Ribes nigrum,Plants,Plantae,Tracheophyta,Magnoliopsida,Saxifragales,Grossulariaceae,Ribes
9635,Ribes roezlii,Plants,Plantae,Tracheophyta,Magnoliopsida,Saxifragales,Grossulariaceae,Ribes
9636,Ribes rubrum,Plants,Plantae,Tracheophyta,Magnoliopsida,Saxifragales,Grossulariaceae,Ribes
9637,Ribes sanguineum,Plants,Plantae,Tracheophyta,Magnoliopsida,Saxifragales,Grossulariaceae,Ribes
9638,Ribes speciosum,Plants,Plantae,Tracheophyta,Magnoliopsida,Saxifragales,Grossulariaceae,Ribes
9639,Ribes triste,Plants,Plantae,Tracheophyta,Magnoliopsida,Saxifragales,Grossulariaceae,Ribes
9640,Ribes uva-crispa,Plants,Plantae,Tracheophyta,Magnoliopsida,Saxifragales,Grossulariaceae,Ribes
9641,Haloragis erecta,Plants,Plantae,Tracheophyta,Magnoliopsida,Saxifragales,Haloragaceae,Haloragis
9642,Myriophyllum aquaticum,Plants,Plantae,Tracheophyta,Magnoliopsida,Saxifragales,Haloragaceae,Myriophyllum
9643,Myriophyllum spicatum,Plants,Plantae,Tracheophyta,Magnoliopsida,Saxifragales,Haloragaceae,Myriophyllum
9644,Hamamelis virginiana,Plants,Plantae,Tracheophyta,Magnoliopsida,Saxifragales,Hamamelidaceae,Hamamelis
9645,Itea virginica,Plants,Plantae,Tracheophyta,Magnoliopsida,Saxifragales,Iteaceae,Itea
9646,Paeonia brownii,Plants,Plantae,Tracheophyta,Magnoliopsida,Saxifragales,Paeoniaceae,Paeonia
9647,Paeonia californica,Plants,Plantae,Tracheophyta,Magnoliopsida,Saxifragales,Paeoniaceae,Paeonia
9648,Penthorum sedoides,Plants,Plantae,Tracheophyta,Magnoliopsida,Saxifragales,Penthoraceae,Penthorum
9649,Chrysosplenium alternifolium,Plants,Plantae,Tracheophyta,Magnoliopsida,Saxifragales,Saxifragaceae,Chrysosplenium
9650,Chrysosplenium americanum,Plants,Plantae,Tracheophyta,Magnoliopsida,Saxifragales,Saxifragaceae,Chrysosplenium
9651,Darmera peltata,Plants,Plantae,Tracheophyta,Magnoliopsida,Saxifragales,Saxifragaceae,Darmera
9652,Heuchera cylindrica,Plants,Plantae,Tracheophyta,Magnoliopsida,Saxifragales,Saxifragaceae,Heuchera
9653,Heuchera micrantha,Plants,Plantae,Tracheophyta,Magnoliopsida,Saxifragales,Saxifragaceae,Heuchera
9654,Heuchera richardsonii,Plants,Plantae,Tracheophyta,Magnoliopsida,Saxifragales,Saxifragaceae,Heuchera
9655,Leptarrhena pyrolifolia,Plants,Plantae,Tracheophyta,Magnoliopsida,Saxifragales,Saxifragaceae,Leptarrhena
9656,Lithophragma affine,Plants,Plantae,Tracheophyta,Magnoliopsida,Saxifragales,Saxifragaceae,Lithophragma
9657,Lithophragma heterophyllum,Plants,Plantae,Tracheophyta,Magnoliopsida,Saxifragales,Saxifragaceae,Lithophragma
9658,Lithophragma parviflorum,Plants,Plantae,Tracheophyta,Magnoliopsida,Saxifragales,Saxifragaceae,Lithophragma
9659,Micranthes californica,Plants,Plantae,Tracheophyta,Magnoliopsida,Saxifragales,Saxifragaceae,Micranthes
9660,Micranthes ferruginea,Plants,Plantae,Tracheophyta,Magnoliopsida,Saxifragales,Saxifragaceae,Micranthes
9661,Micranthes pensylvanica,Plants,Plantae,Tracheophyta,Magnoliopsida,Saxifragales,Saxifragaceae,Micranthes
9662,Micranthes virginiensis,Plants,Plantae,Tracheophyta,Magnoliopsida,Saxifragales,Saxifragaceae,Micranthes
9663,Mitella diphylla,Plants,Plantae,Tracheophyta,Magnoliopsida,Saxifragales,Saxifragaceae,Mitella
9664,Mitella nuda,Plants,Plantae,Tracheophyta,Magnoliopsida,Saxifragales,Saxifragaceae,Mitella
9665,Saxifraga aizoides,Plants,Plantae,Tracheophyta,Magnoliopsida,Saxifragales,Saxifragaceae,Saxifraga
9666,Saxifraga bronchialis,Plants,Plantae,Tracheophyta,Magnoliopsida,Saxifragales,Saxifragaceae,Saxifraga
9667,Saxifraga granulata,Plants,Plantae,Tracheophyta,Magnoliopsida,Saxifragales,Saxifragaceae,Saxifraga
9668,Saxifraga oppositifolia,Plants,Plantae,Tracheophyta,Magnoliopsida,Saxifragales,Saxifragaceae,Saxifraga
9669,Saxifraga paniculata,Plants,Plantae,Tracheophyta,Magnoliopsida,Saxifragales,Saxifragaceae,Saxifraga
9670,Saxifraga tricuspidata,Plants,Plantae,Tracheophyta,Magnoliopsida,Saxifragales,Saxifragaceae,Saxifraga
9671,Tellima grandiflora,Plants,Plantae,Tracheophyta,Magnoliopsida,Saxifragales,Saxifragaceae,Tellima
9672,Tiarella cordifolia,Plants,Plantae,Tracheophyta,Magnoliopsida,Saxifragales,Saxifragaceae,Tiarella
9673,Tiarella trifoliata,Plants,Plantae,Tracheophyta,Magnoliopsida,Saxifragales,Saxifragaceae,Tiarella
9674,Tolmiea menziesii,Plants,Plantae,Tracheophyta,Magnoliopsida,Saxifragales,Saxifragaceae,Tolmiea
9675,Whipplea modesta,Plants,Plantae,Tracheophyta,Magnoliopsida,Saxifragales,Saxifragaceae,Whipplea
9676,Calystegia macrostegia,Plants,Plantae,Tracheophyta,Magnoliopsida,Solanales,Convolvulaceae,Calystegia
9677,Calystegia sepium,Plants,Plantae,Tracheophyta,Magnoliopsida,Solanales,Convolvulaceae,Calystegia
9678,Calystegia silvatica,Plants,Plantae,Tracheophyta,Magnoliopsida,Solanales,Convolvulaceae,Calystegia
9679,Calystegia soldanella,Plants,Plantae,Tracheophyta,Magnoliopsida,Solanales,Convolvulaceae,Calystegia
9680,Convolvulus althaeoides,Plants,Plantae,Tracheophyta,Magnoliopsida,Solanales,Convolvulaceae,Convolvulus
9681,Convolvulus arvensis,Plants,Plantae,Tracheophyta,Magnoliopsida,Solanales,Convolvulaceae,Convolvulus
9682,Convolvulus equitans,Plants,Plantae,Tracheophyta,Magnoliopsida,Solanales,Convolvulaceae,Convolvulus
9683,Cuscuta californica,Plants,Plantae,Tracheophyta,Magnoliopsida,Solanales,Convolvulaceae,Cuscuta
9684,Cuscuta gronovii,Plants,Plantae,Tracheophyta,Magnoliopsida,Solanales,Convolvulaceae,Cuscuta
9685,Cuscuta pacifica,Plants,Plantae,Tracheophyta,Magnoliopsida,Solanales,Convolvulaceae,Cuscuta
9686,Dichondra carolinensis,Plants,Plantae,Tracheophyta,Magnoliopsida,Solanales,Convolvulaceae,Dichondra
9687,Dichondra repens,Plants,Plantae,Tracheophyta,Magnoliopsida,Solanales,Convolvulaceae,Dichondra
9688,Distimake dissectus,Plants,Plantae,Tracheophyta,Magnoliopsida,Solanales,Convolvulaceae,Distimake
9689,Evolvulus alsinoides,Plants,Plantae,Tracheophyta,Magnoliopsida,Solanales,Convolvulaceae,Evolvulus
9690,Evolvulus sericeus,Plants,Plantae,Tracheophyta,Magnoliopsida,Solanales,Convolvulaceae,Evolvulus
9691,Ipomoea alba,Plants,Plantae,Tracheophyta,Magnoliopsida,Solanales,Convolvulaceae,Ipomoea
9692,Ipomoea batatas,Plants,Plantae,Tracheophyta,Magnoliopsida,Solanales,Convolvulaceae,Ipomoea
9693,Ipomoea cairica,Plants,Plantae,Tracheophyta,Magnoliopsida,Solanales,Convolvulaceae,Ipomoea
9694,Ipomoea carnea,Plants,Plantae,Tracheophyta,Magnoliopsida,Solanales,Convolvulaceae,Ipomoea
9695,Ipomoea coccinea,Plants,Plantae,Tracheophyta,Magnoliopsida,Solanales,Convolvulaceae,Ipomoea
9696,Ipomoea cordatotriloba,Plants,Plantae,Tracheophyta,Magnoliopsida,Solanales,Convolvulaceae,Ipomoea
9697,Ipomoea hederacea,Plants,Plantae,Tracheophyta,Magnoliopsida,Solanales,Convolvulaceae,Ipomoea
9698,Ipomoea hederifolia,Plants,Plantae,Tracheophyta,Magnoliopsida,Solanales,Convolvulaceae,Ipomoea
9699,Ipomoea imperati,Plants,Plantae,Tracheophyta,Magnoliopsida,Solanales,Convolvulaceae,Ipomoea
9700,Ipomoea indica,Plants,Plantae,Tracheophyta,Magnoliopsida,Solanales,Convolvulaceae,Ipomoea
9701,Ipomoea lacunosa,Plants,Plantae,Tracheophyta,Magnoliopsida,Solanales,Convolvulaceae,Ipomoea
9702,Ipomoea obscura,Plants,Plantae,Tracheophyta,Magnoliopsida,Solanales,Convolvulaceae,Ipomoea
9703,Ipomoea pandurata,Plants,Plantae,Tracheophyta,Magnoliopsida,Solanales,Convolvulaceae,Ipomoea
9704,Ipomoea pes-caprae,Plants,Plantae,Tracheophyta,Magnoliopsida,Solanales,Convolvulaceae,Ipomoea
9705,Ipomoea purpurea,Plants,Plantae,Tracheophyta,Magnoliopsida,Solanales,Convolvulaceae,Ipomoea
9706,Ipomoea quamoclit,Plants,Plantae,Tracheophyta,Magnoliopsida,Solanales,Convolvulaceae,Ipomoea
9707,Ipomoea sagittata,Plants,Plantae,Tracheophyta,Magnoliopsida,Solanales,Convolvulaceae,Ipomoea
9708,Ipomoea triloba,Plants,Plantae,Tracheophyta,Magnoliopsida,Solanales,Convolvulaceae,Ipomoea
9709,Jacquemontia tamnifolia,Plants,Plantae,Tracheophyta,Magnoliopsida,Solanales,Convolvulaceae,Jacquemontia
9710,Hydrolea ovata,Plants,Plantae,Tracheophyta,Magnoliopsida,Solanales,Hydroleaceae,Hydrolea
9711,Montinia caryophyllacea,Plants,Plantae,Tracheophyta,Magnoliopsida,Solanales,Montiniaceae,Montinia
9712,Alkekengi officinarum,Plants,Plantae,Tracheophyta,Magnoliopsida,Solanales,Solanaceae,Alkekengi
9713,Atropa belladonna,Plants,Plantae,Tracheophyta,Magnoliopsida,Solanales,Solanaceae,Atropa
9714,Capsicum annuum,Plants,Plantae,Tracheophyta,Magnoliopsida,Solanales,Solanaceae,Capsicum
9715,Datura discolor,Plants,Plantae,Tracheophyta,Magnoliopsida,Solanales,Solanaceae,Datura
9716,Datura inoxia,Plants,Plantae,Tracheophyta,Magnoliopsida,Solanales,Solanaceae,Datura
9717,Datura stramonium,Plants,Plantae,Tracheophyta,Magnoliopsida,Solanales,Solanaceae,Datura
9718,Datura wrightii,Plants,Plantae,Tracheophyta,Magnoliopsida,Solanales,Solanaceae,Datura
9719,Hyoscyamus niger,Plants,Plantae,Tracheophyta,Magnoliopsida,Solanales,Solanaceae,Hyoscyamus
9720,Lycium andersonii,Plants,Plantae,Tracheophyta,Magnoliopsida,Solanales,Solanaceae,Lycium
9721,Lycium barbarum,Plants,Plantae,Tracheophyta,Magnoliopsida,Solanales,Solanaceae,Lycium
9722,Lycium carolinianum,Plants,Plantae,Tracheophyta,Magnoliopsida,Solanales,Solanaceae,Lycium
9723,Lycium ferocissimum,Plants,Plantae,Tracheophyta,Magnoliopsida,Solanales,Solanaceae,Lycium
9724,Nicandra physalodes,Plants,Plantae,Tracheophyta,Magnoliopsida,Solanales,Solanaceae,Nicandra
9725,Nicotiana glauca,Plants,Plantae,Tracheophyta,Magnoliopsida,Solanales,Solanaceae,Nicotiana
9726,Nicotiana obtusifolia,Plants,Plantae,Tracheophyta,Magnoliopsida,Solanales,Solanaceae,Nicotiana
9727,Physalis angulata,Plants,Plantae,Tracheophyta,Magnoliopsida,Solanales,Solanaceae,Physalis
9728,Physalis crassifolia,Plants,Plantae,Tracheophyta,Magnoliopsida,Solanales,Solanaceae,Physalis
9729,Physalis heterophylla,Plants,Plantae,Tracheophyta,Magnoliopsida,Solanales,Solanaceae,Physalis
9730,Physalis peruviana,Plants,Plantae,Tracheophyta,Magnoliopsida,Solanales,Solanaceae,Physalis
9731,Quincula lobata,Plants,Plantae,Tracheophyta,Magnoliopsida,Solanales,Solanaceae,Quincula
9732,Solanum americanum,Plants,Plantae,Tracheophyta,Magnoliopsida,Solanales,Solanaceae,Solanum
9733,Solanum carolinense,Plants,Plantae,Tracheophyta,Magnoliopsida,Solanales,Solanaceae,Solanum
9734,Solanum chenopodioides,Plants,Plantae,Tracheophyta,Magnoliopsida,Solanales,Solanaceae,Solanum
9735,Solanum dimidiatum,Plants,Plantae,Tracheophyta,Magnoliopsida,Solanales,Solanaceae,Solanum
9736,Solanum diphyllum,Plants,Plantae,Tracheophyta,Magnoliopsida,Solanales,Solanaceae,Solanum
9737,Solanum douglasii,Plants,Plantae,Tracheophyta,Magnoliopsida,Solanales,Solanaceae,Solanum
9738,Solanum dulcamara,Plants,Plantae,Tracheophyta,Magnoliopsida,Solanales,Solanaceae,Solanum
9739,Solanum elaeagnifolium,Plants,Plantae,Tracheophyta,Magnoliopsida,Solanales,Solanaceae,Solanum
9740,Solanum emulans,Plants,Plantae,Tracheophyta,Magnoliopsida,Solanales,Solanaceae,Solanum
9741,Solanum erianthum,Plants,Plantae,Tracheophyta,Magnoliopsida,Solanales,Solanaceae,Solanum
9742,Solanum laciniatum,Plants,Plantae,Tracheophyta,Magnoliopsida,Solanales,Solanaceae,Solanum
9743,Solanum lycopersicum,Plants,Plantae,Tracheophyta,Magnoliopsida,Solanales,Solanaceae,Solanum
9744,Solanum mauritianum,Plants,Plantae,Tracheophyta,Magnoliopsida,Solanales,Solanaceae,Solanum
9745,Solanum nigrum,Plants,Plantae,Tracheophyta,Magnoliopsida,Solanales,Solanaceae,Solanum
9746,Solanum pseudocapsicum,Plants,Plantae,Tracheophyta,Magnoliopsida,Solanales,Solanaceae,Solanum
9747,Solanum rostratum,Plants,Plantae,Tracheophyta,Magnoliopsida,Solanales,Solanaceae,Solanum
9748,Solanum tuberosum,Plants,Plantae,Tracheophyta,Magnoliopsida,Solanales,Solanaceae,Solanum
9749,Solanum umbelliferum,Plants,Plantae,Tracheophyta,Magnoliopsida,Solanales,Solanaceae,Solanum
9750,Solanum xanti,Plants,Plantae,Tracheophyta,Magnoliopsida,Solanales,Solanaceae,Solanum
9751,Ampelopsis arborea,Plants,Plantae,Tracheophyta,Magnoliopsida,Vitales,Vitaceae,Ampelopsis
9752,Ampelopsis cordata,Plants,Plantae,Tracheophyta,Magnoliopsida,Vitales,Vitaceae,Ampelopsis
9753,Ampelopsis glandulosa,Plants,Plantae,Tracheophyta,Magnoliopsida,Vitales,Vitaceae,Ampelopsis
9754,Cayratia japonica,Plants,Plantae,Tracheophyta,Magnoliopsida,Vitales,Vitaceae,Cayratia
9755,Cissus trifoliata,Plants,Plantae,Tracheophyta,Magnoliopsida,Vitales,Vitaceae,Cissus
9756,Parthenocissus inserta,Plants,Plantae,Tracheophyta,Magnoliopsida,Vitales,Vitaceae,Parthenocissus
9757,Parthenocissus quinquefolia,Plants,Plantae,Tracheophyta,Magnoliopsida,Vitales,Vitaceae,Parthenocissus
9758,Parthenocissus tricuspidata,Plants,Plantae,Tracheophyta,Magnoliopsida,Vitales,Vitaceae,Parthenocissus
9759,Vitis aestivalis,Plants,Plantae,Tracheophyta,Magnoliopsida,Vitales,Vitaceae,Vitis
9760,Vitis arizonica,Plants,Plantae,Tracheophyta,Magnoliopsida,Vitales,Vitaceae,Vitis
9761,Vitis californica,Plants,Plantae,Tracheophyta,Magnoliopsida,Vitales,Vitaceae,Vitis
9762,Vitis mustangensis,Plants,Plantae,Tracheophyta,Magnoliopsida,Vitales,Vitaceae,Vitis
9763,Vitis riparia,Plants,Plantae,Tracheophyta,Magnoliopsida,Vitales,Vitaceae,Vitis
9764,Vitis rotundifolia,Plants,Plantae,Tracheophyta,Magnoliopsida,Vitales,Vitaceae,Vitis
9765,Krameria bicolor,Plants,Plantae,Tracheophyta,Magnoliopsida,Zygophyllales,Krameriaceae,Krameria
9766,Krameria erecta,Plants,Plantae,Tracheophyta,Magnoliopsida,Zygophyllales,Krameriaceae,Krameria
9767,Krameria lanceolata,Plants,Plantae,Tracheophyta,Magnoliopsida,Zygophyllales,Krameriaceae,Krameria
9768,Fagonia laevis,Plants,Plantae,Tracheophyta,Magnoliopsida,Zygophyllales,Zygophyllaceae,Fagonia
9769,Guaiacum angustifolium,Plants,Plantae,Tracheophyta,Magnoliopsida,Zygophyllales,Zygophyllaceae,Guaiacum
9770,Guaiacum coulteri,Plants,Plantae,Tracheophyta,Magnoliopsida,Zygophyllales,Zygophyllaceae,Guaiacum
9771,Kallstroemia grandiflora,Plants,Plantae,Tracheophyta,Magnoliopsida,Zygophyllales,Zygophyllaceae,Kallstroemia
9772,Larrea tridentata,Plants,Plantae,Tracheophyta,Magnoliopsida,Zygophyllales,Zygophyllaceae,Larrea
9773,Tribulus terrestris,Plants,Plantae,Tracheophyta,Magnoliopsida,Zygophyllales,Zygophyllaceae,Tribulus
9774,Agathis australis,Plants,Plantae,Tracheophyta,Pinopsida,Pinales,Araucariaceae,Agathis
9775,Calocedrus decurrens,Plants,Plantae,Tracheophyta,Pinopsida,Pinales,Cupressaceae,Calocedrus
9776,Cupressus macrocarpa,Plants,Plantae,Tracheophyta,Pinopsida,Pinales,Cupressaceae,Cupressus
9777,Cupressus nootkatensis,Plants,Plantae,Tracheophyta,Pinopsida,Pinales,Cupressaceae,Cupressus
9778,Juniperus ashei,Plants,Plantae,Tracheophyta,Pinopsida,Pinales,Cupressaceae,Juniperus
9779,Juniperus californica,Plants,Plantae,Tracheophyta,Pinopsida,Pinales,Cupressaceae,Juniperus
9780,Juniperus communis,Plants,Plantae,Tracheophyta,Pinopsida,Pinales,Cupressaceae,Juniperus
9781,Juniperus deppeana,Plants,Plantae,Tracheophyta,Pinopsida,Pinales,Cupressaceae,Juniperus
9782,Juniperus grandis,Plants,Plantae,Tracheophyta,Pinopsida,Pinales,Cupressaceae,Juniperus
9783,Juniperus horizontalis,Plants,Plantae,Tracheophyta,Pinopsida,Pinales,Cupressaceae,Juniperus
9784,Juniperus monosperma,Plants,Plantae,Tracheophyta,Pinopsida,Pinales,Cupressaceae,Juniperus
9785,Juniperus occidentalis,Plants,Plantae,Tracheophyta,Pinopsida,Pinales,Cupressaceae,Juniperus
9786,Juniperus osteosperma,Plants,Plantae,Tracheophyta,Pinopsida,Pinales,Cupressaceae,Juniperus
9787,Juniperus oxycedrus,Plants,Plantae,Tracheophyta,Pinopsida,Pinales,Cupressaceae,Juniperus
9788,Juniperus scopulorum,Plants,Plantae,Tracheophyta,Pinopsida,Pinales,Cupressaceae,Juniperus
9789,Juniperus virginiana,Plants,Plantae,Tracheophyta,Pinopsida,Pinales,Cupressaceae,Juniperus
9790,Sequoia sempervirens,Plants,Plantae,Tracheophyta,Pinopsida,Pinales,Cupressaceae,Sequoia
9791,Sequoiadendron giganteum,Plants,Plantae,Tracheophyta,Pinopsida,Pinales,Cupressaceae,Sequoiadendron
9792,Taxodium ascendens,Plants,Plantae,Tracheophyta,Pinopsida,Pinales,Cupressaceae,Taxodium
9793,Taxodium distichum,Plants,Plantae,Tracheophyta,Pinopsida,Pinales,Cupressaceae,Taxodium
9794,Taxodium mucronatum,Plants,Plantae,Tracheophyta,Pinopsida,Pinales,Cupressaceae,Taxodium
9795,Thuja occidentalis,Plants,Plantae,Tracheophyta,Pinopsida,Pinales,Cupressaceae,Thuja
9796,Thuja plicata,Plants,Plantae,Tracheophyta,Pinopsida,Pinales,Cupressaceae,Thuja
9797,Abies alba,Plants,Plantae,Tracheophyta,Pinopsida,Pinales,Pinaceae,Abies
9798,Abies balsamea,Plants,Plantae,Tracheophyta,Pinopsida,Pinales,Pinaceae,Abies
9799,Abies concolor,Plants,Plantae,Tracheophyta,Pinopsida,Pinales,Pinaceae,Abies
9800,Abies grandis,Plants,Plantae,Tracheophyta,Pinopsida,Pinales,Pinaceae,Abies
9801,Abies lasiocarpa,Plants,Plantae,Tracheophyta,Pinopsida,Pinales,Pinaceae,Abies
9802,Abies sibirica,Plants,Plantae,Tracheophyta,Pinopsida,Pinales,Pinaceae,Abies
9803,Larix decidua,Plants,Plantae,Tracheophyta,Pinopsida,Pinales,Pinaceae,Larix
9804,Larix laricina,Plants,Plantae,Tracheophyta,Pinopsida,Pinales,Pinaceae,Larix
9805,Larix occidentalis,Plants,Plantae,Tracheophyta,Pinopsida,Pinales,Pinaceae,Larix
9806,Larix sibirica,Plants,Plantae,Tracheophyta,Pinopsida,Pinales,Pinaceae,Larix
9807,Picea abies,Plants,Plantae,Tracheophyta,Pinopsida,Pinales,Pinaceae,Picea
9808,Picea engelmannii,Plants,Plantae,Tracheophyta,Pinopsida,Pinales,Pinaceae,Picea
9809,Picea glauca,Plants,Plantae,Tracheophyta,Pinopsida,Pinales,Pinaceae,Picea
9810,Picea mariana,Plants,Plantae,Tracheophyta,Pinopsida,Pinales,Pinaceae,Picea
9811,Picea obovata,Plants,Plantae,Tracheophyta,Pinopsida,Pinales,Pinaceae,Picea
9812,Picea pungens,Plants,Plantae,Tracheophyta,Pinopsida,Pinales,Pinaceae,Picea
9813,Picea rubens,Plants,Plantae,Tracheophyta,Pinopsida,Pinales,Pinaceae,Picea
9814,Picea sitchensis,Plants,Plantae,Tracheophyta,Pinopsida,Pinales,Pinaceae,Picea
9815,Pinus albicaulis,Plants,Plantae,Tracheophyta,Pinopsida,Pinales,Pinaceae,Pinus
9816,Pinus banksiana,Plants,Plantae,Tracheophyta,Pinopsida,Pinales,Pinaceae,Pinus
9817,Pinus cembroides,Plants,Plantae,Tracheophyta,Pinopsida,Pinales,Pinaceae,Pinus
9818,Pinus contorta,Plants,Plantae,Tracheophyta,Pinopsida,Pinales,Pinaceae,Pinus
9819,Pinus coulteri,Plants,Plantae,Tracheophyta,Pinopsida,Pinales,Pinaceae,Pinus
9820,Pinus echinata,Plants,Plantae,Tracheophyta,Pinopsida,Pinales,Pinaceae,Pinus
9821,Pinus edulis,Plants,Plantae,Tracheophyta,Pinopsida,Pinales,Pinaceae,Pinus
9822,Pinus elliottii,Plants,Plantae,Tracheophyta,Pinopsida,Pinales,Pinaceae,Pinus
9823,Pinus flexilis,Plants,Plantae,Tracheophyta,Pinopsida,Pinales,Pinaceae,Pinus
9824,Pinus jeffreyi,Plants,Plantae,Tracheophyta,Pinopsida,Pinales,Pinaceae,Pinus
9825,Pinus lambertiana,Plants,Plantae,Tracheophyta,Pinopsida,Pinales,Pinaceae,Pinus
9826,Pinus longaeva,Plants,Plantae,Tracheophyta,Pinopsida,Pinales,Pinaceae,Pinus
9827,Pinus monophylla,Plants,Plantae,Tracheophyta,Pinopsida,Pinales,Pinaceae,Pinus
9828,Pinus monticola,Plants,Plantae,Tracheophyta,Pinopsida,Pinales,Pinaceae,Pinus
9829,Pinus nigra,Plants,Plantae,Tracheophyta,Pinopsida,Pinales,Pinaceae,Pinus
9830,Pinus palustris,Plants,Plantae,Tracheophyta,Pinopsida,Pinales,Pinaceae,Pinus
9831,Pinus pinaster,Plants,Plantae,Tracheophyta,Pinopsida,Pinales,Pinaceae,Pinus
9832,Pinus pinea,Plants,Plantae,Tracheophyta,Pinopsida,Pinales,Pinaceae,Pinus
9833,Pinus ponderosa,Plants,Plantae,Tracheophyta,Pinopsida,Pinales,Pinaceae,Pinus
9834,Pinus radiata,Plants,Plantae,Tracheophyta,Pinopsida,Pinales,Pinaceae,Pinus
9835,Pinus resinosa,Plants,Plantae,Tracheophyta,Pinopsida,Pinales,Pinaceae,Pinus
9836,Pinus rigida,Plants,Plantae,Tracheophyta,Pinopsida,Pinales,Pinaceae,Pinus
9837,Pinus sabiniana,Plants,Plantae,Tracheophyta,Pinopsida,Pinales,Pinaceae,Pinus
9838,Pinus sibirica,Plants,Plantae,Tracheophyta,Pinopsida,Pinales,Pinaceae,Pinus
9839,Pinus strobus,Plants,Plantae,Tracheophyta,Pinopsida,Pinales,Pinaceae,Pinus
9840,Pinus sylvestris,Plants,Plantae,Tracheophyta,Pinopsida,Pinales,Pinaceae,Pinus
9841,Pinus taeda,Plants,Plantae,Tracheophyta,Pinopsida,Pinales,Pinaceae,Pinus
9842,Pinus torreyana,Plants,Plantae,Tracheophyta,Pinopsida,Pinales,Pinaceae,Pinus
9843,Pinus virginiana,Plants,Plantae,Tracheophyta,Pinopsida,Pinales,Pinaceae,Pinus
9844,Pseudotsuga menziesii,Plants,Plantae,Tracheophyta,Pinopsida,Pinales,Pinaceae,Pseudotsuga
9845,Tsuga canadensis,Plants,Plantae,Tracheophyta,Pinopsida,Pinales,Pinaceae,Tsuga
9846,Tsuga heterophylla,Plants,Plantae,Tracheophyta,Pinopsida,Pinales,Pinaceae,Tsuga
9847,Tsuga mertensiana,Plants,Plantae,Tracheophyta,Pinopsida,Pinales,Pinaceae,Tsuga
9848,Dacrycarpus dacrydioides,Plants,Plantae,Tracheophyta,Pinopsida,Pinales,Podocarpaceae,Dacrycarpus
9849,Dacrydium cupressinum,Plants,Plantae,Tracheophyta,Pinopsida,Pinales,Podocarpaceae,Dacrydium
9850,Phyllocladus alpinus,Plants,Plantae,Tracheophyta,Pinopsida,Pinales,Podocarpaceae,Phyllocladus
9851,Phyllocladus trichomanoides,Plants,Plantae,Tracheophyta,Pinopsida,Pinales,Podocarpaceae,Phyllocladus
9852,Podocarpus laetus,Plants,Plantae,Tracheophyta,Pinopsida,Pinales,Podocarpaceae,Podocarpus
9853,Podocarpus totara,Plants,Plantae,Tracheophyta,Pinopsida,Pinales,Podocarpaceae,Podocarpus
9854,Prumnopitys ferruginea,Plants,Plantae,Tracheophyta,Pinopsida,Pinales,Podocarpaceae,Prumnopitys
9855,Prumnopitys taxifolia,Plants,Plantae,Tracheophyta,Pinopsida,Pinales,Podocarpaceae,Prumnopitys
9856,Taxus baccata,Plants,Plantae,Tracheophyta,Pinopsida,Pinales,Taxaceae,Taxus
9857,Taxus brevifolia,Plants,Plantae,Tracheophyta,Pinopsida,Pinales,Taxaceae,Taxus
9858,Taxus canadensis,Plants,Plantae,Tracheophyta,Pinopsida,Pinales,Taxaceae,Taxus
9859,Torreya californica,Plants,Plantae,Tracheophyta,Pinopsida,Pinales,Taxaceae,Torreya
9860,Cyathea dealbata,Plants,Plantae,Tracheophyta,Polypodiopsida,Cyatheales,Cyatheaceae,Cyathea
9861,Cyathea medullaris,Plants,Plantae,Tracheophyta,Polypodiopsida,Cyatheales,Cyatheaceae,Cyathea
9862,Cyathea smithii,Plants,Plantae,Tracheophyta,Polypodiopsida,Cyatheales,Cyatheaceae,Cyathea
9863,Dicksonia antarctica,Plants,Plantae,Tracheophyta,Polypodiopsida,Cyatheales,Dicksoniaceae,Dicksonia
9864,Dicksonia fibrosa,Plants,Plantae,Tracheophyta,Polypodiopsida,Cyatheales,Dicksoniaceae,Dicksonia
9865,Dicksonia squarrosa,Plants,Plantae,Tracheophyta,Polypodiopsida,Cyatheales,Dicksoniaceae,Dicksonia
9866,Equisetum arvense,Plants,Plantae,Tracheophyta,Polypodiopsida,Equisetales,Equisetaceae,Equisetum
9867,Equisetum fluviatile,Plants,Plantae,Tracheophyta,Polypodiopsida,Equisetales,Equisetaceae,Equisetum
9868,Equisetum hyemale,Plants,Plantae,Tracheophyta,Polypodiopsida,Equisetales,Equisetaceae,Equisetum
9869,Equisetum laevigatum,Plants,Plantae,Tracheophyta,Polypodiopsida,Equisetales,Equisetaceae,Equisetum
9870,Equisetum pratense,Plants,Plantae,Tracheophyta,Polypodiopsida,Equisetales,Equisetaceae,Equisetum
9871,Equisetum ramosissimum,Plants,Plantae,Tracheophyta,Polypodiopsida,Equisetales,Equisetaceae,Equisetum
9872,Equisetum scirpoides,Plants,Plantae,Tracheophyta,Polypodiopsida,Equisetales,Equisetaceae,Equisetum
9873,Equisetum sylvaticum,Plants,Plantae,Tracheophyta,Polypodiopsida,Equisetales,Equisetaceae,Equisetum
9874,Equisetum telmateia,Plants,Plantae,Tracheophyta,Polypodiopsida,Equisetales,Equisetaceae,Equisetum
9875,Equisetum variegatum,Plants,Plantae,Tracheophyta,Polypodiopsida,Equisetales,Equisetaceae,Equisetum
9876,Dicranopteris linearis,Plants,Plantae,Tracheophyta,Polypodiopsida,Gleicheniales,Gleicheniaceae,Dicranopteris
9877,Gleichenia dicarpa,Plants,Plantae,Tracheophyta,Polypodiopsida,Gleicheniales,Gleicheniaceae,Gleichenia
9878,Sticherus cunninghamii,Plants,Plantae,Tracheophyta,Polypodiopsida,Gleicheniales,Gleicheniaceae,Sticherus
9879,Hymenophyllum demissum,Plants,Plantae,Tracheophyta,Polypodiopsida,Hymenophyllales,Hymenophyllaceae,Hymenophyllum
9880,Hymenophyllum flabellatum,Plants,Plantae,Tracheophyta,Polypodiopsida,Hymenophyllales,Hymenophyllaceae,Hymenophyllum
9881,Hymenophyllum nephrophyllum,Plants,Plantae,Tracheophyta,Polypodiopsida,Hymenophyllales,Hymenophyllaceae,Hymenophyllum
9882,Trichomanes venosum,Plants,Plantae,Tracheophyta,Polypodiopsida,Hymenophyllales,Hymenophyllaceae,Trichomanes
9883,Botrychium lunaria,Plants,Plantae,Tracheophyta,Polypodiopsida,Ophioglossales,Ophioglossaceae,Botrychium
9884,Botrypus virginianus,Plants,Plantae,Tracheophyta,Polypodiopsida,Ophioglossales,Ophioglossaceae,Botrypus
9885,Sceptridium dissectum,Plants,Plantae,Tracheophyta,Polypodiopsida,Ophioglossales,Ophioglossaceae,Sceptridium
9886,Sceptridium multifidum,Plants,Plantae,Tracheophyta,Polypodiopsida,Ophioglossales,Ophioglossaceae,Sceptridium
9887,Leptopteris hymenophylloides,Plants,Plantae,Tracheophyta,Polypodiopsida,Osmundales,Osmundaceae,Leptopteris
9888,Osmunda claytoniana,Plants,Plantae,Tracheophyta,Polypodiopsida,Osmundales,Osmundaceae,Osmunda
9889,Osmunda regalis,Plants,Plantae,Tracheophyta,Polypodiopsida,Osmundales,Osmundaceae,Osmunda
9890,Osmundastrum cinnamomeum,Plants,Plantae,Tracheophyta,Polypodiopsida,Osmundales,Osmundaceae,Osmundastrum
9891,Asplenium appendiculatum,Plants,Plantae,Tracheophyta,Polypodiopsida,Polypodiales,Aspleniaceae,Asplenium
9892,Asplenium bulbiferum,Plants,Plantae,Tracheophyta,Polypodiopsida,Polypodiales,Aspleniaceae,Asplenium
9893,Asplenium ceterach,Plants,Plantae,Tracheophyta,Polypodiopsida,Polypodiales,Aspleniaceae,Asplenium
9894,Asplenium flabellifolium,Plants,Plantae,Tracheophyta,Polypodiopsida,Polypodiales,Aspleniaceae,Asplenium
9895,Asplenium flaccidum,Plants,Plantae,Tracheophyta,Polypodiopsida,Polypodiales,Aspleniaceae,Asplenium
9896,Asplenium gracillimum,Plants,Plantae,Tracheophyta,Polypodiopsida,Polypodiales,Aspleniaceae,Asplenium
9897,Asplenium hookerianum,Plants,Plantae,Tracheophyta,Polypodiopsida,Polypodiales,Aspleniaceae,Asplenium
9898,Asplenium montanum,Plants,Plantae,Tracheophyta,Polypodiopsida,Polypodiales,Aspleniaceae,Asplenium
9899,Asplenium nidus,Plants,Plantae,Tracheophyta,Polypodiopsida,Polypodiales,Aspleniaceae,Asplenium
9900,Asplenium oblongifolium,Plants,Plantae,Tracheophyta,Polypodiopsida,Polypodiales,Aspleniaceae,Asplenium
9901,Asplenium platyneuron,Plants,Plantae,Tracheophyta,Polypodiopsida,Polypodiales,Aspleniaceae,Asplenium
9902,Asplenium polyodon,Plants,Plantae,Tracheophyta,Polypodiopsida,Polypodiales,Aspleniaceae,Asplenium
9903,Asplenium rhizophyllum,Plants,Plantae,Tracheophyta,Polypodiopsida,Polypodiales,Aspleniaceae,Asplenium
9904,Asplenium ruta-muraria,Plants,Plantae,Tracheophyta,Polypodiopsida,Polypodiales,Aspleniaceae,Asplenium
9905,Asplenium scolopendrium,Plants,Plantae,Tracheophyta,Polypodiopsida,Polypodiales,Aspleniaceae,Asplenium
9906,Asplenium trichomanes,Plants,Plantae,Tracheophyta,Polypodiopsida,Polypodiales,Aspleniaceae,Asplenium
9907,Asplenium viride,Plants,Plantae,Tracheophyta,Polypodiopsida,Polypodiales,Aspleniaceae,Asplenium
9908,Athyrium angustum,Plants,Plantae,Tracheophyta,Polypodiopsida,Polypodiales,Athyriaceae,Athyrium
9909,Athyrium filix-femina,Plants,Plantae,Tracheophyta,Polypodiopsida,Polypodiales,Athyriaceae,Athyrium
9910,Deparia acrostichoides,Plants,Plantae,Tracheophyta,Polypodiopsida,Polypodiales,Athyriaceae,Deparia
9911,Blechnum chambersii,Plants,Plantae,Tracheophyta,Polypodiopsida,Polypodiales,Blechnaceae,Blechnum
9912,Blechnum filiforme,Plants,Plantae,Tracheophyta,Polypodiopsida,Polypodiales,Blechnaceae,Blechnum
9913,Blechnum novae-zelandiae,Plants,Plantae,Tracheophyta,Polypodiopsida,Polypodiales,Blechnaceae,Blechnum
9914,Blechnum parrisiae,Plants,Plantae,Tracheophyta,Polypodiopsida,Polypodiales,Blechnaceae,Blechnum
9915,Blechnum penna-marina,Plants,Plantae,Tracheophyta,Polypodiopsida,Polypodiales,Blechnaceae,Blechnum
9916,Blechnum procerum,Plants,Plantae,Tracheophyta,Polypodiopsida,Polypodiales,Blechnaceae,Blechnum
9917,Cranfillia fluviatilis,Plants,Plantae,Tracheophyta,Polypodiopsida,Polypodiales,Blechnaceae,Cranfillia
9918,Lomaria discolor,Plants,Plantae,Tracheophyta,Polypodiopsida,Polypodiales,Blechnaceae,Lomaria
9919,Struthiopteris spicant,Plants,Plantae,Tracheophyta,Polypodiopsida,Polypodiales,Blechnaceae,Struthiopteris
9920,Telmatoblechnum serrulatum,Plants,Plantae,Tracheophyta,Polypodiopsida,Polypodiales,Blechnaceae,Telmatoblechnum
9921,Woodwardia areolata,Plants,Plantae,Tracheophyta,Polypodiopsida,Polypodiales,Blechnaceae,Woodwardia
9922,Woodwardia fimbriata,Plants,Plantae,Tracheophyta,Polypodiopsida,Polypodiales,Blechnaceae,Woodwardia
9923,Woodwardia virginica,Plants,Plantae,Tracheophyta,Polypodiopsida,Polypodiales,Blechnaceae,Woodwardia
9924,Cystopteris bulbifera,Plants,Plantae,Tracheophyta,Polypodiopsida,Polypodiales,Cystopteridaceae,Cystopteris
9925,Cystopteris fragilis,Plants,Plantae,Tracheophyta,Polypodiopsida,Polypodiales,Cystopteridaceae,Cystopteris
9926,Cystopteris protrusa,Plants,Plantae,Tracheophyta,Polypodiopsida,Polypodiales,Cystopteridaceae,Cystopteris
9927,Gymnocarpium dryopteris,Plants,Plantae,Tracheophyta,Polypodiopsida,Polypodiales,Cystopteridaceae,Gymnocarpium
9928,Dennstaedtia punctilobula,Plants,Plantae,Tracheophyta,Polypodiopsida,Polypodiales,Dennstaedtiaceae,Dennstaedtia
9929,Histiopteris incisa,Plants,Plantae,Tracheophyta,Polypodiopsida,Polypodiales,Dennstaedtiaceae,Histiopteris
9930,Hypolepis ambigua,Plants,Plantae,Tracheophyta,Polypodiopsida,Polypodiales,Dennstaedtiaceae,Hypolepis
9931,Paesia scaberula,Plants,Plantae,Tracheophyta,Polypodiopsida,Polypodiales,Dennstaedtiaceae,Paesia
9932,Pteridium aquilinum,Plants,Plantae,Tracheophyta,Polypodiopsida,Polypodiales,Dennstaedtiaceae,Pteridium
9933,Pteridium esculentum,Plants,Plantae,Tracheophyta,Polypodiopsida,Polypodiales,Dennstaedtiaceae,Pteridium
9934,Pteridium pinetorum,Plants,Plantae,Tracheophyta,Polypodiopsida,Polypodiales,Dennstaedtiaceae,Pteridium
9935,Homalosorus pycnocarpos,Plants,Plantae,Tracheophyta,Polypodiopsida,Polypodiales,Diplaziopsidaceae,Homalosorus
9936,Cyrtomium falcatum,Plants,Plantae,Tracheophyta,Polypodiopsida,Polypodiales,Dryopteridaceae,Cyrtomium
9937,Dryopteris arguta,Plants,Plantae,Tracheophyta,Polypodiopsida,Polypodiales,Dryopteridaceae,Dryopteris
9938,Dryopteris carthusiana,Plants,Plantae,Tracheophyta,Polypodiopsida,Polypodiales,Dryopteridaceae,Dryopteris
9939,Dryopteris cristata,Plants,Plantae,Tracheophyta,Polypodiopsida,Polypodiales,Dryopteridaceae,Dryopteris
9940,Dryopteris expansa,Plants,Plantae,Tracheophyta,Polypodiopsida,Polypodiales,Dryopteridaceae,Dryopteris
9941,Dryopteris filix-mas,Plants,Plantae,Tracheophyta,Polypodiopsida,Polypodiales,Dryopteridaceae,Dryopteris
9942,Dryopteris fragrans,Plants,Plantae,Tracheophyta,Polypodiopsida,Polypodiales,Dryopteridaceae,Dryopteris
9943,Dryopteris intermedia,Plants,Plantae,Tracheophyta,Polypodiopsida,Polypodiales,Dryopteridaceae,Dryopteris
9944,Dryopteris marginalis,Plants,Plantae,Tracheophyta,Polypodiopsida,Polypodiales,Dryopteridaceae,Dryopteris
9945,Polystichum acrostichoides,Plants,Plantae,Tracheophyta,Polypodiopsida,Polypodiales,Dryopteridaceae,Polystichum
9946,Polystichum lonchitis,Plants,Plantae,Tracheophyta,Polypodiopsida,Polypodiales,Dryopteridaceae,Polystichum
9947,Polystichum munitum,Plants,Plantae,Tracheophyta,Polypodiopsida,Polypodiales,Dryopteridaceae,Polystichum
9948,Polystichum neozelandicum,Plants,Plantae,Tracheophyta,Polypodiopsida,Polypodiales,Dryopteridaceae,Polystichum
9949,Polystichum vestitum,Plants,Plantae,Tracheophyta,Polypodiopsida,Polypodiales,Dryopteridaceae,Polystichum
9950,Rumohra adiantiformis,Plants,Plantae,Tracheophyta,Polypodiopsida,Polypodiales,Dryopteridaceae,Rumohra
9951,Nephrolepis cordifolia,Plants,Plantae,Tracheophyta,Polypodiopsida,Polypodiales,Nephrolepidaceae,Nephrolepis
9952,Matteuccia struthiopteris,Plants,Plantae,Tracheophyta,Polypodiopsida,Polypodiales,Onocleaceae,Matteuccia
9953,Onoclea sensibilis,Plants,Plantae,Tracheophyta,Polypodiopsida,Polypodiales,Onocleaceae,Onoclea
9954,Microsorum pustulatum,Plants,Plantae,Tracheophyta,Polypodiopsida,Polypodiales,Polypodiaceae,Microsorum
9955,Microsorum scandens,Plants,Plantae,Tracheophyta,Polypodiopsida,Polypodiales,Polypodiaceae,Microsorum
9956,Notogrammitis heterophylla,Plants,Plantae,Tracheophyta,Polypodiopsida,Polypodiales,Polypodiaceae,Notogrammitis
9957,Phlebodium aureum,Plants,Plantae,Tracheophyta,Polypodiopsida,Polypodiales,Polypodiaceae,Phlebodium
9958,Pleopeltis michauxiana,Plants,Plantae,Tracheophyta,Polypodiopsida,Polypodiales,Polypodiaceae,Pleopeltis
9959,Polypodium californicum,Plants,Plantae,Tracheophyta,Polypodiopsida,Polypodiales,Polypodiaceae,Polypodium
9960,Polypodium glycyrrhiza,Plants,Plantae,Tracheophyta,Polypodiopsida,Polypodiales,Polypodiaceae,Polypodium
9961,Polypodium scouleri,Plants,Plantae,Tracheophyta,Polypodiopsida,Polypodiales,Polypodiaceae,Polypodium
9962,Polypodium virginianum,Plants,Plantae,Tracheophyta,Polypodiopsida,Polypodiales,Polypodiaceae,Polypodium
9963,Polypodium vulgare,Plants,Plantae,Tracheophyta,Polypodiopsida,Polypodiales,Polypodiaceae,Polypodium
9964,Pyrrosia eleagnifolia,Plants,Plantae,Tracheophyta,Polypodiopsida,Polypodiales,Polypodiaceae,Pyrrosia
9965,Acrostichum danaeifolium,Plants,Plantae,Tracheophyta,Polypodiopsida,Polypodiales,Pteridaceae,Acrostichum
9966,Adiantum aleuticum,Plants,Plantae,Tracheophyta,Polypodiopsida,Polypodiales,Pteridaceae,Adiantum
9967,Adiantum capillus-veneris,Plants,Plantae,Tracheophyta,Polypodiopsida,Polypodiales,Pteridaceae,Adiantum
9968,Adiantum cunninghamii,Plants,Plantae,Tracheophyta,Polypodiopsida,Polypodiales,Pteridaceae,Adiantum
9969,Adiantum hispidulum,Plants,Plantae,Tracheophyta,Polypodiopsida,Polypodiales,Pteridaceae,Adiantum
9970,Adiantum jordanii,Plants,Plantae,Tracheophyta,Polypodiopsida,Polypodiales,Pteridaceae,Adiantum
9971,Adiantum pedatum,Plants,Plantae,Tracheophyta,Polypodiopsida,Polypodiales,Pteridaceae,Adiantum
9972,Aspidotis densa,Plants,Plantae,Tracheophyta,Polypodiopsida,Polypodiales,Pteridaceae,Aspidotis
9973,Astrolepis sinuata,Plants,Plantae,Tracheophyta,Polypodiopsida,Polypodiales,Pteridaceae,Astrolepis
9974,Cryptogramma acrostichoides,Plants,Plantae,Tracheophyta,Polypodiopsida,Polypodiales,Pteridaceae,Cryptogramma
9975,Myriopteris alabamensis,Plants,Plantae,Tracheophyta,Polypodiopsida,Polypodiales,Pteridaceae,Myriopteris
9976,Myriopteris aurea,Plants,Plantae,Tracheophyta,Polypodiopsida,Polypodiales,Pteridaceae,Myriopteris
9977,Myriopteris parryi,Plants,Plantae,Tracheophyta,Polypodiopsida,Polypodiales,Pteridaceae,Myriopteris
9978,Pellaea andromedifolia,Plants,Plantae,Tracheophyta,Polypodiopsida,Polypodiales,Pteridaceae,Pellaea
9979,Pellaea atropurpurea,Plants,Plantae,Tracheophyta,Polypodiopsida,Polypodiales,Pteridaceae,Pellaea
9980,Pellaea glabella,Plants,Plantae,Tracheophyta,Polypodiopsida,Polypodiales,Pteridaceae,Pellaea
9981,Pellaea mucronata,Plants,Plantae,Tracheophyta,Polypodiopsida,Polypodiales,Pteridaceae,Pellaea
9982,Pellaea rotundifolia,Plants,Plantae,Tracheophyta,Polypodiopsida,Polypodiales,Pteridaceae,Pellaea
9983,Pentagramma triangularis,Plants,Plantae,Tracheophyta,Polypodiopsida,Polypodiales,Pteridaceae,Pentagramma
9984,Pteris cretica,Plants,Plantae,Tracheophyta,Polypodiopsida,Polypodiales,Pteridaceae,Pteris
9985,Pteris macilenta,Plants,Plantae,Tracheophyta,Polypodiopsida,Polypodiales,Pteridaceae,Pteris
9986,Pteris tremula,Plants,Plantae,Tracheophyta,Polypodiopsida,Polypodiales,Pteridaceae,Pteris
9987,Pteris vittata,Plants,Plantae,Tracheophyta,Polypodiopsida,Polypodiales,Pteridaceae,Pteris
9988,Parathelypteris noveboracensis,Plants,Plantae,Tracheophyta,Polypodiopsida,Polypodiales,Thelypteridaceae,Parathelypteris
9989,Phegopteris connectilis,Plants,Plantae,Tracheophyta,Polypodiopsida,Polypodiales,Thelypteridaceae,Phegopteris
9990,Phegopteris hexagonoptera,Plants,Plantae,Tracheophyta,Polypodiopsida,Polypodiales,Thelypteridaceae,Phegopteris
9991,Pneumatopteris pennigera,Plants,Plantae,Tracheophyta,Polypodiopsida,Polypodiales,Thelypteridaceae,Pneumatopteris
9992,Thelypteris palustris,Plants,Plantae,Tracheophyta,Polypodiopsida,Polypodiales,Thelypteridaceae,Thelypteris
9993,Woodsia ilvensis,Plants,Plantae,Tracheophyta,Polypodiopsida,Polypodiales,Woodsiaceae,Woodsia
9994,Woodsia obtusa,Plants,Plantae,Tracheophyta,Polypodiopsida,Polypodiales,Woodsiaceae,Woodsia
9995,Psilotum nudum,Plants,Plantae,Tracheophyta,Polypodiopsida,Psilotales,Psilotaceae,Psilotum
9996,Tmesipteris elongata,Plants,Plantae,Tracheophyta,Polypodiopsida,Psilotales,Psilotaceae,Tmesipteris
9997,Azolla filiculoides,Plants,Plantae,Tracheophyta,Polypodiopsida,Salviniales,Salviniaceae,Azolla
9998,Salvinia minima,Plants,Plantae,Tracheophyta,Polypodiopsida,Salviniales,Salviniaceae,Salvinia
9999,Lygodium japonicum,Plants,Plantae,Tracheophyta,Polypodiopsida,Schizaeales,Lygodiaceae,Lygodium
